file_path,texture_name,lang_hints
SATranslation/system/A_HEAD.PVM,atx_hada,
SATranslation/system/A_HEAD.PVM,atx_pink0,
SATranslation/system/A_HEAD.PVM,mtx_kuchinaka0,
SATranslation/system/A_HEAD.PVM,mtx_kuchinaka1,
SATranslation/system/A_HEAD.PVM,stx_hanasaki,
SATranslation/system/A_MASTER.PVM,atx_hada,
SATranslation/system/A_MASTER.PVM,alltx_dwhite,
SATranslation/system/A_MASTER.PVM,atx_eri,
SATranslation/system/A_MASTER.PVM,atx_eye00,
SATranslation/system/A_MASTER.PVM,atx_fuku0,
SATranslation/system/A_MASTER.PVM,atx_fuku1,
SATranslation/system/A_MASTER.PVM,atx_fuku2,
SATranslation/system/A_MASTER.PVM,atx_fuku3,
SATranslation/system/A_MASTER.PVM,atx_fuku4,
SATranslation/system/A_MASTER.PVM,a_weye,
SATranslation/system/A_MASTER.PVM,atx_inner0,
SATranslation/system/A_MASTER.PVM,atx_kazari,
SATranslation/system/A_MASTER.PVM,atx_kutu0,
SATranslation/system/A_MASTER.PVM,atx_kutu1,
SATranslation/system/A_MASTER.PVM,atx_kutu2,
SATranslation/system/A_MASTER.PVM,atx_kutu3,
SATranslation/system/A_MASTER.PVM,atx_kutu4,
SATranslation/system/A_MASTER.PVM,atx_kutuzoko0,
SATranslation/system/A_MASTER.PVM,atx_kutuzoko1,
SATranslation/system/A_MASTER.PVM,atx_pink0,
SATranslation/system/A_MASTER.PVM,atx_ring,
SATranslation/system/A_MASTER.PVM,s_hando2,
SATranslation/system/A_MASTER.PVM,s_testhand,
SATranslation/system/ADV_EC00.PVM,eca_funb,
SATranslation/system/ADV_EC00.PVM,eca_s_banal,
SATranslation/system/ADV_EC00.PVM,eca_s_banb,
SATranslation/system/ADV_EC00.PVM,eca_s_bwa,
SATranslation/system/ADV_EC00.PVM,eca_s_bwb,
SATranslation/system/ADV_EC00.PVM,eca_s_cona,
SATranslation/system/ADV_EC00.PVM,eca_s_drill,
SATranslation/system/ADV_EC00.PVM,eca_s_gold,
SATranslation/system/ADV_EC00.PVM,eca_s_gra,
SATranslation/system/ADV_EC00.PVM,eca_s_grb,
SATranslation/system/ADV_EC00.PVM,eca_s_grc,
SATranslation/system/ADV_EC00.PVM,eca_s_grd,
SATranslation/system/ADV_EC00.PVM,eca_s_gre,
SATranslation/system/ADV_EC00.PVM,eca_s_grh,
SATranslation/system/ADV_EC00.PVM,eca_s_gro,
SATranslation/system/ADV_EC00.PVM,eca_s_gya,
SATranslation/system/ADV_EC00.PVM,eca_s_hasi,
SATranslation/system/ADV_EC00.PVM,eca_s_kawa,
SATranslation/system/ADV_EC00.PVM,eca_s_kikb,
SATranslation/system/ADV_EC00.PVM,eca_s_mado,
SATranslation/system/ADV_EC00.PVM,eca_s_pla,
SATranslation/system/ADV_EC00.PVM,eca_s_raillt,
SATranslation/system/ADV_EC00.PVM,eca_s_sitya,
SATranslation/system/ADV_EC00.PVM,eca_s_sityb,
SATranslation/system/ADV_EC00.PVM,eca_s_sityc,
SATranslation/system/ADV_EC00.PVM,eca_s_whi,
SATranslation/system/ADV_EC00.PVM,eca_s_whib,
SATranslation/system/ADV_EC00.PVM,eca_s_whta,
SATranslation/system/ADV_EC00.PVM,eca_s_whtb,
SATranslation/system/ADV_EC00.PVM,eca_s_wood,
SATranslation/system/ADV_EC00.PVM,eca_s_yuka,
SATranslation/system/ADV_EC00.PVM,ecf_funa,
SATranslation/system/ADV_EC00.PVM,ecf_s_aka,
SATranslation/system/ADV_EC00.PVM,ecf_s_egga,
SATranslation/system/ADV_EC00.PVM,ecf_s_eggb,
SATranslation/system/ADV_EC00.PVM,ecf_s_gla,
SATranslation/system/ADV_EC00.PVM,ecf_s_glb,
SATranslation/system/ADV_EC00.PVM,ecf_s_glc,
SATranslation/system/ADV_EC00.PVM,ecf_s_gld,
SATranslation/system/ADV_EC00.PVM,ecf_s_gle,
SATranslation/system/ADV_EC00.PVM,ecf_s_glg,
SATranslation/system/ADV_EC00.PVM,ecf_s_glh,
SATranslation/system/ADV_EC00.PVM,ecf_s_gra,
SATranslation/system/ADV_EC00.PVM,ecf_s_gya,
SATranslation/system/ADV_EC00.PVM,ecf_s_inta,
SATranslation/system/ADV_EC00.PVM,ecf_s_intb,
SATranslation/system/ADV_EC00.PVM,ecf_s_kib,
SATranslation/system/ADV_EC00.PVM,ecf_s_kic,
SATranslation/system/ADV_EC00.PVM,ecf_s_kid,
SATranslation/system/ADV_EC00.PVM,ecf_s_wina,
SATranslation/system/ADV_EC00.PVM,edb_o_thone04,
SATranslation/system/ADV_EC00.PVM,edc_k_display,
SATranslation/system/ADV_EC00.PVM,edc_k_hliftright,
SATranslation/system/ADV_EC00.PVM,edc_k_jrokalight,
SATranslation/system/ADV_EC00.PVM,edc_k_jtutu4,
SATranslation/system/ADV_EC00.PVM,edc_k_kabe8,
SATranslation/system/ADV_EC00.PVM,edc_n_hasi,
SATranslation/system/ADV_EC00.PVM,edc_n_hasira3,
SATranslation/system/ADV_EC00.PVM,edc_n_kabe11,
SATranslation/system/ADV_EC00.PVM,edc_n_kabe13,
SATranslation/system/ADV_EC00.PVM,edc_n_kabe4,
SATranslation/system/ADV_EC00.PVM,edc_n_kabe5,
SATranslation/system/ADV_EC00.PVM,edc_n_kabe6,
SATranslation/system/ADV_EC00.PVM,edc_n_tank3,
SATranslation/system/ADV_EC00.PVM,edc_n_tank9,
SATranslation/system/ADV_EC00.PVM,edc_n_uturi,
SATranslation/system/ADV_EC00.PVM,edc_n_yane2,
SATranslation/system/ADV_EC00.PVM,edv_n_kabe10,
SATranslation/system/ADV_EC00.PVM,edv_n_yuka09,
SATranslation/system/ADV_EC00.PVM,edv_n_yuka12,
SATranslation/system/ADV_EC00.PVM,era_k_kikb,
SATranslation/system/ADV_EC00.PVM,era_s_covc,
SATranslation/system/ADV_EC00.PVM,era_s_enmd,
SATranslation/system/ADV_EC00.PVM,era_s_enus,
SATranslation/system/ADV_EC00.PVM,era_s_gola,
SATranslation/system/ADV_EC00.PVM,era_s_guna,
SATranslation/system/ADV_EC00.PVM,era_s_inta,
SATranslation/system/ADV_EC00.PVM,era_s_intb,
SATranslation/system/ADV_EC00.PVM,era_s_knpa,
SATranslation/system/ADV_EC00.PVM,era_s_knpb,
SATranslation/system/ADV_EC00.PVM,era_s_kuro,
SATranslation/system/ADV_EC00.PVM,era_s_okb,
SATranslation/system/ADV_EC00.PVM,era_s_oke,
SATranslation/system/ADV_EC00.PVM,era_s_okf,
SATranslation/system/ADV_EC00.PVM,era_s_tenc,
SATranslation/system/ADV_EC00.PVM,era_s_tend,
SATranslation/system/ADV_EC00.PVM,era_s_wakua,
SATranslation/system/ADV_EC00.PVM,gamewaku,
SATranslation/system/ADV_EC00.PVM,k_hasimoto001,
SATranslation/system/ADV_EC00.PVM,k_hfin,
SATranslation/system/ADV_EC00.PVM,k_hhashi01,
SATranslation/system/ADV_EC00.PVM,k_hkabe006,
SATranslation/system/ADV_EC00.PVM,k_hkaidan001,
SATranslation/system/ADV_EC00.PVM,k_hkuti2,
SATranslation/system/ADV_EC00.PVM,k_hshuter,
SATranslation/system/ADV_EC00.PVM,eca_s_doma,
SATranslation/system/ADV_EC00.PVM,salt_tev00_00,
SATranslation/system/ADV_EC00.PVM,salt_tev01_00,
SATranslation/system/ADV_EC00.PVM,salt_tev02,
SATranslation/system/ADV_EC01.PVM,eca_funb,
SATranslation/system/ADV_EC01.PVM,eca_s_banal,
SATranslation/system/ADV_EC01.PVM,eca_s_bwa,
SATranslation/system/ADV_EC01.PVM,eca_s_drill,
SATranslation/system/ADV_EC01.PVM,eca_s_gold,
SATranslation/system/ADV_EC01.PVM,eca_s_gra,
SATranslation/system/ADV_EC01.PVM,eca_s_grb,
SATranslation/system/ADV_EC01.PVM,eca_s_grc,
SATranslation/system/ADV_EC01.PVM,eca_s_grd,
SATranslation/system/ADV_EC01.PVM,eca_s_gre,
SATranslation/system/ADV_EC01.PVM,eca_s_grh,
SATranslation/system/ADV_EC01.PVM,eca_s_gro,
SATranslation/system/ADV_EC01.PVM,eca_s_gya,
SATranslation/system/ADV_EC01.PVM,eca_s_kikb,
SATranslation/system/ADV_EC01.PVM,eca_s_mado,
SATranslation/system/ADV_EC01.PVM,eca_s_raillt,
SATranslation/system/ADV_EC01.PVM,eca_s_sitya,
SATranslation/system/ADV_EC01.PVM,eca_s_sityb,
SATranslation/system/ADV_EC01.PVM,eca_s_sityc,
SATranslation/system/ADV_EC01.PVM,eca_s_whi,
SATranslation/system/ADV_EC01.PVM,eca_s_whib,
SATranslation/system/ADV_EC01.PVM,eca_s_whta,
SATranslation/system/ADV_EC01.PVM,eca_s_whtb,
SATranslation/system/ADV_EC01.PVM,eca_s_wood,
SATranslation/system/ADV_EC01.PVM,eca_s_yuka,
SATranslation/system/ADV_EC01.PVM,ecf_funa,
SATranslation/system/ADV_EC01.PVM,ecf_s_aka,
SATranslation/system/ADV_EC01.PVM,ecf_s_egga,
SATranslation/system/ADV_EC01.PVM,ecf_s_eggb,
SATranslation/system/ADV_EC01.PVM,ecf_s_gla,
SATranslation/system/ADV_EC01.PVM,ecf_s_glb,
SATranslation/system/ADV_EC01.PVM,ecf_s_glc,
SATranslation/system/ADV_EC01.PVM,ecf_s_gld,
SATranslation/system/ADV_EC01.PVM,ecf_s_gle,
SATranslation/system/ADV_EC01.PVM,ecf_s_glf,
SATranslation/system/ADV_EC01.PVM,ecf_s_glg,
SATranslation/system/ADV_EC01.PVM,ecf_s_glh,
SATranslation/system/ADV_EC01.PVM,ecf_s_gra,
SATranslation/system/ADV_EC01.PVM,ecf_s_gya,
SATranslation/system/ADV_EC01.PVM,ecf_s_inta,
SATranslation/system/ADV_EC01.PVM,ecf_s_intb,
SATranslation/system/ADV_EC01.PVM,ecf_s_kib,
SATranslation/system/ADV_EC01.PVM,ecf_s_kic,
SATranslation/system/ADV_EC01.PVM,ecf_s_kid,
SATranslation/system/ADV_EC01.PVM,ecf_s_wina,
SATranslation/system/ADV_EC01.PVM,edb_o_thone04,
SATranslation/system/ADV_EC01.PVM,edc_k_display,
SATranslation/system/ADV_EC01.PVM,edc_k_hliftright,
SATranslation/system/ADV_EC01.PVM,edc_k_jrokalight,
SATranslation/system/ADV_EC01.PVM,edc_k_jtutu4,
SATranslation/system/ADV_EC01.PVM,edc_k_kabe8,
SATranslation/system/ADV_EC01.PVM,edc_n_hasi,
SATranslation/system/ADV_EC01.PVM,edc_n_hasira3,
SATranslation/system/ADV_EC01.PVM,edc_n_kabe11,
SATranslation/system/ADV_EC01.PVM,edc_n_kabe4,
SATranslation/system/ADV_EC01.PVM,edc_n_kabe5,
SATranslation/system/ADV_EC01.PVM,edc_n_kabe6,
SATranslation/system/ADV_EC01.PVM,edc_n_tank3,
SATranslation/system/ADV_EC01.PVM,edc_n_tank9,
SATranslation/system/ADV_EC01.PVM,edc_n_uturi,
SATranslation/system/ADV_EC01.PVM,edc_n_yane2,
SATranslation/system/ADV_EC01.PVM,edv_n_yuka09,
SATranslation/system/ADV_EC01.PVM,edv_n_yuka12,
SATranslation/system/ADV_EC01.PVM,era_k_kikb,
SATranslation/system/ADV_EC01.PVM,era_s_covc,
SATranslation/system/ADV_EC01.PVM,era_s_enmd,
SATranslation/system/ADV_EC01.PVM,era_s_enus,
SATranslation/system/ADV_EC01.PVM,era_s_guna,
SATranslation/system/ADV_EC01.PVM,era_s_inta,
SATranslation/system/ADV_EC01.PVM,era_s_intb,
SATranslation/system/ADV_EC01.PVM,era_s_knpa,
SATranslation/system/ADV_EC01.PVM,era_s_knpb,
SATranslation/system/ADV_EC01.PVM,era_s_kuro,
SATranslation/system/ADV_EC01.PVM,era_s_oka,
SATranslation/system/ADV_EC01.PVM,era_s_okb,
SATranslation/system/ADV_EC01.PVM,era_s_oke,
SATranslation/system/ADV_EC01.PVM,era_s_okf,
SATranslation/system/ADV_EC01.PVM,era_s_tenb,
SATranslation/system/ADV_EC01.PVM,era_s_tenc,
SATranslation/system/ADV_EC01.PVM,era_s_tend,
SATranslation/system/ADV_EC01.PVM,era_s_wakua,
SATranslation/system/ADV_EC01.PVM,gamewaku,
SATranslation/system/ADV_EC01.PVM,k_hasimoto001,
SATranslation/system/ADV_EC01.PVM,k_hhashi01,
SATranslation/system/ADV_EC01.PVM,k_hkabe006,
SATranslation/system/ADV_EC01.PVM,k_hkaidan001,
SATranslation/system/ADV_EC01.PVM,k_hkuti2,
SATranslation/system/ADV_EC01.PVM,k_hshuter,
SATranslation/system/ADV_EC01.PVM,eca_s_doma,
SATranslation/system/ADV_EC01.PVM,salt_tev00_00,
SATranslation/system/ADV_EC01.PVM,salt_tev01_00,
SATranslation/system/ADV_EC01.PVM,salt_tev02,
SATranslation/system/ADV_EC02.PVM,eca_s_banal,
SATranslation/system/ADV_EC02.PVM,eca_s_banb,
SATranslation/system/ADV_EC02.PVM,eca_s_bwa,
SATranslation/system/ADV_EC02.PVM,eca_s_bwb,
SATranslation/system/ADV_EC02.PVM,eca_s_cona,
SATranslation/system/ADV_EC02.PVM,eca_s_drill,
SATranslation/system/ADV_EC02.PVM,eca_s_gra,
SATranslation/system/ADV_EC02.PVM,eca_s_grb,
SATranslation/system/ADV_EC02.PVM,eca_s_grd,
SATranslation/system/ADV_EC02.PVM,eca_s_gre,
SATranslation/system/ADV_EC02.PVM,eca_s_gya,
SATranslation/system/ADV_EC02.PVM,eca_s_hasi,
SATranslation/system/ADV_EC02.PVM,eca_s_kawa,
SATranslation/system/ADV_EC02.PVM,eca_s_kikb,
SATranslation/system/ADV_EC02.PVM,eca_s_mado,
SATranslation/system/ADV_EC02.PVM,eca_s_pla,
SATranslation/system/ADV_EC02.PVM,eca_s_sitya,
SATranslation/system/ADV_EC02.PVM,eca_s_sityb,
SATranslation/system/ADV_EC02.PVM,eca_s_whi,
SATranslation/system/ADV_EC02.PVM,eca_s_whib,
SATranslation/system/ADV_EC02.PVM,eca_s_whta,
SATranslation/system/ADV_EC02.PVM,eca_s_whtb,
SATranslation/system/ADV_EC02.PVM,eca_s_wood,
SATranslation/system/ADV_EC02.PVM,eca_s_yuka,
SATranslation/system/ADV_EC02.PVM,ecf_funa,
SATranslation/system/ADV_EC02.PVM,ecf_s_aka,
SATranslation/system/ADV_EC02.PVM,ecf_s_egga,
SATranslation/system/ADV_EC02.PVM,ecf_s_eggb,
SATranslation/system/ADV_EC02.PVM,ecf_s_gla,
SATranslation/system/ADV_EC02.PVM,ecf_s_glb,
SATranslation/system/ADV_EC02.PVM,ecf_s_glc,
SATranslation/system/ADV_EC02.PVM,ecf_s_gld,
SATranslation/system/ADV_EC02.PVM,ecf_s_gle,
SATranslation/system/ADV_EC02.PVM,ecf_s_glg,
SATranslation/system/ADV_EC02.PVM,ecf_s_glh,
SATranslation/system/ADV_EC02.PVM,ecf_s_gra,
SATranslation/system/ADV_EC02.PVM,ecf_s_gya,
SATranslation/system/ADV_EC02.PVM,ecf_s_inta,
SATranslation/system/ADV_EC02.PVM,ecf_s_intb,
SATranslation/system/ADV_EC02.PVM,ecf_s_kana,
SATranslation/system/ADV_EC02.PVM,ecf_s_kib,
SATranslation/system/ADV_EC02.PVM,ecf_s_kic,
SATranslation/system/ADV_EC02.PVM,ecf_s_kid,
SATranslation/system/ADV_EC02.PVM,ecf_s_wina,
SATranslation/system/ADV_EC02.PVM,ecf_s_yuka,
SATranslation/system/ADV_EC02.PVM,edc_n_hasi,
SATranslation/system/ADV_EC02.PVM,edc_n_kabe13,
SATranslation/system/ADV_EC02.PVM,edc_n_tank3,
SATranslation/system/ADV_EC02.PVM,era_s_a,
SATranslation/system/ADV_EC02.PVM,era_s_enmd,
SATranslation/system/ADV_EC02.PVM,era_s_enus,
SATranslation/system/ADV_EC02.PVM,era_s_guna,
SATranslation/system/ADV_EC02.PVM,era_s_intc,
SATranslation/system/ADV_EC02.PVM,era_s_knpb,
SATranslation/system/ADV_EC02.PVM,era_s_kuro,
SATranslation/system/ADV_EC02.PVM,era_s_okb,
SATranslation/system/ADV_EC02.PVM,era_s_oke,
SATranslation/system/ADV_EC02.PVM,era_s_okf,
SATranslation/system/ADV_EC02.PVM,era_s_tend,
SATranslation/system/ADV_EC02.PVM,era_s_wakua,
SATranslation/system/ADV_EC02.PVM,k_hfin,
SATranslation/system/ADV_EC02.PVM,k_hkabeami,
SATranslation/system/ADV_EC02.PVM,k_hkuti2,
SATranslation/system/ADV_EC02.PVM,edv_n_kabe10,
SATranslation/system/ADV_EC02.PVM,salt_tev00_00,
SATranslation/system/ADV_EC02.PVM,salt_tev01_00,
SATranslation/system/ADV_EC02.PVM,salt_tev02,
SATranslation/system/ADV_EC03.PVM,edv_n_kabe06,
SATranslation/system/ADV_EC03.PVM,era_s_a,
SATranslation/system/ADV_EC03.PVM,era_s_b,
SATranslation/system/ADV_EC03.PVM,era_s_bla,
SATranslation/system/ADV_EC03.PVM,era_s_blb,
SATranslation/system/ADV_EC03.PVM,era_s_c,
SATranslation/system/ADV_EC03.PVM,era_s_coca,
SATranslation/system/ADV_EC03.PVM,era_s_cocb,
SATranslation/system/ADV_EC03.PVM,era_s_cocc,
SATranslation/system/ADV_EC03.PVM,era_s_covf,
SATranslation/system/ADV_EC03.PVM,era_s_d,
SATranslation/system/ADV_EC03.PVM,era_s_enus,
SATranslation/system/ADV_EC03.PVM,era_s_grd,
SATranslation/system/ADV_EC03.PVM,era_s_gre,
SATranslation/system/ADV_EC03.PVM,era_s_grf,
SATranslation/system/ADV_EC03.PVM,era_s_inta,
SATranslation/system/ADV_EC03.PVM,era_s_intb,
SATranslation/system/ADV_EC03.PVM,era_s_intc,
SATranslation/system/ADV_EC03.PVM,era_s_kabb,
SATranslation/system/ADV_EC03.PVM,era_s_kabc,
SATranslation/system/ADV_EC03.PVM,era_s_kabd,
SATranslation/system/ADV_EC03.PVM,era_s_kabf,
SATranslation/system/ADV_EC03.PVM,era_s_kiken,
SATranslation/system/ADV_EC03.PVM,era_s_kuro,
SATranslation/system/ADV_EC03.PVM,era_s_light,
SATranslation/system/ADV_EC03.PVM,era_s_oka,
SATranslation/system/ADV_EC03.PVM,era_s_okb,
SATranslation/system/ADV_EC03.PVM,era_s_okc,
SATranslation/system/ADV_EC03.PVM,era_s_okd,
SATranslation/system/ADV_EC03.PVM,era_s_oke,
SATranslation/system/ADV_EC03.PVM,era_s_okf,
SATranslation/system/ADV_EC03.PVM,era_s_okg,
SATranslation/system/ADV_EC03.PVM,era_s_orea,
SATranslation/system/ADV_EC03.PVM,era_s_oreb,
SATranslation/system/ADV_EC03.PVM,era_s_orec,
SATranslation/system/ADV_EC03.PVM,era_s_pana,
SATranslation/system/ADV_EC03.PVM,era_s_panb,
SATranslation/system/ADV_EC03.PVM,era_s_rail,
SATranslation/system/ADV_EC03.PVM,era_s_tenb,
SATranslation/system/ADV_EC03.PVM,era_s_tenc,
SATranslation/system/ADV_EC03.PVM,era_s_tend,
SATranslation/system/ADV_EC03.PVM,era_s_tene,
SATranslation/system/ADV_EC03.PVM,era_s_wakua,
SATranslation/system/ADV_EC03.PVM,era_s_yuka,
SATranslation/system/ADV_EC03.PVM,era_s_yukb,
SATranslation/system/ADV_EC03.PVM,s_eca_s_gold,
SATranslation/system/ADV_EC03.PVM,eca_s_doma,
SATranslation/system/ADV_EC04.PVM,eca_s_drill,
SATranslation/system/ADV_EC04.PVM,eca_s_grh,
SATranslation/system/ADV_EC04.PVM,eca_s_kikb,
SATranslation/system/ADV_EC04.PVM,ecf_s_gld,
SATranslation/system/ADV_EC04.PVM,edb_o_ana,
SATranslation/system/ADV_EC04.PVM,edb_o_bo01,
SATranslation/system/ADV_EC04.PVM,edb_o_bo02,
SATranslation/system/ADV_EC04.PVM,edb_o_cros,
SATranslation/system/ADV_EC04.PVM,edb_o_hosi,
SATranslation/system/ADV_EC04.PVM,edb_o_isu01,
SATranslation/system/ADV_EC04.PVM,edb_o_isu02,
SATranslation/system/ADV_EC04.PVM,edb_o_isu03,
SATranslation/system/ADV_EC04.PVM,edb_o_isu04,
SATranslation/system/ADV_EC04.PVM,edb_o_jyu,
SATranslation/system/ADV_EC04.PVM,edb_o_kankyo,
SATranslation/system/ADV_EC04.PVM,edb_o_kankyo3,
SATranslation/system/ADV_EC04.PVM,edb_o_kanyo2,
SATranslation/system/ADV_EC04.PVM,edb_o_kao02,
SATranslation/system/ADV_EC04.PVM,edb_o_kawa01,
SATranslation/system/ADV_EC04.PVM,edb_o_kawa02,
SATranslation/system/ADV_EC04.PVM,edb_o_ligh01,
SATranslation/system/ADV_EC04.PVM,edb_o_maru01,
SATranslation/system/ADV_EC04.PVM,edb_o_maru02,
SATranslation/system/ADV_EC04.PVM,edb_o_rok01,
SATranslation/system/ADV_EC04.PVM,edb_o_rok02,
SATranslation/system/ADV_EC04.PVM,edb_o_tana01,
SATranslation/system/ADV_EC04.PVM,edb_o_tana02,
SATranslation/system/ADV_EC04.PVM,edb_o_ten01,
SATranslation/system/ADV_EC04.PVM,edb_o_ten02,
SATranslation/system/ADV_EC04.PVM,edb_o_ten03,
SATranslation/system/ADV_EC04.PVM,edb_o_ten05,
SATranslation/system/ADV_EC04.PVM,edb_o_ten06,
SATranslation/system/ADV_EC04.PVM,edb_o_ten07,
SATranslation/system/ADV_EC04.PVM,edb_o_ten09,
SATranslation/system/ADV_EC04.PVM,edb_o_ten10,
SATranslation/system/ADV_EC04.PVM,edb_o_ten11,
SATranslation/system/ADV_EC04.PVM,edb_o_ten12,
SATranslation/system/ADV_EC04.PVM,edb_o_ten13,
SATranslation/system/ADV_EC04.PVM,edb_o_ten14,
SATranslation/system/ADV_EC04.PVM,edb_o_teno4,
SATranslation/system/ADV_EC04.PVM,edb_o_tet03,
SATranslation/system/ADV_EC04.PVM,edb_o_thone01,
SATranslation/system/ADV_EC04.PVM,edb_o_thone02,
SATranslation/system/ADV_EC04.PVM,edb_o_thone03,
SATranslation/system/ADV_EC04.PVM,edb_o_thone04,
SATranslation/system/ADV_EC04.PVM,edb_o_tkab01,
SATranslation/system/ADV_EC04.PVM,edb_o_tkab02,
SATranslation/system/ADV_EC04.PVM,edb_o_tkab03,
SATranslation/system/ADV_EC04.PVM,edb_o_tkab04,
SATranslation/system/ADV_EC04.PVM,edb_o_tkab05,
SATranslation/system/ADV_EC04.PVM,edb_o_tkab06,
SATranslation/system/ADV_EC04.PVM,edb_o_tkab07,
SATranslation/system/ADV_EC04.PVM,edb_o_tkab08,
SATranslation/system/ADV_EC04.PVM,edb_o_tkab09,
SATranslation/system/ADV_EC04.PVM,edb_o_tkab10,
SATranslation/system/ADV_EC04.PVM,edb_o_tkab11,
SATranslation/system/ADV_EC04.PVM,edb_o_tkab12,
SATranslation/system/ADV_EC04.PVM,edb_o_tkab13,
SATranslation/system/ADV_EC04.PVM,edb_o_tkab14,
SATranslation/system/ADV_EC04.PVM,edb_o_tokei02,
SATranslation/system/ADV_EC04.PVM,edb_o_tokei03,
SATranslation/system/ADV_EC04.PVM,edb_o_tyuka01,
SATranslation/system/ADV_EC04.PVM,edb_o_tyuka02,
SATranslation/system/ADV_EC04.PVM,edb_tokei01,
SATranslation/system/ADV_EC04.PVM,edc_n_tank8,
SATranslation/system/ADV_EC04.PVM,edc_n_tank9,
SATranslation/system/ADV_EC04.PVM,edc_n_uturi,
SATranslation/system/ADV_EC04.PVM,edv_n_akakabe01,
SATranslation/system/ADV_EC04.PVM,edv_n_akakabe06,
SATranslation/system/ADV_EC04.PVM,edv_n_kabe06,
SATranslation/system/ADV_EC04.PVM,edv_n_yuka07,
SATranslation/system/ADV_EC04.PVM,era_s_gola,
SATranslation/system/ADV_EC04.PVM,era_s_light,
SATranslation/system/ADV_EC04.PVM,era_s_okc,
SATranslation/system/ADV_EC04.PVM,k_hhashi01,
SATranslation/system/ADV_EC04.PVM,k_tuekabe,
SATranslation/system/ADV_EC04.PVM,k_tuesasa,
SATranslation/system/ADV_EC04.PVM,era_s_kuro,
SATranslation/system/ADV_EC05.PVM,eca_s_gold,
SATranslation/system/ADV_EC05.PVM,eca_s_kikb,
SATranslation/system/ADV_EC05.PVM,eca_s_whta,
SATranslation/system/ADV_EC05.PVM,edb_o_isu04,
SATranslation/system/ADV_EC05.PVM,edb_o_kab01,
SATranslation/system/ADV_EC05.PVM,edb_o_kab03,
SATranslation/system/ADV_EC05.PVM,edb_o_kab04,
SATranslation/system/ADV_EC05.PVM,edb_o_kab05,
SATranslation/system/ADV_EC05.PVM,edb_o_kasa01,
SATranslation/system/ADV_EC05.PVM,edb_o_kasa02,
SATranslation/system/ADV_EC05.PVM,edb_o_ligh01,
SATranslation/system/ADV_EC05.PVM,edb_o_slot04,
SATranslation/system/ADV_EC05.PVM,edb_o_slot05,
SATranslation/system/ADV_EC05.PVM,edb_o_tet02,
SATranslation/system/ADV_EC05.PVM,edb_o_tet03,
SATranslation/system/ADV_EC05.PVM,edb_o_thone01,
SATranslation/system/ADV_EC05.PVM,edb_o_tkab01,
SATranslation/system/ADV_EC05.PVM,edb_o_tkab06,
SATranslation/system/ADV_EC05.PVM,edb_o_tkab12,
SATranslation/system/ADV_EC05.PVM,edc_n_garasu,
SATranslation/system/ADV_EC05.PVM,edc_n_uturi,
SATranslation/system/ADV_EC05.PVM,edv_kab02,
SATranslation/system/ADV_EC05.PVM,edv_n_yuka09,
SATranslation/system/ADV_EC05.PVM,era_s_a,
SATranslation/system/ADV_EC05.PVM,era_s_daic,
SATranslation/system/ADV_EC05.PVM,era_s_intb,
SATranslation/system/ADV_EC05.PVM,era_s_kuro,
SATranslation/system/ADV_EC05.PVM,era_s_tenc,
SATranslation/system/ADV_EC05.PVM,k_hkabeami,
SATranslation/system/ADV_EC05.PVM,k_tatayuka,
SATranslation/system/ADV_EC05.PVM,k_tkabe,
SATranslation/system/ADV_EC05.PVM,k_tmini,
SATranslation/system/ADV_EC05.PVM,k_tsgamewaku,
SATranslation/system/ADV_EC05.PVM,k_tuekabe,
SATranslation/system/ADV_EC05.PVM,o_kabe01,
SATranslation/system/ADV_EC05.PVM,o_kabe02,
SATranslation/system/ADV_EC05.PVM,o_pool01,
SATranslation/system/ADV_EC05.PVM,o_pool02,
SATranslation/system/ADV_EC05.PVM,o_pool03,
SATranslation/system/ADV_EC05.PVM,o_shat,
SATranslation/system/ADV_EC05.PVM,o_yuka01,
SATranslation/system/ADV_EC05.PVM,o_yuka02,
SATranslation/system/ADV_EC05.PVM,s_los_wt00,
SATranslation/system/ADV_EC05.PVM,o_yuka03,
SATranslation/system/ADV_EC30.PVM,edb_o_slot05,
SATranslation/system/ADV_EC30.PVM,edc_k_display,
SATranslation/system/ADV_EC30.PVM,edc_n_bo,
SATranslation/system/ADV_EC30.PVM,edc_n_bor,
SATranslation/system/ADV_EC30.PVM,edc_n_hasi,
SATranslation/system/ADV_EC30.PVM,edc_n_hasira3,
SATranslation/system/ADV_EC30.PVM,edc_n_kabe1,
SATranslation/system/ADV_EC30.PVM,edc_n_kabe10,
SATranslation/system/ADV_EC30.PVM,edc_n_kabe11,
SATranslation/system/ADV_EC30.PVM,edc_n_kabe12,
SATranslation/system/ADV_EC30.PVM,edc_n_kabe13,
SATranslation/system/ADV_EC30.PVM,edc_n_kabe14,
SATranslation/system/ADV_EC30.PVM,edc_n_kabe15,
SATranslation/system/ADV_EC30.PVM,edc_n_kabe16,
SATranslation/system/ADV_EC30.PVM,edc_n_kabe2,
SATranslation/system/ADV_EC30.PVM,edc_n_kabe3,
SATranslation/system/ADV_EC30.PVM,edc_n_kabe4,
SATranslation/system/ADV_EC30.PVM,edc_n_kabe5,
SATranslation/system/ADV_EC30.PVM,edc_n_kabe6,
SATranslation/system/ADV_EC30.PVM,edc_n_kabe7,
SATranslation/system/ADV_EC30.PVM,edc_n_kabe8,
SATranslation/system/ADV_EC30.PVM,edc_n_kabe9,
SATranslation/system/ADV_EC30.PVM,edc_n_kanaami,
SATranslation/system/ADV_EC30.PVM,edc_n_osoujid,
SATranslation/system/ADV_EC30.PVM,edc_n_osoujie,
SATranslation/system/ADV_EC30.PVM,edc_n_tank1,
SATranslation/system/ADV_EC30.PVM,edc_n_tank11,
SATranslation/system/ADV_EC30.PVM,edc_n_tank2,
SATranslation/system/ADV_EC30.PVM,edc_n_tank3,
SATranslation/system/ADV_EC30.PVM,edc_n_tank4,
SATranslation/system/ADV_EC30.PVM,edc_n_tank6,
SATranslation/system/ADV_EC30.PVM,edc_n_tank8,
SATranslation/system/ADV_EC30.PVM,edc_n_tobiraa,
SATranslation/system/ADV_EC30.PVM,edc_n_tobirah,
SATranslation/system/ADV_EC30.PVM,edc_n_uturi,
SATranslation/system/ADV_EC30.PVM,edc_n_yane2,
SATranslation/system/ADV_EC30.PVM,edc_n_yuka1,
SATranslation/system/ADV_EC30.PVM,edv_n_kabe06,
SATranslation/system/ADV_EC30.PVM,edv_n_kabe10,
SATranslation/system/ADV_EC30.PVM,edv_n_yuka03,
SATranslation/system/ADV_EC30.PVM,edv_n_yuka12,
SATranslation/system/ADV_EC30.PVM,edv_n_yuka13,
SATranslation/system/ADV_EC30.PVM,era_s_kuro,
SATranslation/system/ADV_EC30.PVM,edc_n_tobiraf,
SATranslation/system/ADV_EC31.PVM,eca_s_raillt,
SATranslation/system/ADV_EC31.PVM,edb_k_nori04,
SATranslation/system/ADV_EC31.PVM,edc_k_display,
SATranslation/system/ADV_EC31.PVM,edc_k_jrokalight,
SATranslation/system/ADV_EC31.PVM,edc_k_jtutu,
SATranslation/system/ADV_EC31.PVM,edc_k_juturi2,
SATranslation/system/ADV_EC31.PVM,edc_k_kabe8,
SATranslation/system/ADV_EC31.PVM,edc_k_monuturi,
SATranslation/system/ADV_EC31.PVM,edc_n_garasu,
SATranslation/system/ADV_EC31.PVM,edc_n_kabe10,
SATranslation/system/ADV_EC31.PVM,edc_n_uturi,
SATranslation/system/ADV_EC31.PVM,edv_k_hkaida,
SATranslation/system/ADV_EC31.PVM,edv_k_hkaida02,
SATranslation/system/ADV_EC31.PVM,edv_k_more,
SATranslation/system/ADV_EC31.PVM,edv_k_shimayuka09,
SATranslation/system/ADV_EC31.PVM,edv_k_yuka09,
SATranslation/system/ADV_EC31.PVM,edv_k_yukad09,
SATranslation/system/ADV_EC31.PVM,edv_n_yuka09,
SATranslation/system/ADV_EC31.PVM,eg_seet01,
SATranslation/system/ADV_EC31.PVM,era_k_kikb,
SATranslation/system/ADV_EC31.PVM,era_k_yuka,
SATranslation/system/ADV_EC31.PVM,era_s_kuro,
SATranslation/system/ADV_EC31.PVM,era_s_wakua,
SATranslation/system/ADV_EC31.PVM,k_hasimoto001,
SATranslation/system/ADV_EC31.PVM,k_hasimoto002,
SATranslation/system/ADV_EC31.PVM,k_hfin,
SATranslation/system/ADV_EC31.PVM,k_hhashi01,
SATranslation/system/ADV_EC31.PVM,k_hikaritubu,
SATranslation/system/ADV_EC31.PVM,k_hkabe001,
SATranslation/system/ADV_EC31.PVM,k_hkabe002,
SATranslation/system/ADV_EC31.PVM,k_hkabe003,
SATranslation/system/ADV_EC31.PVM,k_hkabe004,
SATranslation/system/ADV_EC31.PVM,k_hkabe005,
SATranslation/system/ADV_EC31.PVM,k_hkabe006,
SATranslation/system/ADV_EC31.PVM,k_hkabe007,
SATranslation/system/ADV_EC31.PVM,k_hkaidan001,
SATranslation/system/ADV_EC31.PVM,k_hkaidan002,
SATranslation/system/ADV_EC31.PVM,k_hkaidan005,
SATranslation/system/ADV_EC31.PVM,k_hkuti,
SATranslation/system/ADV_EC31.PVM,k_hkuti2,
SATranslation/system/ADV_EC31.PVM,k_hmeka,
SATranslation/system/ADV_EC31.PVM,k_hshuter,
SATranslation/system/ADV_EC31.PVM,k_saku,
SATranslation/system/ADV_EC31.PVM,k_tbgamewaku,
SATranslation/system/ADV_EC31.PVM,k_tcomp,
SATranslation/system/ADV_EC31.PVM,s_edc_n_uturi,
SATranslation/system/ADV_EC31.PVM,era_s_enus,
SATranslation/system/ADV_EC32.PVM,edc_k_jkab006a,
SATranslation/system/ADV_EC32.PVM,edc_k_jrokalight,
SATranslation/system/ADV_EC32.PVM,era_s_kuro,
SATranslation/system/ADV_EC32.PVM,era_s_okc,
SATranslation/system/ADV_EC32.PVM,k_hkabeami,
SATranslation/system/ADV_EC32.PVM,k_tami,
SATranslation/system/ADV_EC32.PVM,k_tbgamewaku,
SATranslation/system/ADV_EC32.PVM,k_tcomp,
SATranslation/system/ADV_EC32.PVM,k_tfini,
SATranslation/system/ADV_EC32.PVM,k_tgamehuta,
SATranslation/system/ADV_EC32.PVM,k_tgamewaku,
SATranslation/system/ADV_EC32.PVM,k_tkabe,
SATranslation/system/ADV_EC32.PVM,k_tkan,
SATranslation/system/ADV_EC32.PVM,k_tmini,
SATranslation/system/ADV_EC32.PVM,k_tsgamewaku,
SATranslation/system/ADV_EC32.PVM,k_tuebou,
SATranslation/system/ADV_EC32.PVM,k_tuekabe,
SATranslation/system/ADV_EC32.PVM,k_tuturi1,
SATranslation/system/ADV_EC32.PVM,k_tsasa,
SATranslation/system/ADV_EC33.PVM,edc_k_display,
SATranslation/system/ADV_EC33.PVM,edc_k_jdokan,
SATranslation/system/ADV_EC33.PVM,edc_k_jkab001a,
SATranslation/system/ADV_EC33.PVM,edc_k_jkab002a,
SATranslation/system/ADV_EC33.PVM,edc_k_jkab003a,
SATranslation/system/ADV_EC33.PVM,edc_k_jkab004a,
SATranslation/system/ADV_EC33.PVM,edc_k_jkab005a,
SATranslation/system/ADV_EC33.PVM,edc_k_jkab006a,
SATranslation/system/ADV_EC33.PVM,edc_k_jmedama,
SATranslation/system/ADV_EC33.PVM,edc_k_jroka,
SATranslation/system/ADV_EC33.PVM,edc_k_jrokalight,
SATranslation/system/ADV_EC33.PVM,edc_k_jsen,
SATranslation/system/ADV_EC33.PVM,edc_k_jtobira,
SATranslation/system/ADV_EC33.PVM,edc_k_jtutu,
SATranslation/system/ADV_EC33.PVM,edc_k_jtutu3,
SATranslation/system/ADV_EC33.PVM,edc_k_jtutu4,
SATranslation/system/ADV_EC33.PVM,edc_k_juturi2,
SATranslation/system/ADV_EC33.PVM,edc_k_jyuka,
SATranslation/system/ADV_EC33.PVM,edc_n_garasu,
SATranslation/system/ADV_EC33.PVM,era_s_kuro,
SATranslation/system/ADV_EC33.PVM,k_hmeka,
SATranslation/system/ADV_EC33.PVM,edc_k_jtutu2,
SATranslation/system/ADV_EC34.PVM,edc_n_garasu,
SATranslation/system/ADV_EC34.PVM,edc_n_hasi,
SATranslation/system/ADV_EC34.PVM,edc_n_hasira1,
SATranslation/system/ADV_EC34.PVM,edc_n_hasira3,
SATranslation/system/ADV_EC34.PVM,edc_n_kabe1,
SATranslation/system/ADV_EC34.PVM,edc_n_kabe10,
SATranslation/system/ADV_EC34.PVM,edc_n_kabe11,
SATranslation/system/ADV_EC34.PVM,edc_n_kabe12,
SATranslation/system/ADV_EC34.PVM,edc_n_kabe14,
SATranslation/system/ADV_EC34.PVM,edc_n_kabe15,
SATranslation/system/ADV_EC34.PVM,edc_n_kabe16,
SATranslation/system/ADV_EC34.PVM,edc_n_kabe2,
SATranslation/system/ADV_EC34.PVM,edc_n_kabe3,
SATranslation/system/ADV_EC34.PVM,edc_n_kabe5,
SATranslation/system/ADV_EC34.PVM,edc_n_kabe8,
SATranslation/system/ADV_EC34.PVM,edc_n_kabe9,
SATranslation/system/ADV_EC34.PVM,edc_n_osoujie,
SATranslation/system/ADV_EC34.PVM,edc_n_tank1,
SATranslation/system/ADV_EC34.PVM,edc_n_tank10,
SATranslation/system/ADV_EC34.PVM,edc_n_tank11,
SATranslation/system/ADV_EC34.PVM,edc_n_tank12,
SATranslation/system/ADV_EC34.PVM,edc_n_tank2,
SATranslation/system/ADV_EC34.PVM,edc_n_tank3,
SATranslation/system/ADV_EC34.PVM,edc_n_tank4,
SATranslation/system/ADV_EC34.PVM,edc_n_tank5,
SATranslation/system/ADV_EC34.PVM,edc_n_tank6,
SATranslation/system/ADV_EC34.PVM,edc_n_tank8,
SATranslation/system/ADV_EC34.PVM,edc_n_tank9,
SATranslation/system/ADV_EC34.PVM,edc_n_tobirad,
SATranslation/system/ADV_EC34.PVM,edc_n_tobirah,
SATranslation/system/ADV_EC34.PVM,edc_n_uturi,
SATranslation/system/ADV_EC34.PVM,edc_n_yane2,
SATranslation/system/ADV_EC34.PVM,edc_n_yuka1,
SATranslation/system/ADV_EC34.PVM,edv_n_kabe06,
SATranslation/system/ADV_EC34.PVM,edv_n_kabe07,
SATranslation/system/ADV_EC34.PVM,edv_n_kabe08,
SATranslation/system/ADV_EC34.PVM,edv_n_yuka03,
SATranslation/system/ADV_EC34.PVM,edv_n_yuka11,
SATranslation/system/ADV_EC34.PVM,edv_n_yuka12,
SATranslation/system/ADV_EC34.PVM,edv_n_yuka13,
SATranslation/system/ADV_EC34.PVM,era_s_kuro,
SATranslation/system/ADV_EC34.PVM,edc_n_tobiraf,
SATranslation/system/ADV_EC35.PVM,eca_s_kikb,
SATranslation/system/ADV_EC35.PVM,edb_o_ligh01,
SATranslation/system/ADV_EC35.PVM,edb_o_slot05,
SATranslation/system/ADV_EC35.PVM,edc_n_garasu,
SATranslation/system/ADV_EC35.PVM,edc_n_uturi,
SATranslation/system/ADV_EC35.PVM,edv_k_shimayuka09,
SATranslation/system/ADV_EC35.PVM,edv_n_yuka09,
SATranslation/system/ADV_EC35.PVM,era_s_a,
SATranslation/system/ADV_EC35.PVM,era_s_daic,
SATranslation/system/ADV_EC35.PVM,era_s_kuro,
SATranslation/system/ADV_EC35.PVM,era_s_tenc,
SATranslation/system/ADV_EC35.PVM,k_hkabe006,
SATranslation/system/ADV_EC35.PVM,k_hkabeami,
SATranslation/system/ADV_EC35.PVM,k_hkaidan001,
SATranslation/system/ADV_EC35.PVM,k_tkabe,
SATranslation/system/ADV_EC35.PVM,k_tmini,
SATranslation/system/ADV_EC35.PVM,k_tsgamewaku,
SATranslation/system/ADV_EC35.PVM,k_tuekabe,
SATranslation/system/ADV_EC35.PVM,edb_o_slot04,
SATranslation/system/ADV_EC36.PVM,eca_s_kikb,
SATranslation/system/ADV_EC36.PVM,edc_n_garasu,
SATranslation/system/ADV_EC36.PVM,eca_s_drill,
SATranslation/system/ADV_EC36.PVM,era_s_okc,
SATranslation/system/ADV_EC36.PVM,edc_n_tank9,
SATranslation/system/ADV_EC36.PVM,edc_n_yane2,
SATranslation/system/ADV_EC36.PVM,edc_n_kabe3,
SATranslation/system/ADV_EC36.PVM,edc_n_kabe2,
SATranslation/system/ADV_EC36.PVM,edc_n_kabe15,
SATranslation/system/ADV_EC36.PVM,edv_K_shimayuka09,
SATranslation/system/ADV_EC36.PVM,k_tbgamewaku,
SATranslation/system/ADV_EC36.PVM,k_hkuti,
SATranslation/system/ADV_EC36.PVM,k_hkabe002,
SATranslation/system/ADV_EC36.PVM,era_k_kikb,
SATranslation/system/ADV_EC36.PVM,edc_k_jmedama,
SATranslation/system/ADV_EC36.PVM,edc_k_jkab002a,
SATranslation/system/ADV_EC36.PVM,eca_s_gya,
SATranslation/system/ADV_EC36.PVM,era_s_okb,
SATranslation/system/ADV_EC36.PVM,eca_s_gre,
SATranslation/system/ADV_EC36.PVM,edc_k_hliftright,
SATranslation/system/ADV_EC36.PVM,era_s_haika,
SATranslation/system/ADV_EC36.PVM,edv_n_yuka11,
SATranslation/system/ADV_EC36.PVM,era_s_kikb,
SATranslation/system/ADV_EC36.PVM,edv_o_yero01,
SATranslation/system/ADV_EC36.PVM,eca_s_banal,
SATranslation/system/ADV_EC36.PVM,eca_s_domb,
SATranslation/system/ADV_EC36.PVM,eca_s_grb,
SATranslation/system/ADV_EC36.PVM,eca_s_gro,
SATranslation/system/ADV_EC36.PVM,era_s_a,
SATranslation/system/ADV_EC36.PVM,era_s_cova,
SATranslation/system/ADV_EC36.PVM,era_s_daia,
SATranslation/system/ADV_EC36.PVM,era_s_daib,
SATranslation/system/ADV_EC36.PVM,era_s_guna,
SATranslation/system/ADV_EC36.PVM,era_s_intc,
SATranslation/system/ADV_EC36.PVM,era_s_tenc,
SATranslation/system/ADV_EC36.PVM,era_s_tend,
SATranslation/system/ADV_EC36.PVM,gamewaku,
SATranslation/system/ADV_EC36.PVM,eca_s_gra,
SATranslation/system/ADV_EC36.PVM,k_hkabe001,
SATranslation/system/ADV_EC36.PVM,k_hkabe004,
SATranslation/system/ADV_EC36.PVM,k_hkabe005,
SATranslation/system/ADV_EC36.PVM,edc_n_kabe7,
SATranslation/system/ADV_EC36.PVM,k_tami,
SATranslation/system/ADV_EC36.PVM,k_tkan,
SATranslation/system/ADV_EC36.PVM,k_tuturi1,
SATranslation/system/ADV_EC36.PVM,edv_n_kabe06,
SATranslation/system/ADV_EC36.PVM,edc_n_kabe1,
SATranslation/system/ADV_EC36.PVM,edc_k_kabe8,
SATranslation/system/ADV_EC36.PVM,01tx_dou_aka,
SATranslation/system/ADV_EC36.PVM,01tx_dou_aka2,
SATranslation/system/ADV_EC36.PVM,01tx_dou_ana,
SATranslation/system/ADV_EC36.PVM,01tx_dou_ana2,
SATranslation/system/ADV_EC36.PVM,01tx_dou_ana3,
SATranslation/system/ADV_EC36.PVM,01tx_dou_ao,
SATranslation/system/ADV_EC36.PVM,01tx_dou_futa,
SATranslation/system/ADV_EC36.PVM,01tx_dou_kiro,
SATranslation/system/ADV_EC36.PVM,01tx_dou_kuro,
SATranslation/system/ADV_EC36.PVM,01tx_dou_kuro2,
SATranslation/system/ADV_EC36.PVM,01tx_dou_metal,
SATranslation/system/ADV_EC36.PVM,01tx_dou_neji,
SATranslation/system/ADV_EC36.PVM,01tx_dou_sita,
SATranslation/system/ADV_EC36.PVM,01tx_dou_ue,
SATranslation/system/ADV_EC36.PVM,01tx_hako_mae,
SATranslation/system/ADV_EC36.PVM,01tx_hako_ue,
SATranslation/system/ADV_EC36.PVM,01tx_houdai,
SATranslation/system/ADV_EC36.PVM,01tx_houdai2,
SATranslation/system/ADV_EC36.PVM,01tx_me,
SATranslation/system/ADV_EC36.PVM,01tx_me2,
SATranslation/system/ADV_EC36.PVM,01tx_me3,
SATranslation/system/ADV_EC36.PVM,01tx_me4,
SATranslation/system/ADV_EC36.PVM,01tx_pipe,
SATranslation/system/ADV_EC36.PVM,01tx_pipe2,
SATranslation/system/ADV_EC36.PVM,01tx_pipe3,
SATranslation/system/ADV_EC36.PVM,01tx_pipe4,
SATranslation/system/ADV_EC36.PVM,01tx_siri,
SATranslation/system/ADV_EC36.PVM,01tx_te,
SATranslation/system/ADV_EC36.PVM,01tx_te2,
SATranslation/system/ADV_EC36.PVM,01tx_ude,
SATranslation/system/ADV_EC36.PVM,e101_asi1,
SATranslation/system/ADV_EC36.PVM,e101_b7,
SATranslation/system/ADV_EC36.PVM,e101_gard2,
SATranslation/system/ADV_EC36.PVM,edc_k_heki,
SATranslation/system/ADV_EC36.PVM,edc_n_tobirad2,
SATranslation/system/ADV_EC36.PVM,edv_f_kabe,
SATranslation/system/ADV_EC36.PVM,edv_n_kabe02,
SATranslation/system/ADV_EC36.PVM,edv_n_kabe11,
SATranslation/system/ADV_EC36.PVM,edv_n_kabe12,
SATranslation/system/ADV_EC36.PVM,etx_asi2,
SATranslation/system/ADV_EC36.PVM,etx_bluck1,
SATranslation/system/ADV_EC36.PVM,etx_enn1,
SATranslation/system/ADV_EC36.PVM,etx_enn2,
SATranslation/system/ADV_EC36.PVM,etx_green,
SATranslation/system/ADV_EC36.PVM,etx_gun1,
SATranslation/system/ADV_EC36.PVM,etx_gun2,
SATranslation/system/ADV_EC36.PVM,etx_guno,
SATranslation/system/ADV_EC36.PVM,etx_kosi0,
SATranslation/system/ADV_EC36.PVM,etx_metal2,
SATranslation/system/ADV_EC36.PVM,etx_pype1,
SATranslation/system/ADV_EC36.PVM,etx_right,
SATranslation/system/ADV_EC36.PVM,etx_right1,
SATranslation/system/ADV_EC36.PVM,etx_right3,
SATranslation/system/ADV_EC36.PVM,etx_te1,
SATranslation/system/ADV_EC36.PVM,etx_tiya,
SATranslation/system/ADV_MR00.PVM,a_m128_wavemr001,
SATranslation/system/ADV_MR00.PVM,a_m128_wavemr002,
SATranslation/system/ADV_MR00.PVM,a_m128_wavemr003,
SATranslation/system/ADV_MR00.PVM,a_m128_wavemr004,
SATranslation/system/ADV_MR00.PVM,a_m128_wavemr005,
SATranslation/system/ADV_MR00.PVM,a_m128_wavemr006,
SATranslation/system/ADV_MR00.PVM,a_m128_wavemr007,
SATranslation/system/ADV_MR00.PVM,a_m128_wavemr008,
SATranslation/system/ADV_MR00.PVM,a_m128_wavemr009,
SATranslation/system/ADV_MR00.PVM,a_m128_wavemr010,
SATranslation/system/ADV_MR00.PVM,a_m128_wavemr011,
SATranslation/system/ADV_MR00.PVM,a_m128_wavemr012,
SATranslation/system/ADV_MR00.PVM,a_m128_wavemr013,
SATranslation/system/ADV_MR00.PVM,a_m128_wavemr014,
SATranslation/system/ADV_MR00.PVM,a_m128_wavemr015,
SATranslation/system/ADV_MR00.PVM,belt2,
SATranslation/system/ADV_MR00.PVM,kawaisc,
SATranslation/system/ADV_MR00.PVM,kawaisf,
SATranslation/system/ADV_MR00.PVM,kawaisie,
SATranslation/system/ADV_MR00.PVM,m64_fall1,
SATranslation/system/ADV_MR00.PVM,m64_fall2,
SATranslation/system/ADV_MR00.PVM,mr64_takihamon,
SATranslation/system/ADV_MR00.PVM,mr_008o_kuro,
SATranslation/system/ADV_MR00.PVM,mr_016o_hagu,
SATranslation/system/ADV_MR00.PVM,mr_016o_shou,
SATranslation/system/ADV_MR00.PVM,mr_016o_tank3,
SATranslation/system/ADV_MR00.PVM,mr_016o_yane,
SATranslation/system/ADV_MR00.PVM,mr_032f_asi,
SATranslation/system/ADV_MR00.PVM,mr_032o_gold,
SATranslation/system/ADV_MR00.PVM,mr_032o_hagu01,
SATranslation/system/ADV_MR00.PVM,mr_032o_handl1,
SATranslation/system/ADV_MR00.PVM,mr_032o_handl2,
SATranslation/system/ADV_MR00.PVM,mr_032o_handl3,
SATranslation/system/ADV_MR00.PVM,mr_032o_handl4,
SATranslation/system/ADV_MR00.PVM,mr_032o_kbn01,
SATranslation/system/ADV_MR00.PVM,mr_032o_kdan,
SATranslation/system/ADV_MR00.PVM,mr_032o_kdan2,
SATranslation/system/ADV_MR00.PVM,mr_032o_kdan3,
SATranslation/system/ADV_MR00.PVM,mr_032o_kmn,
SATranslation/system/ADV_MR00.PVM,mr_032o_meta,
SATranslation/system/ADV_MR00.PVM,mr_032o_reel01,
SATranslation/system/ADV_MR00.PVM,mr_032o_reel02,
SATranslation/system/ADV_MR00.PVM,mr_032o_reel03,
SATranslation/system/ADV_MR00.PVM,mr_032o_reel04,
SATranslation/system/ADV_MR00.PVM,mr_032o_sho2,
SATranslation/system/ADV_MR00.PVM,mr_032o_silv,
SATranslation/system/ADV_MR00.PVM,mr_064f_kiri,
SATranslation/system/ADV_MR00.PVM,mr_064f_kiwaku,
SATranslation/system/ADV_MR00.PVM,mr_064f_kiwakub,
SATranslation/system/ADV_MR00.PVM,mr_064n_maruta,
SATranslation/system/ADV_MR00.PVM,mr_064n_mikid,
SATranslation/system/ADV_MR00.PVM,mr_064n_yasia,
SATranslation/system/ADV_MR00.PVM,mr_064o_asb,
SATranslation/system/ADV_MR00.PVM,mr_064o_hagu01,
SATranslation/system/ADV_MR00.PVM,mr_064o_hagu02,
SATranslation/system/ADV_MR00.PVM,mr_064o_heavy,
SATranslation/system/ADV_MR00.PVM,mr_064o_heavy2,
SATranslation/system/ADV_MR00.PVM,mr_064o_heavy3,
SATranslation/system/ADV_MR00.PVM,mr_064o_kdan01,
SATranslation/system/ADV_MR00.PVM,mr_064o_kdan02,
SATranslation/system/ADV_MR00.PVM,mr_064o_kdoa,
SATranslation/system/ADV_MR00.PVM,mr_064o_kiso01,
SATranslation/system/ADV_MR00.PVM,mr_064o_kiso02,
SATranslation/system/ADV_MR00.PVM,mr_064o_kiso03,
SATranslation/system/ADV_MR00.PVM,mr_064o_kiso04,
SATranslation/system/ADV_MR00.PVM,mr_064o_kiso05,
SATranslation/system/ADV_MR00.PVM,mr_064o_kiso06,
SATranslation/system/ADV_MR00.PVM,mr_064o_kiso07,
SATranslation/system/ADV_MR00.PVM,mr_064o_kiso08,
SATranslation/system/ADV_MR00.PVM,mr_064o_kiso09,
SATranslation/system/ADV_MR00.PVM,mr_064o_kiso10,
SATranslation/system/ADV_MR00.PVM,mr_064o_maki01,
SATranslation/system/ADV_MR00.PVM,mr_064o_maki02,
SATranslation/system/ADV_MR00.PVM,mr_064o_miki01,
SATranslation/system/ADV_MR00.PVM,mr_064o_mrt,
SATranslation/system/ADV_MR00.PVM,mr_064o_rsen02,
SATranslation/system/ADV_MR00.PVM,mr_064o_rsen03,
SATranslation/system/ADV_MR00.PVM,mr_064o_stop,
SATranslation/system/ADV_MR00.PVM,mr_064o_tank,
SATranslation/system/ADV_MR00.PVM,mr_064o_tank2,
SATranslation/system/ADV_MR00.PVM,mr_064o_tkyo01,
SATranslation/system/ADV_MR00.PVM,mr_064o_tkyo02,
SATranslation/system/ADV_MR00.PVM,mr_064o_yane,
SATranslation/system/ADV_MR00.PVM,mr_064s_makiku,
SATranslation/system/ADV_MR00.PVM,mr_064s_miki,
SATranslation/system/ADV_MR00.PVM,mr_064s_mikib,
SATranslation/system/ADV_MR00.PVM,mr_064s_umiiwaa,
SATranslation/system/ADV_MR00.PVM,mr_064s_umiiwab,
SATranslation/system/ADV_MR00.PVM,mr_128k_kuzure,
SATranslation/system/ADV_MR00.PVM,mr_128o_hagu01,
SATranslation/system/ADV_MR00.PVM,mr_128o_itaita,
SATranslation/system/ADV_MR00.PVM,mr_128o_kbn02,
SATranslation/system/ADV_MR00.PVM,mr_128o_kiso01,
SATranslation/system/ADV_MR00.PVM,mr_128o_kiso02,
SATranslation/system/ADV_MR00.PVM,mr_128o_kmn,
SATranslation/system/ADV_MR00.PVM,mr_128o_miki01,
SATranslation/system/ADV_MR00.PVM,mr_128o_rng,
SATranslation/system/ADV_MR00.PVM,mr_128o_rodge,
SATranslation/system/ADV_MR00.PVM,mr_128o_rodge3,
SATranslation/system/ADV_MR00.PVM,mr_128o_rodge4,
SATranslation/system/ADV_MR00.PVM,mr_128o_rodge5,
SATranslation/system/ADV_MR00.PVM,mr_128o_tkyo01,
SATranslation/system/ADV_MR00.PVM,mr_128o_tkyo02,
SATranslation/system/ADV_MR00.PVM,mr_128o_ttn01,
SATranslation/system/ADV_MR00.PVM,mr_128s_eda,
SATranslation/system/ADV_MR00.PVM,mr_128s_ueiwaa,
SATranslation/system/ADV_MR00.PVM,mr_128s_ueiwab,
SATranslation/system/ADV_MR00.PVM,mr_64s_kawa,
SATranslation/system/ADV_MR00.PVM,mra_128s_akagd,
SATranslation/system/ADV_MR00.PVM,mra_128s_gd,
SATranslation/system/ADV_MR00.PVM,mra_128s_gdkusa,
SATranslation/system/ADV_MR00.PVM,mra_128s_kusa,
SATranslation/system/ADV_MR00.PVM,mra_128s_kusa2,
SATranslation/system/ADV_MR00.PVM,mra_128s_sigekusa2,
SATranslation/system/ADV_MR00.PVM,mra_256_water,
SATranslation/system/ADV_MR00.PVM,mra_256s_eikaba,
SATranslation/system/ADV_MR00.PVM,mra_256s_kabc,
SATranslation/system/ADV_MR00.PVM,mra_256s_kianaa,
SATranslation/system/ADV_MR00.PVM,mra_256s_kianab,
SATranslation/system/ADV_MR00.PVM,mra_256s_kianac,
SATranslation/system/ADV_MR00.PVM,mra_256s_kianad,
SATranslation/system/ADV_MR00.PVM,mra_256s_sitkabb,
SATranslation/system/ADV_MR00.PVM,mra_256s_sitkabc,
SATranslation/system/ADV_MR00.PVM,mra_256s_uekaba,
SATranslation/system/ADV_MR00.PVM,mra_384s_doukabe,
SATranslation/system/ADV_MR00.PVM,s_m128_wavemr001,
SATranslation/system/ADV_MR00.PVM,m64_fall3,
SATranslation/system/ADV_MR00.PVM,salt_tev00_00,
SATranslation/system/ADV_MR00.PVM,salt_tev01_00,
SATranslation/system/ADV_MR00.PVM,salt_tev02,
SATranslation/system/ADV_MR01.PVM,mr_008o_kuro,
SATranslation/system/ADV_MR01.PVM,mr_064k_chpdaiza,
SATranslation/system/ADV_MR01.PVM,mr_064k_chpkabekado,
SATranslation/system/ADV_MR01.PVM,mr_064k_chpkakiue,
SATranslation/system/ADV_MR01.PVM,mr_064k_chpmizo,
SATranslation/system/ADV_MR01.PVM,mr_064k_chwallue,
SATranslation/system/ADV_MR01.PVM,mr_064s_kori,
SATranslation/system/ADV_MR01.PVM,mr_128k_chemepo,
SATranslation/system/ADV_MR01.PVM,mr_128k_chpbigiwa,
SATranslation/system/ADV_MR01.PVM,mr_128k_chpemepokin,
SATranslation/system/ADV_MR01.PVM,mr_128k_chpkirikuti,
SATranslation/system/ADV_MR01.PVM,mr_128k_chpkoke2,
SATranslation/system/ADV_MR01.PVM,mr_128k_chpkusa,
SATranslation/system/ADV_MR01.PVM,mr_128k_chpkusajimen,
SATranslation/system/ADV_MR01.PVM,mr_128k_chpkusajimen2,
SATranslation/system/ADV_MR01.PVM,mr_128k_chpmoyou,
SATranslation/system/ADV_MR01.PVM,mr_128k_chppoue,
SATranslation/system/ADV_MR01.PVM,mr_128k_chprenga,
SATranslation/system/ADV_MR01.PVM,mr_128k_chprengaheri,
SATranslation/system/ADV_MR01.PVM,mr_128k_chpshita,
SATranslation/system/ADV_MR01.PVM,mr_128k_chptatesen,
SATranslation/system/ADV_MR01.PVM,mr_128k_chptuti,
SATranslation/system/ADV_MR01.PVM,mr_128k_chpueha,
SATranslation/system/ADV_MR01.PVM,mr_128k_chpuekusaha,
SATranslation/system/ADV_MR01.PVM,mr_128k_chyukatest,
SATranslation/system/ADV_MR01.PVM,mr_128k_cphori,
SATranslation/system/ADV_MR01.PVM,mr_128k_cpkakine,
SATranslation/system/ADV_MR01.PVM,mra_256_water,
SATranslation/system/ADV_MR01.PVM,mrb_064s_dukutunaa,
SATranslation/system/ADV_MR01.PVM,mrb_064s_dukutunab,
SATranslation/system/ADV_MR01.PVM,mrb_064s_dukutunac,
SATranslation/system/ADV_MR01.PVM,mrb_064s_dukutunad,
SATranslation/system/ADV_MR01.PVM,mrb_064s_kusaisi,
SATranslation/system/ADV_MR01.PVM,mrb_064s_yamatunaa,
SATranslation/system/ADV_MR01.PVM,mrb_064s_yamatunab,
SATranslation/system/ADV_MR01.PVM,mrb_064s_yamatunac,
SATranslation/system/ADV_MR01.PVM,mrb_064s_yamatunad,
SATranslation/system/ADV_MR01.PVM,mrb_128s_aonad,
SATranslation/system/ADV_MR01.PVM,mrb_128s_criwaa,
SATranslation/system/ADV_MR01.PVM,mrb_128s_criwab,
SATranslation/system/ADV_MR01.PVM,mrb_128s_criwac,
SATranslation/system/ADV_MR01.PVM,mrb_128s_kusa,
SATranslation/system/ADV_MR01.PVM,mrb_128s_kusasige,
SATranslation/system/ADV_MR01.PVM,mrb_128s_mori,
SATranslation/system/ADV_MR01.PVM,mrb_256s_aonaa,
SATranslation/system/ADV_MR01.PVM,mrb_256s_aonab,
SATranslation/system/ADV_MR01.PVM,mrb_256s_aonac,
SATranslation/system/ADV_MR01.PVM,mrb_256s_eia,
SATranslation/system/ADV_MR01.PVM,mrb_256s_eib,
SATranslation/system/ADV_MR01.PVM,mrb_256s_eic,
SATranslation/system/ADV_MR01.PVM,mrb_256s_pekia,
SATranslation/system/ADV_MR01.PVM,mrb_256s_pekib,
SATranslation/system/ADV_MR01.PVM,mrb_256s_pekic,
SATranslation/system/ADV_MR01.PVM,mrb_256s_pekid,
SATranslation/system/ADV_MR01.PVM,mrb_256s_pekie,
SATranslation/system/ADV_MR01.PVM,mrb_256s_pekie2,
SATranslation/system/ADV_MR01.PVM,mrb_256s_pekif,
SATranslation/system/ADV_MR01.PVM,mrb_256s_pekig,
SATranslation/system/ADV_MR01.PVM,mrb_256s_pekih,
SATranslation/system/ADV_MR01.PVM,mrb_256s_simb,
SATranslation/system/ADV_MR01.PVM,mrb_256s_simuea,
SATranslation/system/ADV_MR01.PVM,mrb_256s_simueb,
SATranslation/system/ADV_MR01.PVM,mrb_256s_simuec,
SATranslation/system/ADV_MR01.PVM,mrb_256s_sitkaba,
SATranslation/system/ADV_MR01.PVM,mrb_256s_sitkabb,
SATranslation/system/ADV_MR01.PVM,mrb_256s_uekaba,
SATranslation/system/ADV_MR01.PVM,mrb_256s_yamaf,
SATranslation/system/ADV_MR01.PVM,mrb_256s_yamkaba,
SATranslation/system/ADV_MR01.PVM,mrb_256s_yamkabb,
SATranslation/system/ADV_MR01.PVM,mrb_256s_yamkabc,
SATranslation/system/ADV_MR01.PVM,mrb_512s_pekia,
SATranslation/system/ADV_MR01.PVM,mrb_256s_simued,
SATranslation/system/ADV_MR02.PVM,b_sao00,
SATranslation/system/ADV_MR02.PVM,b_sao01,
SATranslation/system/ADV_MR02.PVM,b_sao02,
SATranslation/system/ADV_MR02.PVM,b_sao03,
SATranslation/system/ADV_MR02.PVM,kawaisie,
SATranslation/system/ADV_MR02.PVM,m64_los031,
SATranslation/system/ADV_MR02.PVM,mk_008s_irikuro,
SATranslation/system/ADV_MR02.PVM,mk_032k_kaidanue,
SATranslation/system/ADV_MR02.PVM,mr_008o_kuro,
SATranslation/system/ADV_MR02.PVM,mr_032k_huti,
SATranslation/system/ADV_MR02.PVM,mr_032k_huti2,
SATranslation/system/ADV_MR02.PVM,mr_032k_huti3,
SATranslation/system/ADV_MR02.PVM,mr_032k_hutik,
SATranslation/system/ADV_MR02.PVM,mr_032k_kaidanue2,
SATranslation/system/ADV_MR02.PVM,mr_032k_kaidanue3,
SATranslation/system/ADV_MR02.PVM,mr_032k_nikaid01,
SATranslation/system/ADV_MR02.PVM,mr_032k_nikaid02,
SATranslation/system/ADV_MR02.PVM,mr_032k_sansyoku,
SATranslation/system/ADV_MR02.PVM,mr_032o_kdan3,
SATranslation/system/ADV_MR02.PVM,mr_032o_miki02,
SATranslation/system/ADV_MR02.PVM,mr_032o_reel02,
SATranslation/system/ADV_MR02.PVM,mr_032o_reel03,
SATranslation/system/ADV_MR02.PVM,mr_032o_reel04,
SATranslation/system/ADV_MR02.PVM,mr_064f_hari,
SATranslation/system/ADV_MR02.PVM,mr_064f_kiri,
SATranslation/system/ADV_MR02.PVM,mr_064f_kiwaku,
SATranslation/system/ADV_MR02.PVM,mr_064f_kiwakub,
SATranslation/system/ADV_MR02.PVM,mr_064f_kuzu,
SATranslation/system/ADV_MR02.PVM,mr_064f_kuzuf,
SATranslation/system/ADV_MR02.PVM,mr_064f_kuzug,
SATranslation/system/ADV_MR02.PVM,mr_064f_kuzuk,
SATranslation/system/ADV_MR02.PVM,mr_064f_kuzul,
SATranslation/system/ADV_MR02.PVM,mr_064f_kuzum,
SATranslation/system/ADV_MR02.PVM,mr_064f_mon,
SATranslation/system/ADV_MR02.PVM,mr_064f_monb,
SATranslation/system/ADV_MR02.PVM,mr_064f_tower,
SATranslation/system/ADV_MR02.PVM,mr_064f_towerb,
SATranslation/system/ADV_MR02.PVM,mr_064f_wallm,
SATranslation/system/ADV_MR02.PVM,mr_064k_cueye,
SATranslation/system/ADV_MR02.PVM,mr_064k_kabem,
SATranslation/system/ADV_MR02.PVM,mr_064k_kah,
SATranslation/system/ADV_MR02.PVM,mr_064k_kah2,
SATranslation/system/ADV_MR02.PVM,mr_064k_kata,
SATranslation/system/ADV_MR02.PVM,mr_064k_kire,
SATranslation/system/ADV_MR02.PVM,mr_064k_mizo,
SATranslation/system/ADV_MR02.PVM,mr_064k_mizok,
SATranslation/system/ADV_MR02.PVM,mr_064k_mizok2,
SATranslation/system/ADV_MR02.PVM,mr_064k_mizok3,
SATranslation/system/ADV_MR02.PVM,mr_064k_mosh,
SATranslation/system/ADV_MR02.PVM,mr_064k_ue,
SATranslation/system/ADV_MR02.PVM,mr_064n_maruta,
SATranslation/system/ADV_MR02.PVM,mr_064n_mikia,
SATranslation/system/ADV_MR02.PVM,mr_064n_mikic,
SATranslation/system/ADV_MR02.PVM,mr_064o_akari,
SATranslation/system/ADV_MR02.PVM,mr_064o_ha02,
SATranslation/system/ADV_MR02.PVM,mr_064o_ha03,
SATranslation/system/ADV_MR02.PVM,mr_064o_kdan01,
SATranslation/system/ADV_MR02.PVM,mr_064o_kdan02,
SATranslation/system/ADV_MR02.PVM,mr_064o_maki01,
SATranslation/system/ADV_MR02.PVM,mr_064o_maki02,
SATranslation/system/ADV_MR02.PVM,mr_064o_miki01,
SATranslation/system/ADV_MR02.PVM,mr_064o_miki02,
SATranslation/system/ADV_MR02.PVM,mr_064o_miki03,
SATranslation/system/ADV_MR02.PVM,mr_064o_miki04,
SATranslation/system/ADV_MR02.PVM,mr_064o_miki05,
SATranslation/system/ADV_MR02.PVM,mr_064o_stop,
SATranslation/system/ADV_MR02.PVM,mr_064s_makiku,
SATranslation/system/ADV_MR02.PVM,mr_064s_miki,
SATranslation/system/ADV_MR02.PVM,mr_064s_mikib,
SATranslation/system/ADV_MR02.PVM,mr_128f_hekid,
SATranslation/system/ADV_MR02.PVM,mr_128f_kua,
SATranslation/system/ADV_MR02.PVM,mr_128f_kub,
SATranslation/system/ADV_MR02.PVM,mr_128f_kuc,
SATranslation/system/ADV_MR02.PVM,mr_128f_kud,
SATranslation/system/ADV_MR02.PVM,mr_128f_kuzud,
SATranslation/system/ADV_MR02.PVM,mr_128f_kuzui,
SATranslation/system/ADV_MR02.PVM,mr_128f_kuzuj,
SATranslation/system/ADV_MR02.PVM,mr_128f_mosh,
SATranslation/system/ADV_MR02.PVM,mr_128f_sitaiwab,
SATranslation/system/ADV_MR02.PVM,mr_128f_wallna,
SATranslation/system/ADV_MR02.PVM,mr_128f_wallnd,
SATranslation/system/ADV_MR02.PVM,mr_128f_wallne,
SATranslation/system/ADV_MR02.PVM,mr_128f_wallnf,
SATranslation/system/ADV_MR02.PVM,mr_128f_wallng,
SATranslation/system/ADV_MR02.PVM,mr_128f_wallnh,
SATranslation/system/ADV_MR02.PVM,mr_128k_hebi,
SATranslation/system/ADV_MR02.PVM,mr_128k_hekid3,
SATranslation/system/ADV_MR02.PVM,mr_128k_hekida,
SATranslation/system/ADV_MR02.PVM,mr_128k_hekida2,
SATranslation/system/ADV_MR02.PVM,mr_128k_huti,
SATranslation/system/ADV_MR02.PVM,mr_128k_huti2,
SATranslation/system/ADV_MR02.PVM,mr_128k_knuckles,
SATranslation/system/ADV_MR02.PVM,mr_128k_knuckles2,
SATranslation/system/ADV_MR02.PVM,mr_128k_kuzud,
SATranslation/system/ADV_MR02.PVM,mr_128k_kuzure,
SATranslation/system/ADV_MR02.PVM,mr_128k_kuzure3,
SATranslation/system/ADV_MR02.PVM,mr_128k_mosh,
SATranslation/system/ADV_MR02.PVM,mr_128k_wallna,
SATranslation/system/ADV_MR02.PVM,mr_128n_busha,
SATranslation/system/ADV_MR02.PVM,mr_128n_bushb,
SATranslation/system/ADV_MR02.PVM,mr_128n_sidab,
SATranslation/system/ADV_MR02.PVM,mr_128o_miki01,
SATranslation/system/ADV_MR02.PVM,mr_128s_eda,
SATranslation/system/ADV_MR02.PVM,mr_128s_iwaue,
SATranslation/system/ADV_MR02.PVM,mr_128s_iwaueb,
SATranslation/system/ADV_MR02.PVM,mr_128s_jukai,
SATranslation/system/ADV_MR02.PVM,mr_128s_jukaib,
SATranslation/system/ADV_MR02.PVM,mr_256_jukaic,
SATranslation/system/ADV_MR02.PVM,mr_256s_junf,
SATranslation/system/ADV_MR02.PVM,mr_256s_kabef,
SATranslation/system/ADV_MR02.PVM,mra_128s_kianagd,
SATranslation/system/ADV_MR02.PVM,mra_256_water,
SATranslation/system/ADV_MR02.PVM,mra_256s_kianaa,
SATranslation/system/ADV_MR02.PVM,mra_256s_kianab,
SATranslation/system/ADV_MR02.PVM,mra_256s_kianac,
SATranslation/system/ADV_MR02.PVM,mrc_128s_anatuna,
SATranslation/system/ADV_MR02.PVM,mrc_256s_anatunab,
SATranslation/system/ADV_MR02.PVM,mrc_256s_kabeaa,
SATranslation/system/ADV_MR02.PVM,mrc_256s_kabeab,
SATranslation/system/ADV_MR02.PVM,mrc_256s_kabeac,
SATranslation/system/ADV_MR02.PVM,mrc_64s_jimena,
SATranslation/system/ADV_MR02.PVM,mrc_64s_jimenb,
SATranslation/system/ADV_MR02.PVM,mrc_64s_jimenc,
SATranslation/system/ADV_MR02.PVM,mrc_64s_jimend,
SATranslation/system/ADV_MR02.PVM,mrc_64s_rivsoka,
SATranslation/system/ADV_MR02.PVM,mrc_64s_rivsokb,
SATranslation/system/ADV_MR02.PVM,mr_128n_tuta,
SATranslation/system/ADV_MR03.PVM,ai128box05,
SATranslation/system/ADV_MR03.PVM,ai128box09,
SATranslation/system/ADV_MR03.PVM,ai32hou05,
SATranslation/system/ADV_MR03.PVM,ai32hou06,
SATranslation/system/ADV_MR03.PVM,ai64aamu04,
SATranslation/system/ADV_MR03.PVM,ai64door03,
SATranslation/system/ADV_MR03.PVM,ai64mizo,
SATranslation/system/ADV_MR03.PVM,d128side2ff,
SATranslation/system/ADV_MR03.PVM,d128side6f,
SATranslation/system/ADV_MR03.PVM,d128side9fe,
SATranslation/system/ADV_MR03.PVM,d128tenjou3f,
SATranslation/system/ADV_MR03.PVM,d64accent1f,
SATranslation/system/ADV_MR03.PVM,d64arm4f,
SATranslation/system/ADV_MR03.PVM,d64side8fe,
SATranslation/system/ADV_MR03.PVM,eca_s_bwa,
SATranslation/system/ADV_MR03.PVM,eca_s_bwb,
SATranslation/system/ADV_MR03.PVM,eca_s_gold,
SATranslation/system/ADV_MR03.PVM,eca_s_gya,
SATranslation/system/ADV_MR03.PVM,eca_s_kikb,
SATranslation/system/ADV_MR03.PVM,edc_k_display,
SATranslation/system/ADV_MR03.PVM,edc_k_jrokalight,
SATranslation/system/ADV_MR03.PVM,edc_k_juturi2,
SATranslation/system/ADV_MR03.PVM,edc_n_uturi,
SATranslation/system/ADV_MR03.PVM,edc_n_yane2,
SATranslation/system/ADV_MR03.PVM,edv_k_ekibut2,
SATranslation/system/ADV_MR03.PVM,edv_k_more,
SATranslation/system/ADV_MR03.PVM,edv_n_yuka08,
SATranslation/system/ADV_MR03.PVM,era_s_okc,
SATranslation/system/ADV_MR03.PVM,k_hkaidan001,
SATranslation/system/ADV_MR03.PVM,k_saku,
SATranslation/system/ADV_MR03.PVM,k_tbgamewaku,
SATranslation/system/ADV_MR03.PVM,mr_008o_kuro,
SATranslation/system/ADV_MR03.PVM,mrd_032s_banab,
SATranslation/system/ADV_MR03.PVM,mrd_032s_banal,
SATranslation/system/ADV_MR03.PVM,mrd_032s_covd,
SATranslation/system/ADV_MR03.PVM,mrd_032s_fing,
SATranslation/system/ADV_MR03.PVM,mrd_032s_fingb,
SATranslation/system/ADV_MR03.PVM,mrd_032s_msa,
SATranslation/system/ADV_MR03.PVM,mrd_032s_msana,
SATranslation/system/ADV_MR03.PVM,mrd_032s_msarma,
SATranslation/system/ADV_MR03.PVM,mrd_032s_msbis,
SATranslation/system/ADV_MR03.PVM,mrd_032s_mseye,
SATranslation/system/ADV_MR03.PVM,mrd_032s_msroll,
SATranslation/system/ADV_MR03.PVM,mrd_032s_oke,
SATranslation/system/ADV_MR03.PVM,mrd_032s_orea,
SATranslation/system/ADV_MR03.PVM,mrd_032s_oreb,
SATranslation/system/ADV_MR03.PVM,mrd_064s_gre,
SATranslation/system/ADV_MR03.PVM,mrd_064s_guna,
SATranslation/system/ADV_MR03.PVM,mrd_064s_kankyob,
SATranslation/system/ADV_MR03.PVM,mrd_064s_morb,
SATranslation/system/ADV_MR03.PVM,mrd_064s_msa,
SATranslation/system/ADV_MR03.PVM,mrd_064s_msarmb,
SATranslation/system/ADV_MR03.PVM,mrd_064s_msarmc,
SATranslation/system/ADV_MR03.PVM,mrd_064s_msarmd,
SATranslation/system/ADV_MR03.PVM,mrd_064s_msbl,
SATranslation/system/ADV_MR03.PVM,mrd_064s_msblack,
SATranslation/system/ADV_MR03.PVM,mrd_064s_msblue,
SATranslation/system/ADV_MR03.PVM,mrd_064s_mseye,
SATranslation/system/ADV_MR03.PVM,mrd_064s_msmata,
SATranslation/system/ADV_MR03.PVM,mrd_064s_msmune,
SATranslation/system/ADV_MR03.PVM,mrd_064s_msred,
SATranslation/system/ADV_MR03.PVM,mrd_064s_msslv,
SATranslation/system/ADV_MR03.PVM,mrd_064s_mswhite,
SATranslation/system/ADV_MR03.PVM,mrd_064s_msyelw,
SATranslation/system/ADV_MR03.PVM,mrd_064s_oka,
SATranslation/system/ADV_MR03.PVM,mrd_064s_okb,
SATranslation/system/ADV_MR03.PVM,mrd_064s_oki,
SATranslation/system/ADV_MR03.PVM,mrd_064s_sita,
SATranslation/system/ADV_MR03.PVM,mrd_064s_sitab,
SATranslation/system/ADV_MR03.PVM,mrd_064s_taia01,
SATranslation/system/ADV_MR03.PVM,mrd_064s_taia02,
SATranslation/system/ADV_MR03.PVM,mrd_064s_tenc,
SATranslation/system/ADV_MR03.PVM,mrd_064s_tend,
SATranslation/system/ADV_MR03.PVM,mrd_128s_bed,
SATranslation/system/ADV_MR03.PVM,mrd_128s_cont,
SATranslation/system/ADV_MR03.PVM,mrd_128s_kabb,
SATranslation/system/ADV_MR03.PVM,mrd_128s_mora,
SATranslation/system/ADV_MR03.PVM,mrd_128s_oriue,
SATranslation/system/ADV_MR03.PVM,mrd_128s_tenb,
SATranslation/system/ADV_MR03.PVM,mrd_128s_yuka,
SATranslation/system/ADV_MR03.PVM,mref_064s_jac,
SATranslation/system/ADV_MR03.PVM,naiherki,
SATranslation/system/ADV_MR03.PVM,tm128tai,
SATranslation/system/ADV_MR03.PVM,tm12gomug,
SATranslation/system/ADV_MR03.PVM,tm64blin,
SATranslation/system/ADV_MR03.PVM,tm64blpls,
SATranslation/system/ADV_MR03.PVM,tm64puci,
SATranslation/system/ADV_MR03.PVM,ai64kabe09,
SATranslation/system/ADV_WINDOW.PVM,ss_b_kado,
SATranslation/system/ADV_WINDOW.PVM,ss_b_naka,
SATranslation/system/ADVSS00.PVM,ast_hasi09,
SATranslation/system/ADVSS00.PVM,ast_hasi14,
SATranslation/system/ADVSS00.PVM,ast_mado03,
SATranslation/system/ADVSS00.PVM,ast_mado11,
SATranslation/system/ADVSS00.PVM,benchkage,
SATranslation/system/ADVSS00.PVM,bst_swa,
SATranslation/system/ADVSS00.PVM,bst_swf,
SATranslation/system/ADVSS00.PVM,chair2,
SATranslation/system/ADVSS00.PVM,chairseet,
SATranslation/system/ADVSS00.PVM,courseter01,
SATranslation/system/ADVSS00.PVM,cst_kabe09,
SATranslation/system/ADVSS00.PVM,deck_t,
SATranslation/system/ADVSS00.PVM,dk2_mado21,
SATranslation/system/ADVSS00.PVM,dk3_mado2,
SATranslation/system/ADVSS00.PVM,door2,
SATranslation/system/ADVSS00.PVM,du64pos01,
SATranslation/system/ADVSS00.PVM,du64pos02,
SATranslation/system/ADVSS00.PVM,du64pos04,
SATranslation/system/ADVSS00.PVM,du64pos05,
SATranslation/system/ADVSS00.PVM,du_stkabe01,
SATranslation/system/ADVSS00.PVM,du_stkabe03,
SATranslation/system/ADVSS00.PVM,dudoor01,
SATranslation/system/ADVSS00.PVM,dudoor02,
SATranslation/system/ADVSS00.PVM,dukazari04,
SATranslation/system/ADVSS00.PVM,dukazari05,
SATranslation/system/ADVSS00.PVM,dukazari08,
SATranslation/system/ADVSS00.PVM,dukazari15,
SATranslation/system/ADVSS00.PVM,dukazari16,
SATranslation/system/ADVSS00.PVM,dustkaidan03,
SATranslation/system/ADVSS00.PVM,duw25k,
SATranslation/system/ADVSS00.PVM,duw27,
SATranslation/system/ADVSS00.PVM,duw30,
SATranslation/system/ADVSS00.PVM,duw32,
SATranslation/system/ADVSS00.PVM,duw55,
SATranslation/system/ADVSS00.PVM,duw57,
SATranslation/system/ADVSS00.PVM,duw61,
SATranslation/system/ADVSS00.PVM,duw62,
SATranslation/system/ADVSS00.PVM,duw64,
SATranslation/system/ADVSS00.PVM,duw_oda41,
SATranslation/system/ADVSS00.PVM,duwin_naka05,
SATranslation/system/ADVSS00.PVM,duwin_naka06,
SATranslation/system/ADVSS00.PVM,duwin_naka07,
SATranslation/system/ADVSS00.PVM,duwindow03,
SATranslation/system/ADVSS00.PVM,duwindow04,
SATranslation/system/ADVSS00.PVM,duwindow06,
SATranslation/system/ADVSS00.PVM,e_kasa,
SATranslation/system/ADVSS00.PVM,e_kasa4,
SATranslation/system/ADVSS00.PVM,e_mado7,
SATranslation/system/ADVSS00.PVM,grass0_t,
SATranslation/system/ADVSS00.PVM,jimensukima,
SATranslation/system/ADVSS00.PVM,jimensukima03,
SATranslation/system/ADVSS00.PVM,kaidan_oda,
SATranslation/system/ADVSS00.PVM,kb_deko3,
SATranslation/system/ADVSS00.PVM,kb_door10,
SATranslation/system/ADVSS00.PVM,kb_door2,
SATranslation/system/ADVSS00.PVM,kb_door_kasa2,
SATranslation/system/ADVSS00.PVM,kb_door_mado4,
SATranslation/system/ADVSS00.PVM,kb_hasira13,
SATranslation/system/ADVSS00.PVM,kb_hasira14,
SATranslation/system/ADVSS00.PVM,kb_hasira15,
SATranslation/system/ADVSS00.PVM,kb_hasira21,
SATranslation/system/ADVSS00.PVM,kb_hasira3,
SATranslation/system/ADVSS00.PVM,kb_hasira5,
SATranslation/system/ADVSS00.PVM,kb_kai,
SATranslation/system/ADVSS00.PVM,kb_mado4,
SATranslation/system/ADVSS00.PVM,kb_mado5,
SATranslation/system/ADVSS00.PVM,kb_mado9,
SATranslation/system/ADVSS00.PVM,kbench2,
SATranslation/system/ADVSS00.PVM,kio_hasira30,
SATranslation/system/ADVSS00.PVM,kio_mado1,
SATranslation/system/ADVSS00.PVM,kouen_hana10,
SATranslation/system/ADVSS00.PVM,kouen_hana11,
SATranslation/system/ADVSS00.PVM,kouen_hana4,
SATranslation/system/ADVSS00.PVM,kouen_hana8,
SATranslation/system/ADVSS00.PVM,kouen_hana9,
SATranslation/system/ADVSS00.PVM,load07,
SATranslation/system/ADVSS00.PVM,loadaposterkabe,
SATranslation/system/ADVSS00.PVM,manhole,
SATranslation/system/ADVSS00.PVM,mark_cityoffice,
SATranslation/system/ADVSS00.PVM,oda_ss_load02,
SATranslation/system/ADVSS00.PVM,oudanhodou,
SATranslation/system/ADVSS00.PVM,plant04,
SATranslation/system/ADVSS00.PVM,plant05,
SATranslation/system/ADVSS00.PVM,plant06,
SATranslation/system/ADVSS00.PVM,plant_02,
SATranslation/system/ADVSS00.PVM,plate1,
SATranslation/system/ADVSS00.PVM,plate5,
SATranslation/system/ADVSS00.PVM,post01,
SATranslation/system/ADVSS00.PVM,poster3,
SATranslation/system/ADVSS00.PVM,poster4,
SATranslation/system/ADVSS00.PVM,s1r_4,
SATranslation/system/ADVSS00.PVM,s1r_5,
SATranslation/system/ADVSS00.PVM,s1rchair04,
SATranslation/system/ADVSS00.PVM,s1rkabe_03,
SATranslation/system/ADVSS00.PVM,s1rkabe_04,
SATranslation/system/ADVSS00.PVM,s1rtable_05,
SATranslation/system/ADVSS00.PVM,s1rtanab,
SATranslation/system/ADVSS00.PVM,s1rtanad,
SATranslation/system/ADVSS00.PVM,s1rtanag,
SATranslation/system/ADVSS00.PVM,s1ryuka_02,
SATranslation/system/ADVSS00.PVM,s1tanae,
SATranslation/system/ADVSS00.PVM,s1w_05,
SATranslation/system/ADVSS00.PVM,s1w_14,
SATranslation/system/ADVSS00.PVM,s1w_16,
SATranslation/system/ADVSS00.PVM,s2cf,
SATranslation/system/ADVSS00.PVM,s2df,
SATranslation/system/ADVSS00.PVM,s2kasa_03,
SATranslation/system/ADVSS00.PVM,s2kasa_04,
SATranslation/system/ADVSS00.PVM,s2ryakan,
SATranslation/system/ADVSS00.PVM,s2ryuka_01,
SATranslation/system/ADVSS00.PVM,s2ryuka_02,
SATranslation/system/ADVSS00.PVM,s2tanab,
SATranslation/system/ADVSS00.PVM,s2tanac,
SATranslation/system/ADVSS00.PVM,s2tanah,
SATranslation/system/ADVSS00.PVM,s2tanai,
SATranslation/system/ADVSS00.PVM,s2w_01,
SATranslation/system/ADVSS00.PVM,s2w_02,
SATranslation/system/ADVSS00.PVM,s2win04,
SATranslation/system/ADVSS00.PVM,s2win05,
SATranslation/system/ADVSS00.PVM,s_w18,
SATranslation/system/ADVSS00.PVM,shellkasa02,
SATranslation/system/ADVSS00.PVM,shop1doorwaku,
SATranslation/system/ADVSS00.PVM,simakasa01,
SATranslation/system/ADVSS00.PVM,siyamado1f,
SATranslation/system/ADVSS00.PVM,ss_blick3,
SATranslation/system/ADVSS00.PVM,ss_geswater,
SATranslation/system/ADVSS00.PVM,ss_hata,
SATranslation/system/ADVSS00.PVM,ss_hotelmado1,
SATranslation/system/ADVSS00.PVM,ss_kanban3,
SATranslation/system/ADVSS00.PVM,ss_kanban4,
SATranslation/system/ADVSS00.PVM,ss_mainroad0,
SATranslation/system/ADVSS00.PVM,ss_oda70,
SATranslation/system/ADVSS00.PVM,ss_shadow_koi,
SATranslation/system/ADVSS00.PVM,ssha,
SATranslation/system/ADVSS00.PVM,ssha02,
SATranslation/system/ADVSS00.PVM,sshwb05,
SATranslation/system/ADVSS00.PVM,sssukima_kabe6,
SATranslation/system/ADVSS00.PVM,st1_1,
SATranslation/system/ADVSS00.PVM,st1_2,
SATranslation/system/ADVSS00.PVM,st3_100oda,
SATranslation/system/ADVSS00.PVM,st3_102oda,
SATranslation/system/ADVSS00.PVM,st3_109,
SATranslation/system/ADVSS00.PVM,st3_12,
SATranslation/system/ADVSS00.PVM,st3_13,
SATranslation/system/ADVSS00.PVM,st3_18,
SATranslation/system/ADVSS00.PVM,st3_25,
SATranslation/system/ADVSS00.PVM,st3_51,
SATranslation/system/ADVSS00.PVM,st3_55oda,
SATranslation/system/ADVSS00.PVM,st3_56,
SATranslation/system/ADVSS00.PVM,st3_60,
SATranslation/system/ADVSS00.PVM,st3_64,
SATranslation/system/ADVSS00.PVM,st3_7,
SATranslation/system/ADVSS00.PVM,st3_77,
SATranslation/system/ADVSS00.PVM,st3_82oda,
SATranslation/system/ADVSS00.PVM,st3_85oda,
SATranslation/system/ADVSS00.PVM,st3_96,
SATranslation/system/ADVSS00.PVM,st3_97,
SATranslation/system/ADVSS00.PVM,st3_mado2,
SATranslation/system/ADVSS00.PVM,st3_oda63,
SATranslation/system/ADVSS00.PVM,st_f07,
SATranslation/system/ADVSS00.PVM,st_green02,
SATranslation/system/ADVSS00.PVM,st_green13,
SATranslation/system/ADVSS00.PVM,st_green14,
SATranslation/system/ADVSS00.PVM,st_oda44,
SATranslation/system/ADVSS00.PVM,st_tex01,
SATranslation/system/ADVSS00.PVM,st_tex01_2,
SATranslation/system/ADVSS00.PVM,sukimaa_kabe14,
SATranslation/system/ADVSS00.PVM,sukimaa_kabe3,
SATranslation/system/ADVSS00.PVM,sukimaa_mado11,
SATranslation/system/ADVSS00.PVM,twtkabe64,
SATranslation/system/ADVSS00.PVM,uradoor,
SATranslation/system/ADVSS00.PVM,uradoor2,
SATranslation/system/ADVSS00.PVM,w_1,
SATranslation/system/ADVSS00.PVM,wshadow_oda,
SATranslation/system/ADVSS00.PVM,shellkasa01,
SATranslation/system/ADVSS01.PVM,aca_cload,
SATranslation/system/ADVSS01.PVM,aca_wload01,
SATranslation/system/ADVSS01.PVM,aca_wload02,
SATranslation/system/ADVSS01.PVM,ast_hasi02,
SATranslation/system/ADVSS01.PVM,ast_hasi04,
SATranslation/system/ADVSS01.PVM,ast_hasi05,
SATranslation/system/ADVSS01.PVM,ast_hasi06,
SATranslation/system/ADVSS01.PVM,ast_hasi08,
SATranslation/system/ADVSS01.PVM,ast_hasi09,
SATranslation/system/ADVSS01.PVM,ast_hasi10,
SATranslation/system/ADVSS01.PVM,ast_hasi13,
SATranslation/system/ADVSS01.PVM,ast_hasi14,
SATranslation/system/ADVSS01.PVM,ast_hasi16,
SATranslation/system/ADVSS01.PVM,ast_hasi17,
SATranslation/system/ADVSS01.PVM,ast_hasi18,
SATranslation/system/ADVSS01.PVM,ast_hasi19,
SATranslation/system/ADVSS01.PVM,ast_hasi20,
SATranslation/system/ADVSS01.PVM,ast_hasi21,
SATranslation/system/ADVSS01.PVM,ast_hasi22,
SATranslation/system/ADVSS01.PVM,ast_hasi23,
SATranslation/system/ADVSS01.PVM,ast_hasi25,
SATranslation/system/ADVSS01.PVM,ast_hasi26,
SATranslation/system/ADVSS01.PVM,ast_hasi27,
SATranslation/system/ADVSS01.PVM,ast_hasi28,
SATranslation/system/ADVSS01.PVM,ast_hasi29,
SATranslation/system/ADVSS01.PVM,ast_hasi31,
SATranslation/system/ADVSS01.PVM,ast_hasira02,
SATranslation/system/ADVSS01.PVM,ast_kabe01,
SATranslation/system/ADVSS01.PVM,ast_kabe03,
SATranslation/system/ADVSS01.PVM,ast_kabe04,
SATranslation/system/ADVSS01.PVM,ast_kabe05,
SATranslation/system/ADVSS01.PVM,ast_kabe09,
SATranslation/system/ADVSS01.PVM,ast_kabe10,
SATranslation/system/ADVSS01.PVM,ast_kabe11,
SATranslation/system/ADVSS01.PVM,ast_kabe12,
SATranslation/system/ADVSS01.PVM,ast_kabe13,
SATranslation/system/ADVSS01.PVM,ast_kabe14,
SATranslation/system/ADVSS01.PVM,ast_kabe17,
SATranslation/system/ADVSS01.PVM,ast_kabe18,
SATranslation/system/ADVSS01.PVM,ast_kabe19,
SATranslation/system/ADVSS01.PVM,ast_kabe20,
SATranslation/system/ADVSS01.PVM,ast_kabe21,
SATranslation/system/ADVSS01.PVM,ast_kabe22,
SATranslation/system/ADVSS01.PVM,ast_kabe23,
SATranslation/system/ADVSS01.PVM,ast_kabe24,
SATranslation/system/ADVSS01.PVM,ast_kabe27,
SATranslation/system/ADVSS01.PVM,ast_kabe28,
SATranslation/system/ADVSS01.PVM,ast_kabe29,
SATranslation/system/ADVSS01.PVM,ast_kabe30,
SATranslation/system/ADVSS01.PVM,ast_kabe32,
SATranslation/system/ADVSS01.PVM,ast_kabe33,
SATranslation/system/ADVSS01.PVM,ast_kabe34,
SATranslation/system/ADVSS01.PVM,ast_kabe40,
SATranslation/system/ADVSS01.PVM,ast_kabe41,
SATranslation/system/ADVSS01.PVM,ast_kabe43,
SATranslation/system/ADVSS01.PVM,ast_kabe46,
SATranslation/system/ADVSS01.PVM,ast_kabe47,
SATranslation/system/ADVSS01.PVM,ast_kabe50,
SATranslation/system/ADVSS01.PVM,ast_kabe55,
SATranslation/system/ADVSS01.PVM,ast_mado01,
SATranslation/system/ADVSS01.PVM,ast_mado05,
SATranslation/system/ADVSS01.PVM,ast_mado06,
SATranslation/system/ADVSS01.PVM,ast_mado07,
SATranslation/system/ADVSS01.PVM,ast_mado08,
SATranslation/system/ADVSS01.PVM,ast_mado09,
SATranslation/system/ADVSS01.PVM,ast_mado12,
SATranslation/system/ADVSS01.PVM,ast_mado13,
SATranslation/system/ADVSS01.PVM,ast_mado14,
SATranslation/system/ADVSS01.PVM,ast_mado17,
SATranslation/system/ADVSS01.PVM,ast_mado18,
SATranslation/system/ADVSS01.PVM,ast_ten02,
SATranslation/system/ADVSS01.PVM,ast_ten03,
SATranslation/system/ADVSS01.PVM,bst_ana,
SATranslation/system/ADVSS01.PVM,bst_chari,
SATranslation/system/ADVSS01.PVM,bst_chubea,
SATranslation/system/ADVSS01.PVM,bst_chubeb,
SATranslation/system/ADVSS01.PVM,bst_chubec,
SATranslation/system/ADVSS01.PVM,bst_cwa,
SATranslation/system/ADVSS01.PVM,bst_cwc,
SATranslation/system/ADVSS01.PVM,bst_cwd,
SATranslation/system/ADVSS01.PVM,bst_cwdb,
SATranslation/system/ADVSS01.PVM,bst_cwf,
SATranslation/system/ADVSS01.PVM,bst_cwg,
SATranslation/system/ADVSS01.PVM,bst_cwh,
SATranslation/system/ADVSS01.PVM,bst_cwi,
SATranslation/system/ADVSS01.PVM,bst_cwk,
SATranslation/system/ADVSS01.PVM,bst_cwl,
SATranslation/system/ADVSS01.PVM,bst_cwm,
SATranslation/system/ADVSS01.PVM,bst_cwn,
SATranslation/system/ADVSS01.PVM,bst_cwo,
SATranslation/system/ADVSS01.PVM,bst_cwp,
SATranslation/system/ADVSS01.PVM,bst_cwq,
SATranslation/system/ADVSS01.PVM,bst_cwr,
SATranslation/system/ADVSS01.PVM,bst_doora,
SATranslation/system/ADVSS01.PVM,bst_doorb,
SATranslation/system/ADVSS01.PVM,bst_doord,
SATranslation/system/ADVSS01.PVM,bst_doorg,
SATranslation/system/ADVSS01.PVM,bst_enta,
SATranslation/system/ADVSS01.PVM,bst_entc,
SATranslation/system/ADVSS01.PVM,bst_fan,
SATranslation/system/ADVSS01.PVM,bst_fanb,
SATranslation/system/ADVSS01.PVM,bst_gfina,
SATranslation/system/ADVSS01.PVM,bst_gfinb,
SATranslation/system/ADVSS01.PVM,bst_hari,
SATranslation/system/ADVSS01.PVM,bst_hasira02,
SATranslation/system/ADVSS01.PVM,bst_horo,
SATranslation/system/ADVSS01.PVM,bst_horob,
SATranslation/system/ADVSS01.PVM,bst_kabew,
SATranslation/system/ADVSS01.PVM,bst_kaia,
SATranslation/system/ADVSS01.PVM,bst_kaib,
SATranslation/system/ADVSS01.PVM,bst_kaic,
SATranslation/system/ADVSS01.PVM,bst_madoa,
SATranslation/system/ADVSS01.PVM,bst_madob,
SATranslation/system/ADVSS01.PVM,bst_madoc,
SATranslation/system/ADVSS01.PVM,bst_madod,
SATranslation/system/ADVSS01.PVM,bst_noren,
SATranslation/system/ADVSS01.PVM,bst_norenb,
SATranslation/system/ADVSS01.PVM,bst_refa,
SATranslation/system/ADVSS01.PVM,bst_refc,
SATranslation/system/ADVSS01.PVM,bst_refd,
SATranslation/system/ADVSS01.PVM,bst_sswin,
SATranslation/system/ADVSS01.PVM,bst_sswinb,
SATranslation/system/ADVSS01.PVM,bst_swa,
SATranslation/system/ADVSS01.PVM,bst_swb,
SATranslation/system/ADVSS01.PVM,bst_swc,
SATranslation/system/ADVSS01.PVM,bst_swcb,
SATranslation/system/ADVSS01.PVM,bst_swd,
SATranslation/system/ADVSS01.PVM,bst_swf,
SATranslation/system/ADVSS01.PVM,bst_tesiria,
SATranslation/system/ADVSS01.PVM,bst_tesirib,
SATranslation/system/ADVSS01.PVM,bst_tesiric,
SATranslation/system/ADVSS01.PVM,bst_wa,
SATranslation/system/ADVSS01.PVM,bst_wab,
SATranslation/system/ADVSS01.PVM,bst_wakub,
SATranslation/system/ADVSS01.PVM,bst_wakuc,
SATranslation/system/ADVSS01.PVM,bst_wakud,
SATranslation/system/ADVSS01.PVM,bst_wakue,
SATranslation/system/ADVSS01.PVM,bst_wakuf,
SATranslation/system/ADVSS01.PVM,bst_wakug,
SATranslation/system/ADVSS01.PVM,bst_wakugb,
SATranslation/system/ADVSS01.PVM,bst_wakuh,
SATranslation/system/ADVSS01.PVM,bst_wakui,
SATranslation/system/ADVSS01.PVM,bst_wakuk,
SATranslation/system/ADVSS01.PVM,bst_wakul,
SATranslation/system/ADVSS01.PVM,bst_wb,
SATranslation/system/ADVSS01.PVM,bst_wc,
SATranslation/system/ADVSS01.PVM,bst_wd,
SATranslation/system/ADVSS01.PVM,bst_we,
SATranslation/system/ADVSS01.PVM,bst_wf,
SATranslation/system/ADVSS01.PVM,bst_wg,
SATranslation/system/ADVSS01.PVM,bst_wh,
SATranslation/system/ADVSS01.PVM,bst_wi,
SATranslation/system/ADVSS01.PVM,bst_wj,
SATranslation/system/ADVSS01.PVM,bst_wk,
SATranslation/system/ADVSS01.PVM,bst_wl,
SATranslation/system/ADVSS01.PVM,bst_wn,
SATranslation/system/ADVSS01.PVM,bst_wo,
SATranslation/system/ADVSS01.PVM,bst_wp,
SATranslation/system/ADVSS01.PVM,bst_wq,
SATranslation/system/ADVSS01.PVM,bst_yaneb,
SATranslation/system/ADVSS01.PVM,bst_yanec,
SATranslation/system/ADVSS01.PVM,bst_yuka,
SATranslation/system/ADVSS01.PVM,bst_yukab,
SATranslation/system/ADVSS01.PVM,bstente,
SATranslation/system/ADVSS01.PVM,bstwakua,
SATranslation/system/ADVSS01.PVM,cahaikei_d,
SATranslation/system/ADVSS01.PVM,cahaikei_d_yu,
SATranslation/system/ADVSS01.PVM,casinom_kanban,
SATranslation/system/ADVSS01.PVM,casinom_kanban2,
SATranslation/system/ADVSS01.PVM,cat_hasira04,
SATranslation/system/ADVSS01.PVM,cat_hasira05,
SATranslation/system/ADVSS01.PVM,cat_hasira06,
SATranslation/system/ADVSS01.PVM,cat_hasira07,
SATranslation/system/ADVSS01.PVM,cat_hasira08,
SATranslation/system/ADVSS01.PVM,chaoinspace,
SATranslation/system/ADVSS01.PVM,cst_cajino11,
SATranslation/system/ADVSS01.PVM,cst_cajino12,
SATranslation/system/ADVSS01.PVM,cst_cajino14,
SATranslation/system/ADVSS01.PVM,cst_cajino16,
SATranslation/system/ADVSS01.PVM,cst_cajinoin01,
SATranslation/system/ADVSS01.PVM,cst_cajinoin02,
SATranslation/system/ADVSS01.PVM,cst_hasi01,
SATranslation/system/ADVSS01.PVM,cst_hasi03,
SATranslation/system/ADVSS01.PVM,cst_hasira03,
SATranslation/system/ADVSS01.PVM,cst_kabe01,
SATranslation/system/ADVSS01.PVM,cst_kabe02,
SATranslation/system/ADVSS01.PVM,cst_kabe03,
SATranslation/system/ADVSS01.PVM,cst_kabe06,
SATranslation/system/ADVSS01.PVM,cst_kabe07,
SATranslation/system/ADVSS01.PVM,cst_kabe10,
SATranslation/system/ADVSS01.PVM,cst_kabe12,
SATranslation/system/ADVSS01.PVM,cst_kaidan02,
SATranslation/system/ADVSS01.PVM,cst_kaidan03,
SATranslation/system/ADVSS01.PVM,cst_kaidan04,
SATranslation/system/ADVSS01.PVM,cst_kaidan07,
SATranslation/system/ADVSS01.PVM,cst_kaidan08,
SATranslation/system/ADVSS01.PVM,cst_kaidan_01,
SATranslation/system/ADVSS01.PVM,cst_moyou02,
SATranslation/system/ADVSS01.PVM,cst_moyou05,
SATranslation/system/ADVSS01.PVM,cst_sen01,
SATranslation/system/ADVSS01.PVM,cst_sen03,
SATranslation/system/ADVSS01.PVM,cst_sen04,
SATranslation/system/ADVSS01.PVM,cst_tesuri01,
SATranslation/system/ADVSS01.PVM,cst_tesuri02,
SATranslation/system/ADVSS01.PVM,cst_tukue01,
SATranslation/system/ADVSS01.PVM,cst_yuka01,
SATranslation/system/ADVSS01.PVM,cst_yuka02,
SATranslation/system/ADVSS01.PVM,denkou,
SATranslation/system/ADVSS01.PVM,hoteldoor_ref,
SATranslation/system/ADVSS01.PVM,jyutan,
SATranslation/system/ADVSS01.PVM,kabe_01w,
SATranslation/system/ADVSS01.PVM,kabe_03g,
SATranslation/system/ADVSS01.PVM,s_w37,
SATranslation/system/ADVSS01.PVM,shuchia,
SATranslation/system/ADVSS01.PVM,shuchib,
SATranslation/system/ADVSS01.PVM,ss_hoteldoor,
SATranslation/system/ADVSS01.PVM,ss_hotelline0,
SATranslation/system/ADVSS01.PVM,ss_hotelmado1,
SATranslation/system/ADVSS01.PVM,ss_hoteltenjyo0,
SATranslation/system/ADVSS01.PVM,sshotelpink0,
SATranslation/system/ADVSS01.PVM,st3_100,
SATranslation/system/ADVSS01.PVM,tokeiyoko,
SATranslation/system/ADVSS01.PVM,yuka_01w,
SATranslation/system/ADVSS01.PVM,yuka_oda01,
SATranslation/system/ADVSS01.PVM,ca_haikeiyane,
SATranslation/system/ADVSS01.PVM,cahaikei_d_yo,
SATranslation/system/ADVSS02.PVM,belt,
SATranslation/system/ADVSS02.PVM,belt2,
SATranslation/system/ADVSS02.PVM,bluemetal2,
SATranslation/system/ADVSS02.PVM,gele_yuka2,
SATranslation/system/ADVSS02.PVM,giya,
SATranslation/system/ADVSS02.PVM,gomme,
SATranslation/system/ADVSS02.PVM,kuda_bolt,
SATranslation/system/ADVSS02.PVM,kuda_so2,
SATranslation/system/ADVSS02.PVM,metalplate,
SATranslation/system/ADVSS02.PVM,paip_1,
SATranslation/system/ADVSS02.PVM,plant04,
SATranslation/system/ADVSS02.PVM,ring,
SATranslation/system/ADVSS02.PVM,s2ryuka_01,
SATranslation/system/ADVSS02.PVM,ss_bigblick0,
SATranslation/system/ADVSS02.PVM,ss_blick3,
SATranslation/system/ADVSS02.PVM,ss_blick4,
SATranslation/system/ADVSS02.PVM,ss_blush0,
SATranslation/system/ADVSS02.PVM,ss_conc0,
SATranslation/system/ADVSS02.PVM,ss_conc1,
SATranslation/system/ADVSS02.PVM,ss_conc2,
SATranslation/system/ADVSS02.PVM,ss_conc5,
SATranslation/system/ADVSS02.PVM,ss_conc6,
SATranslation/system/ADVSS02.PVM,ss_conc7,
SATranslation/system/ADVSS02.PVM,ss_conc8,
SATranslation/system/ADVSS02.PVM,ss_dan0,
SATranslation/system/ADVSS02.PVM,ss_dokansky,
SATranslation/system/ADVSS02.PVM,ss_gesami0,
SATranslation/system/ADVSS02.PVM,ss_geskuda0,
SATranslation/system/ADVSS02.PVM,ss_gespanel0,
SATranslation/system/ADVSS02.PVM,ss_gesslit,
SATranslation/system/ADVSS02.PVM,ss_geswaku0,
SATranslation/system/ADVSS02.PVM,ss_gold0,
SATranslation/system/ADVSS02.PVM,ss_k_2,
SATranslation/system/ADVSS02.PVM,ss_k_4,
SATranslation/system/ADVSS02.PVM,ss_k_6,
SATranslation/system/ADVSS02.PVM,ss_metalbar0,
SATranslation/system/ADVSS02.PVM,ss_metalbar1,
SATranslation/system/ADVSS02.PVM,ss_sabi0,
SATranslation/system/ADVSS02.PVM,ss_t_gamen,
SATranslation/system/ADVSS02.PVM,ss_t_tora,
SATranslation/system/ADVSS02.PVM,ss_tan01,
SATranslation/system/ADVSS02.PVM,ss_wkabe1,
SATranslation/system/ADVSS02.PVM,usuaometal,
SATranslation/system/ADVSS02.PVM,usuaometal3,
SATranslation/system/ADVSS02.PVM,usuaometal4,
SATranslation/system/ADVSS02.PVM,w_1,
SATranslation/system/ADVSS02.PVM,geswater00,
SATranslation/system/ADVSS03.PVM,ast_hasi14,
SATranslation/system/ADVSS03.PVM,ast_hasira04,
SATranslation/system/ADVSS03.PVM,bst_doora,
SATranslation/system/ADVSS03.PVM,containerf19,
SATranslation/system/ADVSS03.PVM,cst_hasira01,
SATranslation/system/ADVSS03.PVM,cst_hasira02,
SATranslation/system/ADVSS03.PVM,cst_kaidan06,
SATranslation/system/ADVSS03.PVM,cst_mado01,
SATranslation/system/ADVSS03.PVM,cst_sen01,
SATranslation/system/ADVSS03.PVM,dk2_door,
SATranslation/system/ADVSS03.PVM,dustkaidan05,
SATranslation/system/ADVSS03.PVM,duw70,
SATranslation/system/ADVSS03.PVM,duw71,
SATranslation/system/ADVSS03.PVM,duwyanesaku,
SATranslation/system/ADVSS03.PVM,duyuka03,
SATranslation/system/ADVSS03.PVM,duyukaa,
SATranslation/system/ADVSS03.PVM,duyukab,
SATranslation/system/ADVSS03.PVM,ekiname02,
SATranslation/system/ADVSS03.PVM,elehasirahaji02,
SATranslation/system/ADVSS03.PVM,elehasirahaji03,
SATranslation/system/ADVSS03.PVM,elehasirahaji05,
SATranslation/system/ADVSS03.PVM,elehasirahaji06,
SATranslation/system/ADVSS03.PVM,era_s_hedb,
SATranslation/system/ADVSS03.PVM,grass0_t,
SATranslation/system/ADVSS03.PVM,hwbshadou0,
SATranslation/system/ADVSS03.PVM,kabe_01w,
SATranslation/system/ADVSS03.PVM,kanbandaigreen,
SATranslation/system/ADVSS03.PVM,kb_mado11,
SATranslation/system/ADVSS03.PVM,kio_hasira16,
SATranslation/system/ADVSS03.PVM,kio_hasira25,
SATranslation/system/ADVSS03.PVM,kio_hasira30,
SATranslation/system/ADVSS03.PVM,kio_hasira31,
SATranslation/system/ADVSS03.PVM,kiosk_tana03,
SATranslation/system/ADVSS03.PVM,load07,
SATranslation/system/ADVSS03.PVM,m128_cos012,
SATranslation/system/ADVSS03.PVM,m128_cos019,
SATranslation/system/ADVSS03.PVM,m128_cos020,
SATranslation/system/ADVSS03.PVM,m128_sand001,
SATranslation/system/ADVSS03.PVM,m32_tp04,
SATranslation/system/ADVSS03.PVM,m32_tp15,
SATranslation/system/ADVSS03.PVM,m64_tp2_007,
SATranslation/system/ADVSS03.PVM,m64_tp2_011,
SATranslation/system/ADVSS03.PVM,oda_ekiname02,
SATranslation/system/ADVSS03.PVM,oda_ss_door01,
SATranslation/system/ADVSS03.PVM,oda_ss_hashira01,
SATranslation/system/ADVSS03.PVM,oda_ss_hashira03,
SATranslation/system/ADVSS03.PVM,oda_ss_huchi01,
SATranslation/system/ADVSS03.PVM,oda_ss_kabe01,
SATranslation/system/ADVSS03.PVM,oda_ss_kabe04,
SATranslation/system/ADVSS03.PVM,oda_ss_kabe05,
SATranslation/system/ADVSS03.PVM,oda_ss_kabe06,
SATranslation/system/ADVSS03.PVM,oda_ss_kabe08,
SATranslation/system/ADVSS03.PVM,oda_ss_kabe09,
SATranslation/system/ADVSS03.PVM,oda_ss_kabe11,
SATranslation/system/ADVSS03.PVM,oda_ss_kabe12,
SATranslation/system/ADVSS03.PVM,oda_ss_kabe13,
SATranslation/system/ADVSS03.PVM,oda_ss_kabe14,
SATranslation/system/ADVSS03.PVM,oda_ss_kabe15,
SATranslation/system/ADVSS03.PVM,oda_ss_kabe16,
SATranslation/system/ADVSS03.PVM,oda_ss_kabe17,
SATranslation/system/ADVSS03.PVM,oda_ss_kabe18,
SATranslation/system/ADVSS03.PVM,oda_ss_kabe19,
SATranslation/system/ADVSS03.PVM,oda_ss_kabe20,
SATranslation/system/ADVSS03.PVM,oda_ss_kabe21,
SATranslation/system/ADVSS03.PVM,oda_ss_kabe22,
SATranslation/system/ADVSS03.PVM,oda_ss_kabe23,
SATranslation/system/ADVSS03.PVM,oda_ss_kusa01,
SATranslation/system/ADVSS03.PVM,oda_ss_kusa02,
SATranslation/system/ADVSS03.PVM,oda_ss_load01,
SATranslation/system/ADVSS03.PVM,oda_ss_load02,
SATranslation/system/ADVSS03.PVM,oda_ss_load03,
SATranslation/system/ADVSS03.PVM,oda_ss_plant01,
SATranslation/system/ADVSS03.PVM,oda_ss_plant02,
SATranslation/system/ADVSS03.PVM,oda_ss_plant03,
SATranslation/system/ADVSS03.PVM,oda_ss_pos01,
SATranslation/system/ADVSS03.PVM,oda_ss_pos02,
SATranslation/system/ADVSS03.PVM,oda_ss_shop01,
SATranslation/system/ADVSS03.PVM,oda_ss_shop02,
SATranslation/system/ADVSS03.PVM,oda_ss_tenjyo01,
SATranslation/system/ADVSS03.PVM,oda_ss_tenmado01,
SATranslation/system/ADVSS03.PVM,oda_ss_tex01,
SATranslation/system/ADVSS03.PVM,oda_ss_tex02,
SATranslation/system/ADVSS03.PVM,oda_ss_tex03,
SATranslation/system/ADVSS03.PVM,oda_ss_tex04,
SATranslation/system/ADVSS03.PVM,oda_ss_tex05,
SATranslation/system/ADVSS03.PVM,oda_ss_tex06,
SATranslation/system/ADVSS03.PVM,oda_ss_tex07,
SATranslation/system/ADVSS03.PVM,oda_ss_tex08,
SATranslation/system/ADVSS03.PVM,oda_ss_tex09,
SATranslation/system/ADVSS03.PVM,oda_ss_tex10,
SATranslation/system/ADVSS03.PVM,oda_ss_tex11,
SATranslation/system/ADVSS03.PVM,oda_ss_tex12,
SATranslation/system/ADVSS03.PVM,oda_ss_tex13,
SATranslation/system/ADVSS03.PVM,oda_ss_tex14,
SATranslation/system/ADVSS03.PVM,oda_ss_tex15,
SATranslation/system/ADVSS03.PVM,oda_ss_tex16,
SATranslation/system/ADVSS03.PVM,oda_ss_tex17,
SATranslation/system/ADVSS03.PVM,oda_ss_tex18,
SATranslation/system/ADVSS03.PVM,oda_ss_tex19,
SATranslation/system/ADVSS03.PVM,oda_ss_tex20,
SATranslation/system/ADVSS03.PVM,oda_ss_tex50,
SATranslation/system/ADVSS03.PVM,oda_ss_utsurikomi01,
SATranslation/system/ADVSS03.PVM,oda_ss_wind02,
SATranslation/system/ADVSS03.PVM,oda_ss_wind05,
SATranslation/system/ADVSS03.PVM,oda_ss_wind06,
SATranslation/system/ADVSS03.PVM,oda_ss_yane01,
SATranslation/system/ADVSS03.PVM,oda_ss_yane02,
SATranslation/system/ADVSS03.PVM,oda_ss_yane03,
SATranslation/system/ADVSS03.PVM,oda_ss_yuka02,
SATranslation/system/ADVSS03.PVM,oudanhodou,
SATranslation/system/ADVSS03.PVM,s1rkabe_02,
SATranslation/system/ADVSS03.PVM,s1w_14,
SATranslation/system/ADVSS03.PVM,s2dnobu1,
SATranslation/system/ADVSS03.PVM,s2dwaku,
SATranslation/system/ADVSS03.PVM,ss_conc0,
SATranslation/system/ADVSS03.PVM,ss_conc2,
SATranslation/system/ADVSS03.PVM,ss_conc3,
SATranslation/system/ADVSS03.PVM,ss_conc5,
SATranslation/system/ADVSS03.PVM,ss_conc6,
SATranslation/system/ADVSS03.PVM,ss_conc7,
SATranslation/system/ADVSS03.PVM,ss_conc8,
SATranslation/system/ADVSS03.PVM,ss_geskuda0,
SATranslation/system/ADVSS03.PVM,ss_gespanel0,
SATranslation/system/ADVSS03.PVM,ss_geswaku0,
SATranslation/system/ADVSS03.PVM,ss_gmadow0,
SATranslation/system/ADVSS03.PVM,ss_hw_wall0,
SATranslation/system/ADVSS03.PVM,ss_hw_wall1,
SATranslation/system/ADVSS03.PVM,ss_hw_wall2,
SATranslation/system/ADVSS03.PVM,ss_hw_yuka0,
SATranslation/system/ADVSS03.PVM,ss_ita0,
SATranslation/system/ADVSS03.PVM,ss_kiosk10,
SATranslation/system/ADVSS03.PVM,ss_maga7,
SATranslation/system/ADVSS03.PVM,ss_maga8,
SATranslation/system/ADVSS03.PVM,ss_maga9,
SATranslation/system/ADVSS03.PVM,ss_magazin11,
SATranslation/system/ADVSS03.PVM,ss_magazin16,
SATranslation/system/ADVSS03.PVM,ss_magazin17,
SATranslation/system/ADVSS03.PVM,ss_magazin25,
SATranslation/system/ADVSS03.PVM,ss_magazin26,
SATranslation/system/ADVSS03.PVM,ss_oda66,
SATranslation/system/ADVSS03.PVM,ss_odabill_a,
SATranslation/system/ADVSS03.PVM,ss_odabill_b,
SATranslation/system/ADVSS03.PVM,ss_odabill_c,
SATranslation/system/ADVSS03.PVM,ss_pika4,
SATranslation/system/ADVSS03.PVM,ss_shadow_koi,
SATranslation/system/ADVSS03.PVM,ss_tex_60,
SATranslation/system/ADVSS03.PVM,ss_wkabe,
SATranslation/system/ADVSS03.PVM,ss_wkabe0,
SATranslation/system/ADVSS03.PVM,ssha,
SATranslation/system/ADVSS03.PVM,sshwb00,
SATranslation/system/ADVSS03.PVM,sshwb01,
SATranslation/system/ADVSS03.PVM,sshwb02,
SATranslation/system/ADVSS03.PVM,sshwb05,
SATranslation/system/ADVSS03.PVM,sshwb06,
SATranslation/system/ADVSS03.PVM,sshwb07,
SATranslation/system/ADVSS03.PVM,sskasanlight0,
SATranslation/system/ADVSS03.PVM,sskasanlight1,
SATranslation/system/ADVSS03.PVM,sswater00,
SATranslation/system/ADVSS03.PVM,st1_2,
SATranslation/system/ADVSS03.PVM,st_hotel_oda,
SATranslation/system/ADVSS03.PVM,todana08,
SATranslation/system/ADVSS03.PVM,tp1_2,
SATranslation/system/ADVSS03.PVM,tp1_7tatenaga,
SATranslation/system/ADVSS03.PVM,tp2_10,
SATranslation/system/ADVSS03.PVM,twbdoor01,
SATranslation/system/ADVSS03.PVM,twenthasira01,
SATranslation/system/ADVSS03.PVM,twkabe03_2,
SATranslation/system/ADVSS03.PVM,twkabe04,
SATranslation/system/ADVSS03.PVM,twkabe07,
SATranslation/system/ADVSS03.PVM,wshadow,
SATranslation/system/ADVSS03.PVM,yuka_01w,
SATranslation/system/ADVSS03.PVM,oda_ss_pos03,
SATranslation/system/ADVSS03.PVM,salt_tev00_00,
SATranslation/system/ADVSS03.PVM,salt_tev01_00,
SATranslation/system/ADVSS03.PVM,salt_tev02,
SATranslation/system/ADVSS03.PVM,salt_tev01_01,
SATranslation/system/ADVSS03.PVM,salt_tev01_red,
SATranslation/system/ADVSS04.PVM,ast_hasi19,
SATranslation/system/ADVSS04.PVM,ast_hasi21,
SATranslation/system/ADVSS04.PVM,ast_hasi27,
SATranslation/system/ADVSS04.PVM,ast_hasi30,
SATranslation/system/ADVSS04.PVM,ast_hasi31,
SATranslation/system/ADVSS04.PVM,ast_hasi35,
SATranslation/system/ADVSS04.PVM,ast_hasi36,
SATranslation/system/ADVSS04.PVM,ast_hasi37,
SATranslation/system/ADVSS04.PVM,ast_hasi38,
SATranslation/system/ADVSS04.PVM,ast_hasi39,
SATranslation/system/ADVSS04.PVM,ast_hasira02,
SATranslation/system/ADVSS04.PVM,ast_kabe46,
SATranslation/system/ADVSS04.PVM,ast_kabe51,
SATranslation/system/ADVSS04.PVM,ast_kabe52,
SATranslation/system/ADVSS04.PVM,ast_kabe54,
SATranslation/system/ADVSS04.PVM,ast_kabe55,
SATranslation/system/ADVSS04.PVM,ast_kabe57,
SATranslation/system/ADVSS04.PVM,ast_kabe58,
SATranslation/system/ADVSS04.PVM,bst_enta,
SATranslation/system/ADVSS04.PVM,bst_shg,
SATranslation/system/ADVSS04.PVM,bst_shgb,
SATranslation/system/ADVSS04.PVM,bst_shgc,
SATranslation/system/ADVSS04.PVM,bst_shgd,
SATranslation/system/ADVSS04.PVM,bst_shgde,
SATranslation/system/ADVSS04.PVM,bst_shst,
SATranslation/system/ADVSS04.PVM,bst_shstb,
SATranslation/system/ADVSS04.PVM,bst_shstc,
SATranslation/system/ADVSS04.PVM,bst_shstd,
SATranslation/system/ADVSS04.PVM,bst_shste,
SATranslation/system/ADVSS04.PVM,bst_shstf,
SATranslation/system/ADVSS04.PVM,bst_shstg,
SATranslation/system/ADVSS04.PVM,bst_shsth,
SATranslation/system/ADVSS04.PVM,bst_shsti,
SATranslation/system/ADVSS04.PVM,bst_shstj,
SATranslation/system/ADVSS04.PVM,bst_shstk,
SATranslation/system/ADVSS04.PVM,bst_shstl,
SATranslation/system/ADVSS04.PVM,cst_kabeh,
SATranslation/system/ADVSS04.PVM,cst_kabeh02,
SATranslation/system/ADVSS04.PVM,cst_kaidan07,
SATranslation/system/ADVSS04.PVM,cst_tesuri01,
SATranslation/system/ADVSS04.PVM,cst_yukad01,
SATranslation/system/ADVSS04.PVM,cst_yukah01,
SATranslation/system/ADVSS04.PVM,cst_yukah02,
SATranslation/system/ADVSS04.PVM,grass0_t,
SATranslation/system/ADVSS04.PVM,jyutan,
SATranslation/system/ADVSS04.PVM,kio_mado6,
SATranslation/system/ADVSS04.PVM,load,
SATranslation/system/ADVSS04.PVM,load01,
SATranslation/system/ADVSS04.PVM,load07,
SATranslation/system/ADVSS04.PVM,m128_cos012,
SATranslation/system/ADVSS04.PVM,m128_cos019,
SATranslation/system/ADVSS04.PVM,m128_cos020,
SATranslation/system/ADVSS04.PVM,m128_sand001,
SATranslation/system/ADVSS04.PVM,m128_sea001,
SATranslation/system/ADVSS04.PVM,m128_wave001,
SATranslation/system/ADVSS04.PVM,oda_ss_hashira01,
SATranslation/system/ADVSS04.PVM,plant_02,
SATranslation/system/ADVSS04.PVM,pool_oda01,
SATranslation/system/ADVSS04.PVM,rend_2casino_d,
SATranslation/system/ADVSS04.PVM,rend_2loads_d,
SATranslation/system/ADVSS04.PVM,s1rkabe_02,
SATranslation/system/ADVSS04.PVM,s_w37,
SATranslation/system/ADVSS04.PVM,s_w38,
SATranslation/system/ADVSS04.PVM,ss_hodou0,
SATranslation/system/ADVSS04.PVM,ss_hoteldoor,
SATranslation/system/ADVSS04.PVM,ss_hotelmado1,
SATranslation/system/ADVSS04.PVM,ss_mainroad0,
SATranslation/system/ADVSS04.PVM,ss_sanbashi0,
SATranslation/system/ADVSS04.PVM,ss_sanbashi1,
SATranslation/system/ADVSS04.PVM,ss_sanbashi2,
SATranslation/system/ADVSS04.PVM,ss_wkabe,
SATranslation/system/ADVSS04.PVM,ss_wkabe1,
SATranslation/system/ADVSS04.PVM,st3_100,
SATranslation/system/ADVSS04.PVM,st_hotel_oda,
SATranslation/system/ADVSS04.PVM,tokeiyoko,
SATranslation/system/ADVSS04.PVM,yasi,
SATranslation/system/ADVSS04.PVM,yasi_eda,
SATranslation/system/ADVSS04.PVM,yasi_happa2,
SATranslation/system/ADVSS04.PVM,ssmadotexh0_d,
SATranslation/system/ADVSS04.PVM,salt_tev00_00,
SATranslation/system/ADVSS04.PVM,salt_tev01_00,
SATranslation/system/ADVSS04.PVM,salt_tev02,
SATranslation/system/ADVSS04.PVM,salt_tev01_red,
SATranslation/system/ADVSS04.PVM,w_m128_sand001,
SATranslation/system/ADVSS04.PVM,w_m128_cos019,
SATranslation/system/ADVSS04.PVM,w_m128_cos012,
SATranslation/system/ADVSS04.PVM,w_m128_sea001,
SATranslation/system/ADVSS04.PVM,w_m128_wave001,
SATranslation/system/ADVSS04.PVM,rend_2casino_d_yo,
SATranslation/system/ADVSS04.PVM,rend_2casino_d_yu,
SATranslation/system/ADVSS04.PVM,rend_2loads_d_yo,
SATranslation/system/ADVSS04.PVM,rend_2loads_d_yu,
SATranslation/system/ADVSS05.PVM,du128tw002,
SATranslation/system/ADVSS05.PVM,du32tw002,
SATranslation/system/ADVSS05.PVM,du32tw005,
SATranslation/system/ADVSS05.PVM,du32tw006,
SATranslation/system/ADVSS05.PVM,du32tw011,
SATranslation/system/ADVSS05.PVM,du32tw015,
SATranslation/system/ADVSS05.PVM,du32tw016,
SATranslation/system/ADVSS05.PVM,du32tw017,
SATranslation/system/ADVSS05.PVM,du64tw003,
SATranslation/system/ADVSS05.PVM,du64tw005,
SATranslation/system/ADVSS05.PVM,du64tw007,
SATranslation/system/ADVSS05.PVM,du64tw008,
SATranslation/system/ADVSS05.PVM,elehasirahaji06,
SATranslation/system/ADVSS05.PVM,entkabe02,
SATranslation/system/ADVSS05.PVM,kartdoor002,
SATranslation/system/ADVSS05.PVM,m64_tp118,
SATranslation/system/ADVSS05.PVM,tp1_7tatenaga,
SATranslation/system/ADVSS05.PVM,twbdoor01,
SATranslation/system/ADVSS05.PVM,twindoor,
SATranslation/system/ADVSS05.PVM,twkabe04,
SATranslation/system/ADVSS05.PVM,twskabe05,
SATranslation/system/ADVSS05.PVM,twskabe06,
SATranslation/system/ADVSS05.PVM,twskabe09,
SATranslation/system/ADVSS05.PVM,twskabe15,
SATranslation/system/ADVSS05.PVM,twstuuro07,
SATranslation/system/ADVSS05.PVM,yuka_01w,
SATranslation/system/ADVSS05.PVM,twskabe16,
SATranslation/system/AIR_SIGNAL.PVM,ken64_sg04,
SATranslation/system/AIR_SIGNAL.PVM,ken08_sg07,
SATranslation/system/AIR_SIGNAL.PVM,ken64_sg08,
SATranslation/system/AIR_SIGNAL.PVM,ken32_sg03,
SATranslation/system/AIR_SIGNAL.PVM,ken32_sg06,
SATranslation/system/AIR_SIGNAL.PVM,ken64_tm01,
SATranslation/system/AIR_SIGNAL.PVM,ken64_sg01,
SATranslation/system/AIR_SIGNAL.PVM,ken32_sg05,
SATranslation/system/AIR_SIGNAL.PVM,ken32_sg02,
SATranslation/system/AL_BODY.PVM,al_child02,
SATranslation/system/AL_BODY.PVM,al_child03,
SATranslation/system/AL_BODY.PVM,al_child04,
SATranslation/system/AL_BODY.PVM,al_hn00,
SATranslation/system/AL_BODY.PVM,al_hn01,
SATranslation/system/AL_BODY.PVM,al_hn02,
SATranslation/system/AL_BODY.PVM,al_hs00,
SATranslation/system/AL_BODY.PVM,al_hs01,
SATranslation/system/AL_BODY.PVM,al_hs02,
SATranslation/system/AL_BODY.PVM,al_hf00,
SATranslation/system/AL_BODY.PVM,al_hf01,
SATranslation/system/AL_BODY.PVM,al_hf02,
SATranslation/system/AL_BODY.PVM,al_hr00,
SATranslation/system/AL_BODY.PVM,al_hr01,
SATranslation/system/AL_BODY.PVM,al_hr02,
SATranslation/system/AL_BODY.PVM,al_hp00,
SATranslation/system/AL_BODY.PVM,al_hp01,
SATranslation/system/AL_BODY.PVM,al_hp02,
SATranslation/system/AL_BODY.PVM,al_jewel_gold,
SATranslation/system/AL_BODY.PVM,al_jewel_silver,
SATranslation/system/AL_BODY.PVM,al_jewel_ruby,
SATranslation/system/AL_BODY.PVM,al_jewel_sapphire,
SATranslation/system/AL_BODY.PVM,al_jewel_emerald,
SATranslation/system/AL_BODY.PVM,al_jewel_amethyst,
SATranslation/system/AL_BODY.PVM,al_jewel_aquamarine,
SATranslation/system/AL_BODY.PVM,al_jewel_garnet,
SATranslation/system/AL_BODY.PVM,al_jewel_onyx,
SATranslation/system/AL_BODY.PVM,al_jewel_peridot,
SATranslation/system/AL_BODY.PVM,al_jewel_topaz,
SATranslation/system/AL_BODY.PVM,ali_medal_pearl,
SATranslation/system/AL_BODY.PVM,al_metal0,
SATranslation/system/AL_BODY.PVM,al_metal1,
SATranslation/system/AL_BODY.PVM,al_glass,
SATranslation/system/AL_BODY.PVM,al_golf,
SATranslation/system/AL_BODY.PVM,chao_rare00,
SATranslation/system/AL_BODY.PVM,al_amy00,
SATranslation/system/AL_BODY.PVM,al_amy01,
SATranslation/system/AL_BODY.PVM,al_eye01,
SATranslation/system/AL_BODY.PVM,al_mouth02,
SATranslation/system/AL_BODY.PVM,al_mouth03,
SATranslation/system/AL_BODY.PVM,al_child01,
SATranslation/system/AL_BODY.PVM,al_eye10,
SATranslation/system/AL_BODY.PVM,al_dcha00,
SATranslation/system/AL_BODY.PVM,al_dcha01,
SATranslation/system/AL_BODY.PVM,al_dcha02,
SATranslation/system/AL_BODY.PVM,al_eye_dcha,
SATranslation/system/AL_BODY.PVM,al_df00,
SATranslation/system/AL_BODY.PVM,al_df01,
SATranslation/system/AL_BODY.PVM,al_df02,
SATranslation/system/AL_BODY.PVM,al_dn00,
SATranslation/system/AL_BODY.PVM,al_dn01,
SATranslation/system/AL_BODY.PVM,al_dn02,
SATranslation/system/AL_BODY.PVM,al_dp00,
SATranslation/system/AL_BODY.PVM,al_dp01,
SATranslation/system/AL_BODY.PVM,al_dp02,
SATranslation/system/AL_BODY.PVM,al_dr01,
SATranslation/system/AL_BODY.PVM,al_dr00,
SATranslation/system/AL_BODY.PVM,al_dr02,
SATranslation/system/AL_BODY.PVM,al_ds02,
SATranslation/system/AL_BODY.PVM,al_ds00,
SATranslation/system/AL_BODY.PVM,al_ds01,
SATranslation/system/AL_BODY.PVM,al_egg01,
SATranslation/system/AL_BODY.PVM,al_eggchao00,
SATranslation/system/AL_BODY.PVM,al_eye11,
SATranslation/system/AL_BODY.PVM,al_hcha00,
SATranslation/system/AL_BODY.PVM,al_hcha01,
SATranslation/system/AL_BODY.PVM,al_hcha02,
SATranslation/system/AL_BODY.PVM,al_kn00,
SATranslation/system/AL_BODY.PVM,al_kn01,
SATranslation/system/AL_BODY.PVM,alo_mask_apple00,
SATranslation/system/AL_BODY.PVM,alo_mask_apple01,
SATranslation/system/AL_BODY.PVM,alo_mask_stump01,
SATranslation/system/AL_BODY.PVM,alo_mask_wm01,
SATranslation/system/AL_BODY.PVM,alo_mask_bucket00,
SATranslation/system/AL_BODY.PVM,alo_mask_bucket01,
SATranslation/system/AL_BODY.PVM,alo_mask_can00,
SATranslation/system/AL_BODY.PVM,alo_mask_can01,
SATranslation/system/AL_BODY.PVM,alo_mask_cdbox00,
SATranslation/system/AL_BODY.PVM,alo_mask_cdbox01,
SATranslation/system/AL_BODY.PVM,alo_mask_flowerpot00,
SATranslation/system/AL_BODY.PVM,alo_mask_flowerpot01,
SATranslation/system/AL_BODY.PVM,alo_mask_paperbag00,
SATranslation/system/AL_BODY.PVM,alo_mask_stewpan00,
SATranslation/system/AL_BODY.PVM,alo_mask_stump00,
SATranslation/system/AL_BODY.PVM,alo_mask_wm00,
SATranslation/system/AL_BODY.PVM,alo_mask_wm02,
SATranslation/system/AL_BODY.PVM,alo_mask_wool00,
SATranslation/system/AL_BODY.PVM,alo_mask_wool01,
SATranslation/system/AL_BODY.PVM,alo_mask_wool02,
SATranslation/system/AL_BODY.PVM,alo_mask_wool_b00,
SATranslation/system/AL_BODY.PVM,alo_mask_woolb01,
SATranslation/system/AL_BODY.PVM,alo_mask_woolb02,
SATranslation/system/AL_BODY.PVM,alo_mask_woolc00,
SATranslation/system/AL_BODY.PVM,alo_mask_woolc01,
SATranslation/system/AL_BODY.PVM,alo_mask_woolc02,
SATranslation/system/AL_BODY.PVM,alo_mask_teethingring00,
SATranslation/system/AL_BODY.PVM,al_ncha00,
SATranslation/system/AL_BODY.PVM,al_ncha01,
SATranslation/system/AL_BODY.PVM,al_ncha02,
SATranslation/system/AL_BODY.PVM,al_ncha03,
SATranslation/system/AL_BODY.PVM,al_ncha04,
SATranslation/system/AL_BODY.PVM,al_ncha06,
SATranslation/system/AL_BODY.PVM,al_n00,
SATranslation/system/AL_BODY.PVM,al_n01,
SATranslation/system/AL_BODY.PVM,al_n02,
SATranslation/system/AL_BODY.PVM,al_n13,
SATranslation/system/AL_BODY.PVM,al_n14,
SATranslation/system/AL_BODY.PVM,al_n15,
SATranslation/system/AL_BODY.PVM,al_n03,
SATranslation/system/AL_BODY.PVM,al_n11,
SATranslation/system/AL_BODY.PVM,al_n12,
SATranslation/system/AL_BODY.PVM,al_n09,
SATranslation/system/AL_BODY.PVM,al_n10,
SATranslation/system/AL_BODY.PVM,al_n04,
SATranslation/system/AL_BODY.PVM,al_n05,
SATranslation/system/AL_BODY.PVM,al_n06,
SATranslation/system/AL_BODY.PVM,al_n07,
SATranslation/system/AL_BODY.PVM,al_n08,
SATranslation/system/AL_BODY.PVM,al_n17,
SATranslation/system/AL_BODY.PVM,al_n19,
SATranslation/system/AL_BODY.PVM,al_n16,
SATranslation/system/AL_BODY.PVM,al_n18,
SATranslation/system/AL_BODY.PVM,al_omo01,
SATranslation/system/AL_BODY.PVM,al_omo02,
SATranslation/system/AL_BODY.PVM,al_omo03,
SATranslation/system/AL_BODY.PVM,al_omo04,
SATranslation/system/AL_BODY.PVM,al_omo05,
SATranslation/system/AL_BODY.PVM,al_omo06,
SATranslation/system/AL_BODY.PVM,al_spc03,
SATranslation/system/AL_BODY.PVM,al_spc04,
SATranslation/system/AL_BODY.PVM,al_spc05,
SATranslation/system/AL_BODY.PVM,al_spc00,
SATranslation/system/AL_BODY.PVM,al_spc01,
SATranslation/system/AL_BODY.PVM,al_spc02,
SATranslation/system/AL_BODY.PVM,al_tai00,
SATranslation/system/AL_BODY.PVM,al_tai01,
SATranslation/system/AL_BODY.PVM,al_mayu,
SATranslation/system/AL_BODY.PVM,al_hcha03,
SATranslation/system/AL_BODY.PVM,race_co01,
SATranslation/system/AL_BODY.PVM,race_co02,
SATranslation/system/AL_BODY.PVM,race_co03,
SATranslation/system/AL_BODY.PVM,race_co16,
SATranslation/system/AL_BODY.PVM,race_co00,
SATranslation/system/AL_DX_CHAOS.PVM,al_mouth02,
SATranslation/system/AL_DX_CHAOS.PVM,al_mouth03,
SATranslation/system/AL_DX_CHAOS.PVM,al_ncha00,
SATranslation/system/AL_DX_CHAOS.PVM,al_ncha01,
SATranslation/system/AL_DX_CHAOS.PVM,al_ncha02,
SATranslation/system/AL_DX_CHAOS.PVM,al_ncha03,
SATranslation/system/AL_DX_CHAOS.PVM,al_ncha04,
SATranslation/system/AL_DX_CHAOS.PVM,al_ncha06,
SATranslation/system/AL_DX_ETC.PVM,r_sonic2,
SATranslation/system/AL_DX_ETC.PVM,r_tailes2,
SATranslation/system/AL_DX_ETC.PVM,r_nuckles2,
SATranslation/system/AL_DX_ETC.PVM,r_amy,
SATranslation/system/AL_DX_ETC.PVM,r_e102,
SATranslation/system/AL_DX_ETC.PVM,r_big,
SATranslation/system/AL_DX_ETC.PVM,r_chao,
SATranslation/system/AL_DX_ETC.PVM,r_hchao,
SATranslation/system/AL_DX_ETC.PVM,r_dchao,
SATranslation/system/AL_DX_ETC.PVM,r_shadow,
SATranslation/system/AL_DX_ETC.PVM,r_rugeu,
SATranslation/system/AL_DX_ETC.PVM,r_eggman,
SATranslation/system/AL_DX_ETC.PVM,r_tikal,
SATranslation/system/AL_DX_ETC.PVM,r_car,
SATranslation/system/AL_DX_ETC.PVM,r_cake,
SATranslation/system/AL_DX_ETC.PVM,r_bone,
SATranslation/system/AL_DX_ETC.PVM,r_flower,
SATranslation/system/AL_DX_ETC.PVM,sabon,
SATranslation/system/AL_DX_ETC.PVM,kiran01,
SATranslation/system/AL_DX_ETC.PVM,kiran02,
SATranslation/system/AL_DX_ETC.PVM,kiran03,
SATranslation/system/AL_DX_ETC.PVM,kiran04,
SATranslation/system/AL_DX_ETC.PVM,snowp05,
SATranslation/system/AL_DX_ETC.PVM,panlight,
SATranslation/system/AL_DX_OBJ_CMN.PVM,k128_yasi01,
SATranslation/system/AL_DX_OBJ_CMN.PVM,k32_yasi02,
SATranslation/system/AL_DX_OBJ_CMN.PVM,k32_mi_yasi01,
SATranslation/system/AL_DX_OBJ_CMN.PVM,k32_mi_yasi02,
SATranslation/system/AL_DX_OBJ_CMN.PVM,gneut_vms02,
SATranslation/system/AL_DX_OBJ_CMN.PVM,w_new_vms00,
SATranslation/system/AL_DX_OBJ_CMN.PVM,w_new_vms01,
SATranslation/system/AL_DX_OBJ_CMN.PVM,w_new_vms02,
SATranslation/system/AL_DX_OBJ_CMN.PVM,w_new_vms03,
SATranslation/system/AL_DX_OBJ_CMN.PVM,al_ws01,
SATranslation/system/AL_DX_OBJ_CMN.PVM,al_ws02,
SATranslation/system/AL_DX_OBJ_CMN.PVM,al_ws03,
SATranslation/system/AL_DX_OBJ_CMN.PVM,al_ws04,
SATranslation/system/AL_DX_OBJ_CMN.PVM,al_ws05,
SATranslation/system/AL_DX_OBJ_CMN.PVM,al_ws07,
SATranslation/system/AL_DX_OBJ_CMN.PVM,al_ws08,
SATranslation/system/AL_DX_OBJ_CMN.PVM,al_ws09,
SATranslation/system/AL_DX_OBJ_CMN.PVM,al_ws10,
SATranslation/system/AL_DX_OBJ_CMN.PVM,al_ws11,
SATranslation/system/AL_DX_OBJ_CMN.PVM,al_ws12,
SATranslation/system/AL_DX_OBJ_CMN.PVM,al_ws13,
SATranslation/system/AL_DX_OBJ_CMN.PVM,al_ws14,
SATranslation/system/AL_DX_OBJ_CMN.PVM,al_ws15,
SATranslation/system/AL_DX_OBJ_CMN.PVM,al_ws01ec,
SATranslation/system/AL_DX_OBJ_CMN.PVM,al_ws08ec,
SATranslation/system/AL_DX_OBJ_CMN.PVM,al_mayu,
SATranslation/system/AL_DX_PARTS_TEX.PVM,alp_zo01,
SATranslation/system/AL_DX_PARTS_TEX.PVM,alp_zo02,
SATranslation/system/AL_DX_PARTS_TEX.PVM,alp_zo03,
SATranslation/system/AL_DX_PARTS_TEX.PVM,alp_az01,
SATranslation/system/AL_DX_PARTS_TEX.PVM,alp_az02,
SATranslation/system/AL_DX_PARTS_TEX.PVM,alp_bb03,
SATranslation/system/AL_DX_PARTS_TEX.PVM,alp_bb04,
SATranslation/system/AL_DX_PARTS_TEX.PVM,alp_bb01,
SATranslation/system/AL_DX_PARTS_TEX.PVM,alp_bb05,
SATranslation/system/AL_DX_PARTS_TEX.PVM,alp_bb06,
SATranslation/system/AL_DX_PARTS_TEX.PVM,alp_gaz01,
SATranslation/system/AL_DX_PARTS_TEX.PVM,alp_gaz02,
SATranslation/system/AL_DX_PARTS_TEX.PVM,alp_gbb01,
SATranslation/system/AL_DX_PARTS_TEX.PVM,alp_gbb02,
SATranslation/system/AL_DX_PARTS_TEX.PVM,alp_gbb03,
SATranslation/system/AL_DX_PARTS_TEX.PVM,alp_gbb04,
SATranslation/system/AL_DX_PARTS_TEX.PVM,alp_gori05,
SATranslation/system/AL_DX_PARTS_TEX.PVM,alp_gori06,
SATranslation/system/AL_DX_PARTS_TEX.PVM,alp_ggr01,
SATranslation/system/AL_DX_PARTS_TEX.PVM,alp_gori02,
SATranslation/system/AL_DX_PARTS_TEX.PVM,alp_gori04,
SATranslation/system/AL_DX_PARTS_TEX.PVM,alp_gkl01,
SATranslation/system/AL_DX_PARTS_TEX.PVM,alp_kal02,
SATranslation/system/AL_DX_PARTS_TEX.PVM,alp_gkl02,
SATranslation/system/AL_DX_PARTS_TEX.PVM,alp_kal04,
SATranslation/system/AL_DX_PARTS_TEX.PVM,alp_gkl03,
SATranslation/system/AL_DX_PARTS_TEX.PVM,alp_kal05,
SATranslation/system/AL_DX_PARTS_TEX.PVM,alp_gkji03,
SATranslation/system/AL_DX_PARTS_TEX.PVM,alp_kj01,
SATranslation/system/AL_DX_PARTS_TEX.PVM,alp_kj02,
SATranslation/system/AL_DX_PARTS_TEX.PVM,alp_gkj01,
SATranslation/system/AL_DX_PARTS_TEX.PVM,alp_om01,
SATranslation/system/AL_DX_PARTS_TEX.PVM,alp_gkji02,
SATranslation/system/AL_DX_PARTS_TEX.PVM,alp_kj05,
SATranslation/system/AL_DX_PARTS_TEX.PVM,alp_gle04,
SATranslation/system/AL_DX_PARTS_TEX.PVM,alp_gle05,
SATranslation/system/AL_DX_PARTS_TEX.PVM,alp_leo04,
SATranslation/system/AL_DX_PARTS_TEX.PVM,alp_leo05,
SATranslation/system/AL_DX_PARTS_TEX.PVM,alp_gle06,
SATranslation/system/AL_DX_PARTS_TEX.PVM,alp_leo01,
SATranslation/system/AL_DX_PARTS_TEX.PVM,alp_leo11,
SATranslation/system/AL_DX_PARTS_TEX.PVM,alp_leo02,
SATranslation/system/AL_DX_PARTS_TEX.PVM,alp_leo03,
SATranslation/system/AL_DX_PARTS_TEX.PVM,alp_gmo01,
SATranslation/system/AL_DX_PARTS_TEX.PVM,alp_gmo05,
SATranslation/system/AL_DX_PARTS_TEX.PVM,alp_gmo03,
SATranslation/system/AL_DX_PARTS_TEX.PVM,alp_gmo04,
SATranslation/system/AL_DX_PARTS_TEX.PVM,alp_gom04,
SATranslation/system/AL_DX_PARTS_TEX.PVM,alp_gom05,
SATranslation/system/AL_DX_PARTS_TEX.PVM,alp_om02,
SATranslation/system/AL_DX_PARTS_TEX.PVM,alp_om06,
SATranslation/system/AL_DX_PARTS_TEX.PVM,alp_gom06,
SATranslation/system/AL_DX_PARTS_TEX.PVM,alp_gom02,
SATranslation/system/AL_DX_PARTS_TEX.PVM,alp_gom07,
SATranslation/system/AL_DX_PARTS_TEX.PVM,alp_gpe01,
SATranslation/system/AL_DX_PARTS_TEX.PVM,alp_gpe02,
SATranslation/system/AL_DX_PARTS_TEX.PVM,alp_gpe03,
SATranslation/system/AL_DX_PARTS_TEX.PVM,alp_pen03,
SATranslation/system/AL_DX_PARTS_TEX.PVM,alp_grk05,
SATranslation/system/AL_DX_PARTS_TEX.PVM,alp_grk01,
SATranslation/system/AL_DX_PARTS_TEX.PVM,alp_grk04,
SATranslation/system/AL_DX_PARTS_TEX.PVM,alp_rk01,
SATranslation/system/AL_DX_PARTS_TEX.PVM,alp_grk02,
SATranslation/system/AL_DX_PARTS_TEX.PVM,alp_gsk03,
SATranslation/system/AL_DX_PARTS_TEX.PVM,alp_gsk01,
SATranslation/system/AL_DX_PARTS_TEX.PVM,alp_sk02,
SATranslation/system/AL_DX_PARTS_TEX.PVM,alp_sk03,
SATranslation/system/AL_DX_PARTS_TEX.PVM,alp_gsk06,
SATranslation/system/AL_DX_PARTS_TEX.PVM,alp_sk05,
SATranslation/system/AL_DX_PARTS_TEX.PVM,alp_gsk02,
SATranslation/system/AL_DX_PARTS_TEX.PVM,alp_gtu03,
SATranslation/system/AL_DX_PARTS_TEX.PVM,alp_tu03,
SATranslation/system/AL_DX_PARTS_TEX.PVM,alp_gtu01,
SATranslation/system/AL_DX_PARTS_TEX.PVM,alp_gtu02,
SATranslation/system/AL_DX_PARTS_TEX.PVM,alp_gusa03,
SATranslation/system/AL_DX_PARTS_TEX.PVM,alp_gusa04,
SATranslation/system/AL_DX_PARTS_TEX.PVM,alp_gusa01,
SATranslation/system/AL_DX_PARTS_TEX.PVM,alp_gusa05,
SATranslation/system/AL_DX_PARTS_TEX.PVM,alp_gwb01,
SATranslation/system/AL_DX_PARTS_TEX.PVM,alp_gwb02,
SATranslation/system/AL_DX_PARTS_TEX.PVM,alp_gwb04,
SATranslation/system/AL_DX_PARTS_TEX.PVM,alp_gwb05,
SATranslation/system/AL_DX_PARTS_TEX.PVM,alp_wb02,
SATranslation/system/AL_DX_PARTS_TEX.PVM,alp_wb04,
SATranslation/system/AL_DX_PARTS_TEX.PVM,alp_gzo03,
SATranslation/system/AL_DX_PARTS_TEX.PVM,alp_gzo04,
SATranslation/system/AL_DX_PARTS_TEX.PVM,alp_gzo05,
SATranslation/system/AL_DX_PARTS_TEX.PVM,alp_gzo06,
SATranslation/system/AL_DX_PARTS_TEX.PVM,alp_gori01,
SATranslation/system/AL_DX_PARTS_TEX.PVM,alp_kal06,
SATranslation/system/AL_DX_PARTS_TEX.PVM,alp_kal01,
SATranslation/system/AL_DX_PARTS_TEX.PVM,alp_kal03,
SATranslation/system/AL_DX_PARTS_TEX.PVM,alp_kj06,
SATranslation/system/AL_DX_PARTS_TEX.PVM,alp_kj03,
SATranslation/system/AL_DX_PARTS_TEX.PVM,alp_kj04,
SATranslation/system/AL_DX_PARTS_TEX.PVM,alp_leo08,
SATranslation/system/AL_DX_PARTS_TEX.PVM,alp_leo09,
SATranslation/system/AL_DX_PARTS_TEX.PVM,alp_leo10,
SATranslation/system/AL_DX_PARTS_TEX.PVM,alp_mo01,
SATranslation/system/AL_DX_PARTS_TEX.PVM,alp_mo04,
SATranslation/system/AL_DX_PARTS_TEX.PVM,alp_mo02,
SATranslation/system/AL_DX_PARTS_TEX.PVM,alp_mo03,
SATranslation/system/AL_DX_PARTS_TEX.PVM,alp_om05,
SATranslation/system/AL_DX_PARTS_TEX.PVM,alp_om07,
SATranslation/system/AL_DX_PARTS_TEX.PVM,alp_om03,
SATranslation/system/AL_DX_PARTS_TEX.PVM,alp_om04,
SATranslation/system/AL_DX_PARTS_TEX.PVM,alp_pen04,
SATranslation/system/AL_DX_PARTS_TEX.PVM,alp_pen01,
SATranslation/system/AL_DX_PARTS_TEX.PVM,alp_pen02,
SATranslation/system/AL_DX_PARTS_TEX.PVM,alp_rk07,
SATranslation/system/AL_DX_PARTS_TEX.PVM,alp_rk02,
SATranslation/system/AL_DX_PARTS_TEX.PVM,alp_rk03,
SATranslation/system/AL_DX_PARTS_TEX.PVM,alp_rk04,
SATranslation/system/AL_DX_PARTS_TEX.PVM,alp_sk08,
SATranslation/system/AL_DX_PARTS_TEX.PVM,alp_sk01,
SATranslation/system/AL_DX_PARTS_TEX.PVM,alp_sk04,
SATranslation/system/AL_DX_PARTS_TEX.PVM,alp_sk07,
SATranslation/system/AL_DX_PARTS_TEX.PVM,alp_tu04,
SATranslation/system/AL_DX_PARTS_TEX.PVM,alp_tu01,
SATranslation/system/AL_DX_PARTS_TEX.PVM,alp_tu02,
SATranslation/system/AL_DX_PARTS_TEX.PVM,alp_usa04,
SATranslation/system/AL_DX_PARTS_TEX.PVM,alp_usa05,
SATranslation/system/AL_DX_PARTS_TEX.PVM,alp_usa01,
SATranslation/system/AL_DX_PARTS_TEX.PVM,alp_usa03,
SATranslation/system/AL_DX_PARTS_TEX.PVM,alp_wb07,
SATranslation/system/AL_DX_PARTS_TEX.PVM,alp_wb08,
SATranslation/system/AL_DX_PARTS_TEX.PVM,alp_wb03,
SATranslation/system/AL_DX_PARTS_TEX.PVM,alp_zo04,
SATranslation/system/AL_DX_PARTS_TEX.PVM,alp_zo05,
SATranslation/system/AL_DX_TEX_XYBUTTON.PVM,add_xybutton,
SATranslation/system/AL_DX_TEX_XYBUTTON.PVM,add_xybutton_fr,FR
SATranslation/system/AL_ENT_CHAR_E_TEX.PVM,ade_susumu,
SATranslation/system/AL_ENT_CHAR_E_TEX.PVM,ade_modoru,
SATranslation/system/AL_ENT_CHAR_E_TEX.PVM,ade_begin1,
SATranslation/system/AL_ENT_CHAR_E_TEX.PVM,ade_begin2,
SATranslation/system/AL_ENT_CHAR_E_TEX.PVM,ade_jewel1,
SATranslation/system/AL_ENT_CHAR_E_TEX.PVM,ade_jewel2,
SATranslation/system/AL_ENT_CHAR_E_TEX.PVM,ade_minna1,
SATranslation/system/AL_ENT_CHAR_E_TEX.PVM,ade_minna2,
SATranslation/system/AL_ENT_CHAR_E_TEX.PVM,ade_raceyame1,
SATranslation/system/AL_ENT_CHAR_E_TEX.PVM,ade_raceyame2,
SATranslation/system/AL_ENT_CHAR_E_TEX.PVM,ade_pearl1,
SATranslation/system/AL_ENT_CHAR_E_TEX.PVM,ade_pearl2,
SATranslation/system/AL_ENT_CHAR_E_TEX.PVM,ade_ame1,
SATranslation/system/AL_ENT_CHAR_E_TEX.PVM,ade_ame2,
SATranslation/system/AL_ENT_CHAR_E_TEX.PVM,ade_sapp1,
SATranslation/system/AL_ENT_CHAR_E_TEX.PVM,ade_sapp2,
SATranslation/system/AL_ENT_CHAR_E_TEX.PVM,ade_ruby1,
SATranslation/system/AL_ENT_CHAR_E_TEX.PVM,ade_ruby2,
SATranslation/system/AL_ENT_CHAR_E_TEX.PVM,ade_eme1,
SATranslation/system/AL_ENT_CHAR_E_TEX.PVM,ade_eme2,
SATranslation/system/AL_ENT_CHAR_J_TEX.PVM,adj_susumu,
SATranslation/system/AL_ENT_CHAR_J_TEX.PVM,adj_modoru,
SATranslation/system/AL_ENT_CHAR_J_TEX.PVM,adj_begin1,
SATranslation/system/AL_ENT_CHAR_J_TEX.PVM,adj_begin2,
SATranslation/system/AL_ENT_CHAR_J_TEX.PVM,adj_jewel1,
SATranslation/system/AL_ENT_CHAR_J_TEX.PVM,adj_jewel2,
SATranslation/system/AL_ENT_CHAR_J_TEX.PVM,adj_minna1,
SATranslation/system/AL_ENT_CHAR_J_TEX.PVM,adj_minna2,
SATranslation/system/AL_ENT_CHAR_J_TEX.PVM,adj_raceyame1,
SATranslation/system/AL_ENT_CHAR_J_TEX.PVM,adj_raceyame2,
SATranslation/system/AL_ENT_CHAR_J_TEX.PVM,adj_pearl1,
SATranslation/system/AL_ENT_CHAR_J_TEX.PVM,adj_pearl2,
SATranslation/system/AL_ENT_CHAR_J_TEX.PVM,adj_ame1,
SATranslation/system/AL_ENT_CHAR_J_TEX.PVM,adj_ame2,
SATranslation/system/AL_ENT_CHAR_J_TEX.PVM,adj_sapp1,
SATranslation/system/AL_ENT_CHAR_J_TEX.PVM,adj_sapp2,
SATranslation/system/AL_ENT_CHAR_J_TEX.PVM,adj_ruby1,
SATranslation/system/AL_ENT_CHAR_J_TEX.PVM,adj_ruby2,
SATranslation/system/AL_ENT_CHAR_J_TEX.PVM,adj_eme1,
SATranslation/system/AL_ENT_CHAR_J_TEX.PVM,adj_eme2,
SATranslation/system/AL_ENT_TITLE_E_TEX.PVM,ade_ti_chaorace,
SATranslation/system/AL_ENT_TITLE_E_TEX.PVM,ade_ti_chaosel,
SATranslation/system/AL_ENT_TITLE_E_TEX.PVM,ade_ti_coursesel,
SATranslation/system/AL_ENT_TITLE_E_TEX.PVM,ade_ti_begin1,
SATranslation/system/AL_ENT_TITLE_E_TEX.PVM,ade_ti_begin2,
SATranslation/system/AL_ENT_TITLE_E_TEX.PVM,ade_ti_jewel,
SATranslation/system/AL_ENT_TITLE_E_TEX.PVM,ade_ti_minnna1,
SATranslation/system/AL_ENT_TITLE_J_TEX.PVM,adj_ti_chaorace,
SATranslation/system/AL_ENT_TITLE_J_TEX.PVM,adj_ti_chaosel,
SATranslation/system/AL_ENT_TITLE_J_TEX.PVM,adj_ti_coursesel,
SATranslation/system/AL_ENT_TITLE_J_TEX.PVM,adj_ti_begin,
SATranslation/system/AL_ENT_TITLE_J_TEX.PVM,adj_ti_jewel,
SATranslation/system/AL_ENT_TITLE_J_TEX.PVM,adj_ti_minnna1,
SATranslation/system/AL_EYE.PVM,al_eye01,
SATranslation/system/AL_EYE.PVM,al_eye02,
SATranslation/system/AL_EYE.PVM,al_eye03,
SATranslation/system/AL_EYE.PVM,al_eye04,
SATranslation/system/AL_EYE.PVM,al_eye05,
SATranslation/system/AL_EYE.PVM,al_eye06,
SATranslation/system/AL_EYE.PVM,al_eye07,
SATranslation/system/AL_EYE.PVM,al_eye08,
SATranslation/system/AL_EYE.PVM,al_eye10,
SATranslation/system/AL_EYE.PVM,al_eye11,
SATranslation/system/AL_EYE.PVM,al_eye_ncha,
SATranslation/system/AL_EYE.PVM,al_eye_hcha,
SATranslation/system/AL_EYE.PVM,al_eye_dcha,
SATranslation/system/AL_GARDEN00SS_2D.PVM,add_hintbox1,
SATranslation/system/AL_GARDEN00SS_2D.PVM,add_hintbox2,
SATranslation/system/AL_GARDEN00SS_2D.PVM,add_hintbox3,
SATranslation/system/AL_ICON.PVM,al_icon01,
SATranslation/system/AL_ICON.PVM,al_icon02,
SATranslation/system/AL_ICON.PVM,al_icon03,
SATranslation/system/AL_ICON.PVM,al_icon05,
SATranslation/system/AL_ICON.PVM,al_icon06,
SATranslation/system/AL_ICON.PVM,al_icon07,
SATranslation/system/AL_ICON.PVM,al_iconc01,
SATranslation/system/AL_ICON.PVM,al_icon08_01,
SATranslation/system/AL_ICON.PVM,al_icon08_02,
SATranslation/system/AL_ICON.PVM,al_icon08_03,
SATranslation/system/AL_ICON.PVM,al_icon08_04,
SATranslation/system/AL_ICON.PVM,al_icon08_05,
SATranslation/system/AL_ICON.PVM,al_icon08_06,
SATranslation/system/AL_ICON.PVM,al_icon08_07,
SATranslation/system/AL_ICON.PVM,al_icon08_08,
SATranslation/system/AL_ICON.PVM,al_icon08_09,
SATranslation/system/AL_ICON.PVM,al_icon08_10,
SATranslation/system/AL_ICON.PVM,al_icon08_11,
SATranslation/system/AL_ICON.PVM,al_icon08_12,
SATranslation/system/AL_ICON.PVM,al_icon08_13,
SATranslation/system/AL_ICON.PVM,al_icon08_14,
SATranslation/system/AL_ICON.PVM,al_icon08_15,
SATranslation/system/AL_ICON.PVM,al_icon08_16,
SATranslation/system/AL_ICON.PVM,al_icon08_17,
SATranslation/system/AL_ICON.PVM,al_icon08_18,
SATranslation/system/AL_ICON.PVM,al_icon08_19,
SATranslation/system/AL_ICON.PVM,al_icon08_20,
SATranslation/system/AL_ICON.PVM,al_icon08_21,
SATranslation/system/AL_ICON.PVM,al_icon08_22,
SATranslation/system/AL_ICON.PVM,al_icon08_23,
SATranslation/system/AL_ICON.PVM,al_icon08_24,
SATranslation/system/AL_ICON.PVM,al_icon08_25,
SATranslation/system/AL_ICON.PVM,al_icon08_26,
SATranslation/system/AL_ICON.PVM,al_icon08_27,
SATranslation/system/AL_ICON.PVM,al_icon08_28,
SATranslation/system/AL_ICON.PVM,al_icon08_29,
SATranslation/system/AL_ICON.PVM,al_icon08_30,
SATranslation/system/AL_ICON.PVM,al_icon08_31,
SATranslation/system/AL_ICON.PVM,al_icon08_32,
SATranslation/system/AL_ICON.PVM,al_icon08_33,
SATranslation/system/AL_ICON.PVM,al_icon08_34,
SATranslation/system/AL_ICON.PVM,al_icon08_35,
SATranslation/system/AL_ICON.PVM,torch_blue00,
SATranslation/system/AL_ICON.PVM,torch_blue01,
SATranslation/system/AL_ICON.PVM,torch_blue02,
SATranslation/system/AL_ICON.PVM,torch_blue03,
SATranslation/system/AL_ICON.PVM,torch_blue05,
SATranslation/system/AL_ICON.PVM,torch_blue06,
SATranslation/system/AL_ICON.PVM,torch_blue04,
SATranslation/system/AL_ICON.PVM,torch_blue07,
SATranslation/system/AL_ICON.PVM,torch_blue08,
SATranslation/system/AL_ICON.PVM,torch_blue09,
SATranslation/system/AL_ICON.PVM,torch_blue10,
SATranslation/system/AL_ICON.PVM,torch_blue11,
SATranslation/system/AL_ICON.PVM,torch_blue12,
SATranslation/system/AL_ICON.PVM,torch_blue13,
SATranslation/system/AL_ICON.PVM,torch_blue14,
SATranslation/system/AL_ICON.PVM,torch_blue15,
SATranslation/system/AL_JEWEL.PVM,ali_medal_peri,
SATranslation/system/AL_JEWEL.PVM,ali_medal_apua,
SATranslation/system/AL_JEWEL.PVM,ali_cmedal_dark1,
SATranslation/system/AL_JEWEL.PVM,ali_medal_dark2,
SATranslation/system/AL_JEWEL.PVM,ali_medal_dark3,
SATranslation/system/AL_JEWEL.PVM,ali_medal_diam,
SATranslation/system/AL_JEWEL.PVM,ali_medal_emer,
SATranslation/system/AL_JEWEL.PVM,ali_medal_garne,
SATranslation/system/AL_JEWEL.PVM,ali_cmedal_gold1,
SATranslation/system/AL_JEWEL.PVM,ali_cmedal_gold2,
SATranslation/system/AL_JEWEL.PVM,ali_medal_gold3,
SATranslation/system/AL_JEWEL.PVM,ali_cmedal_hero1,
SATranslation/system/AL_JEWEL.PVM,ali_medal_hero2,
SATranslation/system/AL_JEWEL.PVM,ali_medal_hero3,
SATranslation/system/AL_JEWEL.PVM,ali_medal_onyxa,
SATranslation/system/AL_JEWEL.PVM,ali_medal_onyxb,
SATranslation/system/AL_JEWEL.PVM,ali_medal_pearl,
SATranslation/system/AL_JEWEL.PVM,ali_medal_ruby,
SATranslation/system/AL_JEWEL.PVM,ali_medal_sapp,
SATranslation/system/AL_JEWEL.PVM,ali_cmedal_silver1,
SATranslation/system/AL_JEWEL.PVM,ali_medal_silver3,
SATranslation/system/AL_JEWEL.PVM,ali_medal_silver4,
SATranslation/system/AL_JEWEL.PVM,ali_medal_topaz,
SATranslation/system/AL_JEWEL.PVM,ali_medal_ameth,
SATranslation/system/AL_JEWEL.PVM,ali_medal_dark1,
SATranslation/system/AL_JEWEL.PVM,ali_medal_gold1,
SATranslation/system/AL_JEWEL.PVM,ali_medal_gold2,
SATranslation/system/AL_JEWEL.PVM,ali_medal_hero1,
SATranslation/system/AL_JEWEL.PVM,ali_medal_silver1,
SATranslation/system/AL_MOUTH.PVM,al_mouth01,
SATranslation/system/AL_MOUTH.PVM,al_mouth02,
SATranslation/system/AL_MOUTH.PVM,al_mouth03,
SATranslation/system/AL_MOUTH.PVM,al_mouth04,
SATranslation/system/AL_MOUTH.PVM,al_mouth05,
SATranslation/system/AL_MOUTH.PVM,al_mouth06,
SATranslation/system/AL_MOUTH.PVM,al_mouth07,
SATranslation/system/AL_MOUTH.PVM,al_mouth08,
SATranslation/system/AL_MOUTH.PVM,al_mouth09,
SATranslation/system/AL_MOUTH.PVM,al_mouth10,
SATranslation/system/AL_MOUTH.PVM,al_mouth11,
SATranslation/system/AL_MOUTH.PVM,al_mouth12,
SATranslation/system/AL_MOUTH.PVM,al_mouth13,
SATranslation/system/AL_MOUTH.PVM,al_mouth14,
SATranslation/system/AL_MOUTH.PVM,al_mouth15,
SATranslation/system/AL_MOUTH.PVM,al_mouth16,
SATranslation/system/AL_MOUTH.PVM,al_mouth17,
SATranslation/system/AL_MOUTH.PVM,al_mouth18,
SATranslation/system/AL_MOUTH.PVM,al_mouth19,
SATranslation/system/AL_OBJECT.PVM,ali_mia,
SATranslation/system/AL_OBJECT.PVM,ali_miha,
SATranslation/system/AL_OBJECT.PVM,ali_mib,
SATranslation/system/AL_OBJECT.PVM,ali_mikuki,
SATranslation/system/AL_OBJECT.PVM,ali_mic,
SATranslation/system/AL_OBJECT.PVM,ali_mic2,
SATranslation/system/AL_OBJECT.PVM,alm_sgo01,
SATranslation/system/AL_OBJECT.PVM,alm_sgo02,
SATranslation/system/AL_OBJECT.PVM,alm_sgo04,
SATranslation/system/AL_OBJECT.PVM,ali_migenki,
SATranslation/system/AL_OBJECT.PVM,ali_mihasiri,
SATranslation/system/AL_OBJECT.PVM,al_hafl01,
SATranslation/system/AL_OBJECT.PVM,ali_mihikou,
SATranslation/system/AL_OBJECT.PVM,ali_mimaru,
SATranslation/system/AL_OBJECT.PVM,ali_miha02,
SATranslation/system/AL_OBJECT.PVM,ali_minonbiri,
SATranslation/system/AL_OBJECT.PVM,ali_mihero01,
SATranslation/system/AL_OBJECT.PVM,ali_miorikou,
SATranslation/system/AL_OBJECT.PVM,ali_mihero02,
SATranslation/system/AL_OBJECT.PVM,ali_mioyogi,
SATranslation/system/AL_OBJECT.PVM,ali_misankaku,
SATranslation/system/AL_OBJECT.PVM,ali_misikaku,
SATranslation/system/AL_OBJECT.PVM,ali_mitikara,
SATranslation/system/AL_OBJECT.PVM,ali_midark01,
SATranslation/system/AL_OBJECT.PVM,ali_midark02,
SATranslation/system/AL_OBJECT.PVM,alo_mi_mori00,
SATranslation/system/AL_OBJECT.PVM,alo_mi_paku00,
SATranslation/system/AL_OBJECT.PVM,ali_mashroom00,
SATranslation/system/AL_OBJECT.PVM,ali_mashroom01,
SATranslation/system/AL_OBJECT.PVM,flower_dx00,
SATranslation/system/AL_OBJECT.PVM,flower_dx01,
SATranslation/system/AL_OBJECT.PVM,alo_ring,
SATranslation/system/AL_RACE01.PVM,al_re02,
SATranslation/system/AL_RACE01.PVM,al_re03,
SATranslation/system/AL_RACE01.PVM,al_re04,
SATranslation/system/AL_RACE01.PVM,al_re05,
SATranslation/system/AL_RACE01.PVM,al_re06,
SATranslation/system/AL_RACE01.PVM,al_re07,
SATranslation/system/AL_RACE01.PVM,al_re08,
SATranslation/system/AL_RACE01.PVM,al_re09,
SATranslation/system/AL_RACE01.PVM,al_re10,
SATranslation/system/AL_RACE01.PVM,al_re01,
SATranslation/system/AL_RACE01.PVM,al_re28,
SATranslation/system/AL_RACE01.PVM,al_re30,
SATranslation/system/AL_RACE01.PVM,al_re31,
SATranslation/system/AL_RACE01.PVM,al_re32,
SATranslation/system/AL_RACE01.PVM,al_re34,
SATranslation/system/AL_RACE01.PVM,al_re35,
SATranslation/system/AL_RACE01.PVM,al_re36,
SATranslation/system/AL_RACE01.PVM,al_re37,
SATranslation/system/AL_RACE01.PVM,al_re38,
SATranslation/system/AL_RACE01.PVM,al_re39,
SATranslation/system/AL_RACE01.PVM,al_re40,
SATranslation/system/AL_RACE01.PVM,alre_hasira,
SATranslation/system/AL_RACE01.PVM,al_re29,
SATranslation/system/AL_RACE02.PVM,al_hyousyou01,
SATranslation/system/AL_RACE02.PVM,al_hyousyou02,
SATranslation/system/AL_RACE02.PVM,cr_tp029,
SATranslation/system/AL_RACE02.PVM,al_hyousyou03,
SATranslation/system/AL_RACE02.PVM,cr_waku1,
SATranslation/system/AL_RACE02.PVM,crisi,
SATranslation/system/AL_RACE02.PVM,cr_tail,
SATranslation/system/AL_RACE02.PVM,waki_01,
SATranslation/system/AL_RACE02.PVM,cr_scr2,
SATranslation/system/AL_RACE02.PVM,al_re28,
SATranslation/system/AL_RACE02.PVM,al_re29,
SATranslation/system/AL_RACE02.PVM,al_re03,
SATranslation/system/AL_RACE02.PVM,al_re04,
SATranslation/system/AL_RACE02.PVM,al_re05,
SATranslation/system/AL_RACE02.PVM,al_re06,
SATranslation/system/AL_RACE02.PVM,al_re07,
SATranslation/system/AL_RACE02.PVM,al_re08,
SATranslation/system/AL_RACE02.PVM,al_re09,
SATranslation/system/AL_RACE02.PVM,al_re10,
SATranslation/system/AL_RACE02.PVM,cr_tp07,
SATranslation/system/AL_RACE02.PVM,al_re02,
SATranslation/system/AL_RACE02.PVM,cr_kabu,
SATranslation/system/AL_RACE02.PVM,cr_miki,
SATranslation/system/AL_RACE02.PVM,crwater,
SATranslation/system/AL_RACE02.PVM,alre_hasira,
SATranslation/system/AL_RACE02.PVM,cr_094C,
SATranslation/system/AL_RACE02.PVM,cr_tp106,
SATranslation/system/AL_RACE02.PVM,cr_saku,
SATranslation/system/AL_RACE02.PVM,cr_tp79,
SATranslation/system/AL_RACE02.PVM,crha_02,
SATranslation/system/AL_RACE02.PVM,w_wv9,
SATranslation/system/AL_RACE02.PVM,cr_tp31,
SATranslation/system/AL_RACE02.PVM,cr_072,
SATranslation/system/AL_RACE02.PVM,al_re30,
SATranslation/system/AL_RACE02.PVM,al_re35,
SATranslation/system/AL_RACE02.PVM,al_re36,
SATranslation/system/AL_RACE02.PVM,al_re37,
SATranslation/system/AL_RACE02.PVM,al_re38,
SATranslation/system/AL_RACE02.PVM,al_ws01,
SATranslation/system/AL_RACE02.PVM,plant05,
SATranslation/system/AL_RACE02.PVM,plant06,
SATranslation/system/AL_RACE02.PVM,plant_02,
SATranslation/system/AL_RACE02.PVM,cr_ha,
SATranslation/system/AL_RACE02.PVM,cr_tp014,
SATranslation/system/AL_RACE02.PVM,cr_wv12,
SATranslation/system/AL_RACE02.PVM,cr_yuka,
SATranslation/system/AL_RACE02.PVM,cr_tp046,
SATranslation/system/AL_RACE02.PVM,cr_079,
SATranslation/system/AL_RACE02.PVM,cr_g23,
SATranslation/system/AL_RACE02.PVM,cr_hasira01,
SATranslation/system/AL_RACE02.PVM,cr_13,
SATranslation/system/AL_RACE02.PVM,cr_kusa11,
SATranslation/system/AL_RACE02.PVM,cr14_ken128,
SATranslation/system/AL_RACE02.PVM,cr_ktuti1,
SATranslation/system/AL_RACE02.PVM,cr_r02,
SATranslation/system/AL_RACE02.PVM,cr_wt00,
SATranslation/system/AL_RACE02.PVM,cr_wt01,
SATranslation/system/AL_RACE02.PVM,cr_wt02,
SATranslation/system/AL_RACE02.PVM,cr_wt03,
SATranslation/system/AL_RACE02.PVM,cr_wt04,
SATranslation/system/AL_RACE02.PVM,cr_wt05,
SATranslation/system/AL_RACE02.PVM,cr_wt06,
SATranslation/system/AL_RACE02.PVM,cr_wt07,
SATranslation/system/AL_RACE02.PVM,cr_wt08,
SATranslation/system/AL_RACE02.PVM,cr_wt09,
SATranslation/system/AL_RACE02.PVM,cr_wt10,
SATranslation/system/AL_RACE02.PVM,cr_wt11,
SATranslation/system/AL_RACE02.PVM,cr_wt12,
SATranslation/system/AL_RACE02.PVM,cr_wt13,
SATranslation/system/AL_STG_KINDER_AD_TEX.PVM,kin_ad_waku1,
SATranslation/system/AL_STG_KINDER_AD_TEX.PVM,kin_ad_waku2,
SATranslation/system/AL_STG_KINDER_AD_TEX.PVM,kin_adj_moji1,
SATranslation/system/AL_STG_KINDER_AD_TEX.PVM,kin_ade_moji1,
SATranslation/system/AL_STG_KINDER_AD_TEX.PVM,kin_adj_moji2,
SATranslation/system/AL_STG_KINDER_AD_TEX.PVM,kin_ade_moji2,
SATranslation/system/AL_STG_KINDER_AD_TEX.PVM,kin_ad_waku3,
SATranslation/system/AL_STG_KINDER_AD_TEX.PVM,medicalchart01,
SATranslation/system/AL_STG_KINDER_AD_TEX.PVM,kin_ad_waku4,
SATranslation/system/AL_STG_KINDER_AD_TEX.PVM,kin_ad_waku5,
SATranslation/system/AL_STG_KINDER_AD_TEX.PVM,medal_aqua,
SATranslation/system/AL_STG_KINDER_AD_TEX.PVM,medal_dark,
SATranslation/system/AL_STG_KINDER_AD_TEX.PVM,medal_diam,
SATranslation/system/AL_STG_KINDER_AD_TEX.PVM,medal_garn,
SATranslation/system/AL_STG_KINDER_AD_TEX.PVM,medal_gold,
SATranslation/system/AL_STG_KINDER_AD_TEX.PVM,medal_hero,
SATranslation/system/AL_STG_KINDER_AD_TEX.PVM,medal_onyx,
SATranslation/system/AL_STG_KINDER_AD_TEX.PVM,medal_peri,
SATranslation/system/AL_STG_KINDER_AD_TEX.PVM,medal_silver,
SATranslation/system/AL_STG_KINDER_AD_TEX.PVM,medal_topaz,
SATranslation/system/AL_TEX_COMMON.PVM,ad_common,
SATranslation/system/AL_TEX_COMMON.PVM,ad_22ascii,
SATranslation/system/AL_TEX_COMMON.PVM,level00,
SATranslation/system/AL_TEX_COMMON.PVM,panel_seed,
SATranslation/system/AL_TEX_COMMON.PVM,panel_egg,
SATranslation/system/AL_TEX_COMMON.PVM,panel_fruit,
SATranslation/system/AL_TEX_COMMON.PVM,panel_item_sp,SP
SATranslation/system/AL_TEX_ENT_COMMON_EN.PVM,ad_entry1,
SATranslation/system/AL_TEX_ENT_COMMON_EN.PVM,ad_pika,
SATranslation/system/AL_TEX_ENT_COMMON_EN.PVM,add_parameter_race_en,EN
SATranslation/system/AL_TEX_ENT_COMMON_EN.PVM,add_select_race_en,EN
SATranslation/system/AL_TEX_ENT_COMMON_EN.PVM,add_select_race01_en,EN
SATranslation/system/AL_TEX_ENT_COMMON_FR.PVM,ad_entry1,
SATranslation/system/AL_TEX_ENT_COMMON_FR.PVM,ad_pika,
SATranslation/system/AL_TEX_ENT_COMMON_FR.PVM,add_parameter_race_en,EN
SATranslation/system/AL_TEX_ENT_COMMON_FR.PVM,add_select_race_fr,FR
SATranslation/system/AL_TEX_ENT_COMMON_FR.PVM,add_select_race01_en,EN
SATranslation/system/AL_TEX_ENT_COMMON_JP.PVM,ad_entry1,
SATranslation/system/AL_TEX_ENT_COMMON_JP.PVM,ad_pika,
SATranslation/system/AL_TEX_ENT_COMMON_JP.PVM,add_parameter_race_ja,
SATranslation/system/AL_TEX_ENT_COMMON_JP.PVM,add_select_race_ja,
SATranslation/system/AL_TEX_ENT_COMMON_JP.PVM,add_select_race01,
SATranslation/system/AL_TEX_ODEKAKE_MENU_EN.PVM,add_odekake_parts_en,EN
SATranslation/system/AL_TEX_ODEKAKE_MENU_EN.PVM,add_odekake_menu_en,EN
SATranslation/system/AL_TEX_ODEKAKE_MENU_EN.PVM,add_odekake_title_en,EN
SATranslation/system/AL_TEX_ODEKAKE_MENU_EN.PVM,odekake_bg00,
SATranslation/system/AL_TEX_ODEKAKE_MENU_EN.PVM,odekake_bg01,
SATranslation/system/AL_TEX_ODEKAKE_MENU_EN.PVM,add_parameter_odekake_en,EN
SATranslation/system/AL_TEX_ODEKAKE_MENU_EN.PVM,add_select_odekake_en,EN
SATranslation/system/AL_TEX_ODEKAKE_MENU_JP.PVM,add_odekake_parts_ja,
SATranslation/system/AL_TEX_ODEKAKE_MENU_JP.PVM,add_odekake_menu_ja,
SATranslation/system/AL_TEX_ODEKAKE_MENU_JP.PVM,add_odekake_title_ja,
SATranslation/system/AL_TEX_ODEKAKE_MENU_JP.PVM,odekake_bg00,
SATranslation/system/AL_TEX_ODEKAKE_MENU_JP.PVM,odekake_bg01,
SATranslation/system/AL_TEX_ODEKAKE_MENU_JP.PVM,add_parameter_odekake_ja,
SATranslation/system/AL_TEX_ODEKAKE_MENU_JP.PVM,add_select_odekake_ja,
SATranslation/system/AL_TOY.PVM,sabon,
SATranslation/system/AL_TOY.PVM,channel_a_01,
SATranslation/system/AL_TOY.PVM,channel_a_02,
SATranslation/system/AL_TOY.PVM,channel_a_03,
SATranslation/system/AL_TOY.PVM,channel_a_04,
SATranslation/system/AL_TOY.PVM,channel_a_05,
SATranslation/system/AL_TOY.PVM,channel_b_01,
SATranslation/system/AL_TOY.PVM,channel_b_02,
SATranslation/system/AL_TOY.PVM,channel_b_03,
SATranslation/system/AL_TOY.PVM,channel_c_01,
SATranslation/system/AL_TOY.PVM,channel_c_02,
SATranslation/system/AL_TOY.PVM,channel_c_03,
SATranslation/system/AL_TOY.PVM,channel_on_01,
SATranslation/system/AL_TOY.PVM,channel_on_02,
SATranslation/system/AL_TOY.PVM,channel_on_03,
SATranslation/system/AL_TOY.PVM,channel_on_04,
SATranslation/system/AL_TOY.PVM,channel_z_01,
SATranslation/system/AL_TOY.PVM,channel_z_02,
SATranslation/system/AL_TOY.PVM,bell_red,
SATranslation/system/AL_TOY.PVM,rappa_gold,
SATranslation/system/AL_TOY.PVM,boat01,
SATranslation/system/AL_TOY.PVM,boat02,
SATranslation/system/AL_TOY.PVM,boat03,
SATranslation/system/AL_TOY.PVM,boat05,
SATranslation/system/AL_TOY.PVM,boat06,
SATranslation/system/AL_TOY.PVM,book01,
SATranslation/system/AL_TOY.PVM,book02,
SATranslation/system/AL_TOY.PVM,book03,
SATranslation/system/AL_TOY.PVM,cracker01,
SATranslation/system/AL_TOY.PVM,cracker02,
SATranslation/system/AL_TOY.PVM,star_yel,
SATranslation/system/AL_TOY.PVM,soni01,
SATranslation/system/AL_TOY.PVM,soni02,
SATranslation/system/AL_TOY.PVM,soni03,
SATranslation/system/AL_TOY.PVM,soni04,
SATranslation/system/AL_TOY.PVM,dram01,
SATranslation/system/AL_TOY.PVM,dram02,
SATranslation/system/AL_TOY.PVM,dram03,
SATranslation/system/AL_TOY.PVM,star01,
SATranslation/system/AL_TOY.PVM,dram04,
SATranslation/system/AL_TOY.PVM,fue01,
SATranslation/system/AL_TOY.PVM,fue02,
SATranslation/system/AL_TOY.PVM,fue03,
SATranslation/system/AL_TOY.PVM,fue04,
SATranslation/system/AL_TOY.PVM,gara_d01,
SATranslation/system/AL_TOY.PVM,gara_d02,
SATranslation/system/AL_TOY.PVM,gara_d03,
SATranslation/system/AL_TOY.PVM,gara_h01,
SATranslation/system/AL_TOY.PVM,gara_h02,
SATranslation/system/AL_TOY.PVM,gara,
SATranslation/system/AL_TOY.PVM,gara02,
SATranslation/system/AL_TOY.PVM,hanabi03,
SATranslation/system/AL_TOY.PVM,kureyon03,
SATranslation/system/AL_TOY.PVM,hanabi01,
SATranslation/system/AL_TOY.PVM,hanabi02,
SATranslation/system/AL_TOY.PVM,gold_mini,
SATranslation/system/AL_TOY.PVM,hata01,
SATranslation/system/AL_TOY.PVM,hop02,
SATranslation/system/AL_TOY.PVM,hop01,
SATranslation/system/AL_TOY.PVM,hop03,
SATranslation/system/AL_TOY.PVM,silver,
SATranslation/system/AL_TOY.PVM,horse01,
SATranslation/system/AL_TOY.PVM,horse02,
SATranslation/system/AL_TOY.PVM,horse03,
SATranslation/system/AL_TOY.PVM,horse04,
SATranslation/system/AL_TOY.PVM,houki01,
SATranslation/system/AL_TOY.PVM,johro01,
SATranslation/system/AL_TOY.PVM,piano02,
SATranslation/system/AL_TOY.PVM,kureyon02,
SATranslation/system/AL_TOY.PVM,johro02,
SATranslation/system/AL_TOY.PVM,johro03,
SATranslation/system/AL_TOY.PVM,joke01,
SATranslation/system/AL_TOY.PVM,joke02,
SATranslation/system/AL_TOY.PVM,joke03,
SATranslation/system/AL_TOY.PVM,joke04,
SATranslation/system/AL_TOY.PVM,joke06,
SATranslation/system/AL_TOY.PVM,kami01,
SATranslation/system/AL_TOY.PVM,kami02,
SATranslation/system/AL_TOY.PVM,kanoke01,
SATranslation/system/AL_TOY.PVM,kanoke02,
SATranslation/system/AL_TOY.PVM,kanoke03,
SATranslation/system/AL_TOY.PVM,kasuta01,
SATranslation/system/AL_TOY.PVM,kureyon01,
SATranslation/system/AL_TOY.PVM,maracas,
SATranslation/system/AL_TOY.PVM,car01,
SATranslation/system/AL_TOY.PVM,car02,
SATranslation/system/AL_TOY.PVM,car03,
SATranslation/system/AL_TOY.PVM,organ01,
SATranslation/system/AL_TOY.PVM,organ02,
SATranslation/system/AL_TOY.PVM,organ03,
SATranslation/system/AL_TOY.PVM,organ04,
SATranslation/system/AL_TOY.PVM,organ05,
SATranslation/system/AL_TOY.PVM,piano01,
SATranslation/system/AL_TOY.PVM,piano04,
SATranslation/system/AL_TOY.PVM,piano05,
SATranslation/system/AL_TOY.PVM,piano06,
SATranslation/system/AL_TOY.PVM,radi01,
SATranslation/system/AL_TOY.PVM,radi02,
SATranslation/system/AL_TOY.PVM,radi03,
SATranslation/system/AL_TOY.PVM,radi04,
SATranslation/system/AL_TOY.PVM,radi05,
SATranslation/system/AL_TOY.PVM,radi06,
SATranslation/system/AL_TOY.PVM,scop01,
SATranslation/system/AL_TOY.PVM,scop02,
SATranslation/system/AL_TOY.PVM,sh_doll01,
SATranslation/system/AL_TOY.PVM,sh_doll02,
SATranslation/system/AL_TOY.PVM,sinbal,
SATranslation/system/AL_TOY.PVM,metal01,
SATranslation/system/AL_TOY.PVM,syabon01,
SATranslation/system/AL_TOY.PVM,tanba01,
SATranslation/system/AL_TOY.PVM,tanba02,
SATranslation/system/AL_TOY.PVM,gara_h03,
SATranslation/system/AL_TOY.PVM,tv01,
SATranslation/system/AL_TOY.PVM,tv03,
SATranslation/system/AL_TOY.PVM,tv04,
SATranslation/system/AL_TOY.PVM,tv05,
SATranslation/system/AL_TOY.PVM,ukiwa01,
SATranslation/system/AL_TOY.PVM,ukiwa02,
SATranslation/system/AL_TOY.PVM,g_darkball02,
SATranslation/system/AL_TOY.PVM,g_heroball1,
SATranslation/system/AL_TOY.PVM,g_heroball2,
SATranslation/system/AMY.PVM,atx_body,
SATranslation/system/AMY.PVM,atx_dora01,
SATranslation/system/AMY.PVM,atx_dora02,
SATranslation/system/AMY.PVM,atx_dora03,
SATranslation/system/AMY.PVM,atx_dora04,
SATranslation/system/AMY.PVM,atx_dora05,
SATranslation/system/AMY.PVM,atx_eye01,
SATranslation/system/AMY.PVM,atx_eye02,
SATranslation/system/AMY.PVM,atx_face,
SATranslation/system/AMY.PVM,atx_hammer,
SATranslation/system/AMY.PVM,atx_hand01,
SATranslation/system/AMY.PVM,atx_hand02,
SATranslation/system/AMY.PVM,atx_hband01,
SATranslation/system/AMY.PVM,atx_hband02,
SATranslation/system/AMY.PVM,atx_head,
SATranslation/system/AMY.PVM,atx_kachu,
SATranslation/system/AMY.PVM,atx_kutuzoko0,
SATranslation/system/AMY.PVM,atx_kutuzoko1,
SATranslation/system/AMY.PVM,atx_lhammer,
SATranslation/system/AMY.PVM,atx_ring,
SATranslation/system/AMY.PVM,atx_shoose,
SATranslation/system/AMY.PVM,ld_blue_a,
SATranslation/system/AMY.PVM,ld_br_eye,
SATranslation/system/AMY.PVM,ld_houseki,
SATranslation/system/AMY.PVM,ld_kiiro,
SATranslation/system/AMY.PVM,ld_kounai,
SATranslation/system/AMY.PVM,ld_marble,
SATranslation/system/AMY.PVM,ld_mizukaki,
SATranslation/system/AMY.PVM,ld_munage,
SATranslation/system/AMY.PVM,ld_nawa,
SATranslation/system/AMY.PVM,mtx_kuchinaka0,
SATranslation/system/AMY.PVM,mtx_kuchinaka1,
SATranslation/system/AMY_EFF.PVM,a_shock,
SATranslation/system/AMY_EFF.PVM,a_heart2,
SATranslation/system/AMY_EFF.PVM,a_piyo01,
SATranslation/system/AMY_EFF.PVM,a_piyo02,
SATranslation/system/AMY_EGGROBO.PVM,atx_hada,
SATranslation/system/AMY_EGGROBO.PVM,alltx_dwhite,
SATranslation/system/AMY_EGGROBO.PVM,atx_eri,
SATranslation/system/AMY_EGGROBO.PVM,atx_eye00,
SATranslation/system/AMY_EGGROBO.PVM,atx_fuku0,
SATranslation/system/AMY_EGGROBO.PVM,atx_fuku1,
SATranslation/system/AMY_EGGROBO.PVM,atx_fuku2,
SATranslation/system/AMY_EGGROBO.PVM,atx_fuku3,
SATranslation/system/AMY_EGGROBO.PVM,atx_fuku4,
SATranslation/system/AMY_EGGROBO.PVM,a_weye,
SATranslation/system/AMY_EGGROBO.PVM,atx_inner0,
SATranslation/system/AMY_EGGROBO.PVM,atx_kazari,
SATranslation/system/AMY_EGGROBO.PVM,atx_kutu0,
SATranslation/system/AMY_EGGROBO.PVM,atx_kutu1,
SATranslation/system/AMY_EGGROBO.PVM,atx_kutu2,
SATranslation/system/AMY_EGGROBO.PVM,atx_kutu3,
SATranslation/system/AMY_EGGROBO.PVM,atx_kutu4,
SATranslation/system/AMY_EGGROBO.PVM,atx_kutuzoko0,
SATranslation/system/AMY_EGGROBO.PVM,atx_kutuzoko1,
SATranslation/system/AMY_EGGROBO.PVM,atx_pink0,
SATranslation/system/AMY_EGGROBO.PVM,atx_ring,
SATranslation/system/AMY_EGGROBO.PVM,s_hando2,
SATranslation/system/AMY_EGGROBO.PVM,s_testhand,
SATranslation/system/AMY_EGGROBO.PVM,mtx_kuchinaka0,
SATranslation/system/AMY_EGGROBO.PVM,mtx_kuchinaka1,
SATranslation/system/AMY_EGGROBO.PVM,stx_hanasaki,
SATranslation/system/AMY_EGGROBO.PVM,ld_kiiro,
SATranslation/system/AMY_EGGROBO.PVM,ld_beye,
SATranslation/system/AMY_EGGROBO.PVM,ld_blue_a,
SATranslation/system/AMY_EGGROBO.PVM,ld_br_eye,
SATranslation/system/AMY_EGGROBO.PVM,ld_houseki,
SATranslation/system/AMY_EGGROBO.PVM,ld_baid,
SATranslation/system/AMY_EGGROBO.PVM,ld_knots,
SATranslation/system/AMY_EGGROBO.PVM,ld_kounai,
SATranslation/system/AMY_EGGROBO.PVM,ld_marble,
SATranslation/system/AMY_EGGROBO.PVM,ld_mizukaki,
SATranslation/system/AMY_EGGROBO.PVM,ld_munage,
SATranslation/system/AMY_EGGROBO.PVM,ld_nawa,
SATranslation/system/AMY_EGGROBO.PVM,ertx_metal0,
SATranslation/system/AMY_EGGROBO.PVM,ertx_en,EN
SATranslation/system/AMY_EGGROBO.PVM,ertx_eyes,
SATranslation/system/AMY_EGGROBO.PVM,ertx_green1,
SATranslation/system/AMY_EGGROBO.PVM,ertx_green3,
SATranslation/system/AMY_EGGROBO.PVM,ertx_green4,
SATranslation/system/AMY_EGGROBO.PVM,ertx_green5,
SATranslation/system/AMY_EGGROBO.PVM,ertx_green7,
SATranslation/system/AMY_EGGROBO.PVM,ertx_head,
SATranslation/system/AMY_EGGROBO.PVM,ertx_head3,
SATranslation/system/AMY_EGGROBO.PVM,ertx_iat0,
SATranslation/system/AMY_EGGROBO.PVM,ertx_kosi0,
SATranslation/system/AMY_EGGROBO.PVM,ertx_black0,
SATranslation/system/AMY_EGGROBO.PVM,ertx_paipe,
SATranslation/system/AMY_EGGROBO.PVM,ertx_red0,
SATranslation/system/AMY_EGGROBO.PVM,ertx_red1,
SATranslation/system/AMY_EGGROBO.PVM,ertx_right0,
SATranslation/system/AMY_EGGROBO.PVM,ertx_right1,
SATranslation/system/AMY_EGGROBO.PVM,ertx_right2,
SATranslation/system/AMY_EGGROBO.PVM,ertx_te0,
SATranslation/system/AMY_EGGROBO.PVM,ertx_yellow0,
SATranslation/system/AMYROB_WING.PVM,ld_kiiro,
SATranslation/system/AMYROB_WING.PVM,ld_beye,
SATranslation/system/AMYROB_WING.PVM,ld_blue_a,
SATranslation/system/AMYROB_WING.PVM,ld_br_eye,
SATranslation/system/AMYROB_WING.PVM,ld_houseki,
SATranslation/system/AMYROB_WING.PVM,ld_baid,
SATranslation/system/AMYROB_WING.PVM,ld_knots,
SATranslation/system/AMYROB_WING.PVM,ld_kounai,
SATranslation/system/AMYROB_WING.PVM,ld_marble,
SATranslation/system/AMYROB_WING.PVM,ld_mizukaki,
SATranslation/system/AMYROB_WING.PVM,ld_munage,
SATranslation/system/AMYROB_WING.PVM,ld_nawa,
SATranslation/system/ANCIENT_LIGHT.PVM,thhikari01,
SATranslation/system/ANCIENT_LIGHT.PVM,thhikari02,
SATranslation/system/ANCIENT_LIGHT.PVM,thhikari03,
SATranslation/system/ANCIENT_LIGHT.PVM,thhikari04,
SATranslation/system/ANCIENT_LIGHT.PVM,thhikari05,
SATranslation/system/ANCIENT_LIGHT.PVM,thhikari06,
SATranslation/system/ANCIENT_LIGHT.PVM,thhikari07,
SATranslation/system/ANCIENT_LIGHT.PVM,thhikari08,
SATranslation/system/ANCIENT_LIGHT.PVM,thtsubu01,
SATranslation/system/ANCIENT_LIGHT.PVM,thtsubu02,
SATranslation/system/ANCIENT_LIGHT.PVM,thtsubu08,
SATranslation/system/ANCIENT_LIGHT.PVM,thtsubu07,
SATranslation/system/ANCIENT_LIGHT.PVM,thtsubu06,
SATranslation/system/ANCIENT_LIGHT.PVM,thtsubu05,
SATranslation/system/ANCIENT_LIGHT.PVM,thtsubu04,
SATranslation/system/ANCIENT_LIGHT.PVM,thtsubu03,
SATranslation/system/ANKO.PVM,an_01,
SATranslation/system/ANKO.PVM,an_02,
SATranslation/system/ANKO.PVM,an_te,
SATranslation/system/ANKO.PVM,an_ha,
SATranslation/system/ANKO.PVM,an_me,
SATranslation/system/ANKO.PVM,an_rip,
SATranslation/system/ANKO.PVM,bb_kuchi,
SATranslation/system/ANKO_T.PVM,an_ke,
SATranslation/system/ANKO_T.PVM,an_01,
SATranslation/system/AVA_BACK.PVM,ad_back_1,
SATranslation/system/AVA_BACK.PVM,ad_back_2,
SATranslation/system/AVA_BACK.PVM,ad_back_3,
SATranslation/system/AVA_BACK.PVM,ad_back_4,
SATranslation/system/AVA_BACK.PVM,ad_back_5,
SATranslation/system/AVA_BACK.PVM,ad_back_6,
SATranslation/system/AVA_BACK.PVM,ad_back_7,
SATranslation/system/AVA_BACK.PVM,ad_back_8,
SATranslation/system/AVA_CHSEL.PVM,cs_ce_bd_1,
SATranslation/system/AVA_CHSEL.PVM,cs_ce_bd_2,
SATranslation/system/AVA_CHSEL.PVM,cs_ce_bd_3,
SATranslation/system/AVA_CHSEL.PVM,cs_ce_bu,
SATranslation/system/AVA_CHSEL.PVM,cs_ce_o,
SATranslation/system/AVA_CHSEL.PVM,cs_ce_od,
SATranslation/system/AVA_CHSEL.PVM,cs_ce_ou,
SATranslation/system/AVA_CHSEL.PVM,cs_ce_tx,
SATranslation/system/AVA_CHSEL.PVM,cs_sinkou,
SATranslation/system/AVA_CHSEL.PVM,cs_tx,
SATranslation/system/AVA_CHSEL.PVM,sstx_body,
SATranslation/system/AVA_CHSEL_E.PVM,cs_ce_bd_1,
SATranslation/system/AVA_CHSEL_E.PVM,cs_ce_bd_2,
SATranslation/system/AVA_CHSEL_E.PVM,cs_ce_bd_3,
SATranslation/system/AVA_CHSEL_E.PVM,CS_CE_BU,
SATranslation/system/AVA_CHSEL_E.PVM,CS_CE_O,
SATranslation/system/AVA_CHSEL_E.PVM,CS_CE_OD,
SATranslation/system/AVA_CHSEL_E.PVM,CS_CE_OU,
SATranslation/system/AVA_CHSEL_E.PVM,CS_CE_TX,
SATranslation/system/AVA_CHSEL_E.PVM,cs_sinkou_e,EN
SATranslation/system/AVA_CHSEL_E.PVM,CS_TX_e,EN
SATranslation/system/AVA_CHSEL_E.PVM,sstx_body,
SATranslation/system/AVA_CSR.PVM,sphe_10,
SATranslation/system/AVA_CSR.PVM,sphe_6,
SATranslation/system/AVA_CSR.PVM,sphe_7,
SATranslation/system/AVA_CSR.PVM,sphe_cursol,
SATranslation/system/AVA_DLG.PVM,b_cansel,
SATranslation/system/AVA_DLG.PVM,b_ending,
SATranslation/system/AVA_DLG.PVM,b_kaisi,
SATranslation/system/AVA_DLG.PVM,b_kettei,
SATranslation/system/AVA_DLG.PVM,b_no,
SATranslation/system/AVA_DLG.PVM,b_setumei,
SATranslation/system/AVA_DLG.PVM,b_ss_player,
SATranslation/system/AVA_DLG.PVM,b_ss_stage,
SATranslation/system/AVA_DLG.PVM,b_syoukyo,
SATranslation/system/AVA_DLG.PVM,b_yes,
SATranslation/system/AVA_DLG.PVM,syokika,
SATranslation/system/AVA_DLG.PVM,retry_jp,JP
SATranslation/system/AVA_DLG.PVM,b_kaisi2,
SATranslation/system/AVA_DLG.PVM,reset,
SATranslation/system/AVA_DLG_E.PVM,B_CANSEL_e,EN
SATranslation/system/AVA_DLG_E.PVM,B_ENDING_e,EN
SATranslation/system/AVA_DLG_E.PVM,B_KAISHI_e,EN
SATranslation/system/AVA_DLG_E.PVM,B_KETTEI_e,EN
SATranslation/system/AVA_DLG_E.PVM,B_no_e,EN
SATranslation/system/AVA_DLG_E.PVM,b_setumei_e,EN
SATranslation/system/AVA_DLG_E.PVM,b_ss_player_e,EN
SATranslation/system/AVA_DLG_E.PVM,b_ss_stage_e,EN
SATranslation/system/AVA_DLG_E.PVM,b_syoukyo_e,EN
SATranslation/system/AVA_DLG_E.PVM,B_yes_e,EN
SATranslation/system/AVA_DLG_E.PVM,syokika_e,EN
SATranslation/system/AVA_DLG_E.PVM,retry_en,EN
SATranslation/system/AVA_DLG_E.PVM,dont,
SATranslation/system/AVA_DLG_E.PVM,manage,
SATranslation/system/AVA_DLG_F.pvm,B_CANSEL_e,EN
SATranslation/system/AVA_DLG_F.pvm,B_ENDING_e,EN
SATranslation/system/AVA_DLG_F.pvm,B_KAISHI_e,EN
SATranslation/system/AVA_DLG_F.pvm,B_KETTEI_e,EN
SATranslation/system/AVA_DLG_F.pvm,B_no_e,EN
SATranslation/system/AVA_DLG_F.pvm,b_setumei_e,EN
SATranslation/system/AVA_DLG_F.pvm,b_ss_player_e,EN
SATranslation/system/AVA_DLG_F.pvm,b_ss_stage_e,EN
SATranslation/system/AVA_DLG_F.pvm,b_syoukyo_e,EN
SATranslation/system/AVA_DLG_F.pvm,B_yes_e,EN
SATranslation/system/AVA_DLG_F.pvm,syokika_e,EN
SATranslation/system/AVA_DLG_F.pvm,retry_en,EN
SATranslation/system/AVA_DLG_F.pvm,dont,
SATranslation/system/AVA_DLG_F.pvm,manage,
SATranslation/system/AVA_DLG_G.pvm,B_CANSEL_e,EN
SATranslation/system/AVA_DLG_G.pvm,B_ENDING_e,EN
SATranslation/system/AVA_DLG_G.pvm,B_KAISHI_e,EN
SATranslation/system/AVA_DLG_G.pvm,B_KETTEI_e,EN
SATranslation/system/AVA_DLG_G.pvm,B_no_e,EN
SATranslation/system/AVA_DLG_G.pvm,b_setumei_e,EN
SATranslation/system/AVA_DLG_G.pvm,b_ss_player_e,EN
SATranslation/system/AVA_DLG_G.pvm,b_ss_stage_e,EN
SATranslation/system/AVA_DLG_G.pvm,b_syoukyo_e,EN
SATranslation/system/AVA_DLG_G.pvm,B_yes_e,EN
SATranslation/system/AVA_DLG_G.pvm,syokika_e,EN
SATranslation/system/AVA_DLG_G.pvm,retry_en,EN
SATranslation/system/AVA_DLG_G.pvm,dont,
SATranslation/system/AVA_DLG_G.pvm,manage,
SATranslation/system/AVA_DLG_I.pvm,B_CANSEL_e,EN
SATranslation/system/AVA_DLG_I.pvm,B_ENDING_e,EN
SATranslation/system/AVA_DLG_I.pvm,B_KAISHI_e,EN
SATranslation/system/AVA_DLG_I.pvm,B_KETTEI_e,EN
SATranslation/system/AVA_DLG_I.pvm,B_no_e,EN
SATranslation/system/AVA_DLG_I.pvm,b_setumei_e,EN
SATranslation/system/AVA_DLG_I.pvm,b_ss_player_e,EN
SATranslation/system/AVA_DLG_I.pvm,b_ss_stage_e,EN
SATranslation/system/AVA_DLG_I.pvm,b_syoukyo_e,EN
SATranslation/system/AVA_DLG_I.pvm,B_yes_e,EN
SATranslation/system/AVA_DLG_I.pvm,syokika_e,EN
SATranslation/system/AVA_DLG_I.pvm,retry_en,EN
SATranslation/system/AVA_DLG_I.pvm,dont,
SATranslation/system/AVA_DLG_I.pvm,manage,
SATranslation/system/AVA_DLG_S.pvm,B_CANSEL_e,EN
SATranslation/system/AVA_DLG_S.pvm,B_ENDING_e,EN
SATranslation/system/AVA_DLG_S.pvm,B_KAISHI_e,EN
SATranslation/system/AVA_DLG_S.pvm,B_KETTEI_e,EN
SATranslation/system/AVA_DLG_S.pvm,B_no_e,EN
SATranslation/system/AVA_DLG_S.pvm,b_setumei_e,EN
SATranslation/system/AVA_DLG_S.pvm,b_ss_player_e,EN
SATranslation/system/AVA_DLG_S.pvm,b_ss_stage_e,EN
SATranslation/system/AVA_DLG_S.pvm,b_syoukyo_e,EN
SATranslation/system/AVA_DLG_S.pvm,B_yes_e,EN
SATranslation/system/AVA_DLG_S.pvm,syokika_e,EN
SATranslation/system/AVA_DLG_S.pvm,retry_en,EN
SATranslation/system/AVA_DLG_S.pvm,dont,
SATranslation/system/AVA_DLG_S.pvm,manage,
SATranslation/system/AVA_EMBLEM.PVM,embrem,
SATranslation/system/AVA_EMBLEM.PVM,fs_kakeru,
SATranslation/system/AVA_EMBLEM.PVM,metal_emblem,
SATranslation/system/AVA_EMBLEMVIEW.PVM,emb_result_ttlj,
SATranslation/system/AVA_EMBLEMVIEW.PVM,EMBLEM,
SATranslation/system/AVA_EMBLEMVIEW.PVM,EMBLEM2,
SATranslation/system/AVA_EMBLEMVIEW.PVM,emblemshadow,
SATranslation/system/AVA_EMBLEMVIEW.PVM,head_advf,
SATranslation/system/AVA_EMBLEMVIEW.PVM,HEAD_AMY,
SATranslation/system/AVA_EMBLEMVIEW.PVM,HEAD_BIG,
SATranslation/system/AVA_EMBLEMVIEW.PVM,head_chaorace,
SATranslation/system/AVA_EMBLEMVIEW.PVM,head_e-102,
SATranslation/system/AVA_EMBLEMVIEW.PVM,head_ending,
SATranslation/system/AVA_EMBLEMVIEW.PVM,head_knuckles,
SATranslation/system/AVA_EMBLEMVIEW.PVM,head_minigame,
SATranslation/system/AVA_EMBLEMVIEW.PVM,head_sonic,
SATranslation/system/AVA_EMBLEMVIEW.PVM,head_tails,
SATranslation/system/AVA_EMBLEMVIEW.PVM,select_advf,
SATranslation/system/AVA_EMBLEMVIEW.PVM,select_amy,
SATranslation/system/AVA_EMBLEMVIEW.PVM,select_big,
SATranslation/system/AVA_EMBLEMVIEW.PVM,select_chaorace,
SATranslation/system/AVA_EMBLEMVIEW.PVM,select_e-102,
SATranslation/system/AVA_EMBLEMVIEW.PVM,select_ending,
SATranslation/system/AVA_EMBLEMVIEW.PVM,select_knucles,
SATranslation/system/AVA_EMBLEMVIEW.PVM,select_minigame,
SATranslation/system/AVA_EMBLEMVIEW.PVM,select_sonic,
SATranslation/system/AVA_EMBLEMVIEW.PVM,select_tails,
SATranslation/system/AVA_EMBLEMVIEW_E.PVM,emb_result_ttl,
SATranslation/system/AVA_EMBLEMVIEW_E.PVM,EMBLEM,
SATranslation/system/AVA_EMBLEMVIEW_E.PVM,EMBLEM2,
SATranslation/system/AVA_EMBLEMVIEW_E.PVM,emblemshadow,
SATranslation/system/AVA_EMBLEMVIEW_E.PVM,head_advf,
SATranslation/system/AVA_EMBLEMVIEW_E.PVM,HEAD_AMY,
SATranslation/system/AVA_EMBLEMVIEW_E.PVM,HEAD_BIG,
SATranslation/system/AVA_EMBLEMVIEW_E.PVM,head_chaorace,
SATranslation/system/AVA_EMBLEMVIEW_E.PVM,head_e-102,
SATranslation/system/AVA_EMBLEMVIEW_E.PVM,head_ending,
SATranslation/system/AVA_EMBLEMVIEW_E.PVM,head_knuckles,
SATranslation/system/AVA_EMBLEMVIEW_E.PVM,head_minigame,
SATranslation/system/AVA_EMBLEMVIEW_E.PVM,head_sonic,
SATranslation/system/AVA_EMBLEMVIEW_E.PVM,head_tails,
SATranslation/system/AVA_EMBLEMVIEW_E.PVM,select_advf,
SATranslation/system/AVA_EMBLEMVIEW_E.PVM,select_amy,
SATranslation/system/AVA_EMBLEMVIEW_E.PVM,select_big,
SATranslation/system/AVA_EMBLEMVIEW_E.PVM,select_chaorace,
SATranslation/system/AVA_EMBLEMVIEW_E.PVM,select_e-102,
SATranslation/system/AVA_EMBLEMVIEW_E.PVM,select_ending,
SATranslation/system/AVA_EMBLEMVIEW_E.PVM,select_knucles,
SATranslation/system/AVA_EMBLEMVIEW_E.PVM,select_minigame,
SATranslation/system/AVA_EMBLEMVIEW_E.PVM,select_sonic,
SATranslation/system/AVA_EMBLEMVIEW_E.PVM,select_tails,
SATranslation/system/AVA_EXPLAIN.PVM,padmanu,
SATranslation/system/AVA_EXPLAIN.PVM,sprf_01,
SATranslation/system/AVA_EXPLAIN.PVM,sprf_02,
SATranslation/system/AVA_EXPLAIN.PVM,sprf_03,
SATranslation/system/AVA_EXPLAIN.PVM,sprf_04,
SATranslation/system/AVA_EXPLAIN.PVM,sprf_05,
SATranslation/system/AVA_EXPLAIN.PVM,sprf_06,
SATranslation/system/AVA_EXPLAIN.PVM,sprf_07,
SATranslation/system/AVA_EXPLAIN.PVM,sprf_08,
SATranslation/system/AVA_EXPLAIN.PVM,sprf_09,
SATranslation/system/AVA_EXPLAIN.PVM,sprf_10,
SATranslation/system/AVA_EXPLAIN.PVM,sprf_11,
SATranslation/system/AVA_EXPLAIN.PVM,sprf_12,
SATranslation/system/AVA_EXPLAIN.PVM,sprf_13,
SATranslation/system/AVA_EXPLAIN.PVM,sprf_14,
SATranslation/system/AVA_EXPLAIN.PVM,sprf_15,
SATranslation/system/AVA_EXPLAIN.PVM,sprf_16,
SATranslation/system/AVA_EXPLAIN.PVM,sprf_17,
SATranslation/system/AVA_EXPLAIN.PVM,sprf_18,
SATranslation/system/AVA_EXPLAIN.PVM,sprf_19,
SATranslation/system/AVA_EXPLAIN.PVM,sprf_20,
SATranslation/system/AVA_EXPLAIN.PVM,sprf_21,
SATranslation/system/AVA_EXPLAIN.PVM,sprf_22,
SATranslation/system/AVA_EXPLAIN.PVM,sprf_23,
SATranslation/system/AVA_EXPLAIN.PVM,sprf_24,
SATranslation/system/AVA_EXPLAIN.PVM,sprf_25,
SATranslation/system/AVA_EXPLAIN.PVM,sprf_26,
SATranslation/system/AVA_EXPLAIN.PVM,sprf_27,
SATranslation/system/AVA_EXPLAIN.PVM,sprf_28,
SATranslation/system/AVA_EXPLAIN.PVM,sprf_29,
SATranslation/system/AVA_EXPLAIN.PVM,sprf_30,
SATranslation/system/AVA_FILESEL.PVM,fs_blackbar,
SATranslation/system/AVA_FILESEL.PVM,fs_file_sita_b,
SATranslation/system/AVA_FILESEL.PVM,fs_file_sita_y,
SATranslation/system/AVA_FILESEL.PVM,fs_m_clear,
SATranslation/system/AVA_FILESEL.PVM,fs_m_embrem,
SATranslation/system/AVA_FILESEL.PVM,fs_m_play,
SATranslation/system/AVA_FILESEL.PVM,fs_m_start,
SATranslation/system/AVA_FILESEL.PVM,fs_marusita,
SATranslation/system/AVA_FILESEL.PVM,fs_namesita,
SATranslation/system/AVA_FILESEL.PVM,fs_tx,
SATranslation/system/AVA_FILESEL.PVM,fs_waku_in,
SATranslation/system/AVA_FILESEL.PVM,fs_waku_in_16p,
SATranslation/system/AVA_FILESEL.PVM,fs_waku_in_16p90,
SATranslation/system/AVA_FILESEL.PVM,fs_waku_out,
SATranslation/system/AVA_FILESEL.PVM,fs_waku_out_2p,
SATranslation/system/AVA_FILESEL.PVM,fs_waku_out_2p90,
SATranslation/system/AVA_FILESEL.PVM,fs_waku_upper,
SATranslation/system/AVA_FILESEL.PVM,fs_waku_upper_2p,
SATranslation/system/AVA_FILESEL.PVM,fs_waku_upper_2p90,
SATranslation/system/AVA_FILESEL.PVM,maru_amy,
SATranslation/system/AVA_FILESEL.PVM,maru_big,
SATranslation/system/AVA_FILESEL.PVM,maru_e102,
SATranslation/system/AVA_FILESEL.PVM,maru_kage,
SATranslation/system/AVA_FILESEL.PVM,maru_knuckles,
SATranslation/system/AVA_FILESEL.PVM,maru_sonic,
SATranslation/system/AVA_FILESEL.PVM,maru_supersonic,
SATranslation/system/AVA_FILESEL.PVM,maru_tails,
SATranslation/system/AVA_FILESEL.PVM,n_maru_amy,
SATranslation/system/AVA_FILESEL.PVM,n_maru_big,
SATranslation/system/AVA_FILESEL.PVM,n_maru_e102,
SATranslation/system/AVA_FILESEL.PVM,n_maru_knuckles,
SATranslation/system/AVA_FILESEL.PVM,n_maru_tails,
SATranslation/system/AVA_FILESEL_E.PVM,fs_blackbar,
SATranslation/system/AVA_FILESEL_E.PVM,fs_file_sita_b,
SATranslation/system/AVA_FILESEL_E.PVM,fs_file_sita_y,
SATranslation/system/AVA_FILESEL_E.PVM,fs_m_clear_e,EN
SATranslation/system/AVA_FILESEL_E.PVM,fs_m_embrem_e,EN
SATranslation/system/AVA_FILESEL_E.PVM,fs_m_play_e,EN
SATranslation/system/AVA_FILESEL_E.PVM,fs_m_start_e,EN
SATranslation/system/AVA_FILESEL_E.PVM,fs_marusita,
SATranslation/system/AVA_FILESEL_E.PVM,fs_namesita,
SATranslation/system/AVA_FILESEL_E.PVM,FS_TX_e,EN
SATranslation/system/AVA_FILESEL_E.PVM,fs_waku_in,
SATranslation/system/AVA_FILESEL_E.PVM,fs_waku_in_16p,
SATranslation/system/AVA_FILESEL_E.PVM,fs_waku_in_16p90,
SATranslation/system/AVA_FILESEL_E.PVM,fs_waku_out,
SATranslation/system/AVA_FILESEL_E.PVM,fs_waku_out_2p,
SATranslation/system/AVA_FILESEL_E.PVM,fs_waku_out_2p90,
SATranslation/system/AVA_FILESEL_E.PVM,fs_waku_upper,
SATranslation/system/AVA_FILESEL_E.PVM,fs_waku_upper_2p,
SATranslation/system/AVA_FILESEL_E.PVM,fs_waku_upper_2p90,
SATranslation/system/AVA_FILESEL_E.PVM,MARU_AMY,
SATranslation/system/AVA_FILESEL_E.PVM,MARU_BIG,
SATranslation/system/AVA_FILESEL_E.PVM,maru_e102,
SATranslation/system/AVA_FILESEL_E.PVM,maru_kage,
SATranslation/system/AVA_FILESEL_E.PVM,maru_knuckles,
SATranslation/system/AVA_FILESEL_E.PVM,maru_sonic,
SATranslation/system/AVA_FILESEL_E.PVM,maru_supersonic,
SATranslation/system/AVA_FILESEL_E.PVM,maru_tails,
SATranslation/system/AVA_FILESEL_E.PVM,n_maru_amy,
SATranslation/system/AVA_FILESEL_E.PVM,n_maru_big,
SATranslation/system/AVA_FILESEL_E.PVM,n_maru_e102,
SATranslation/system/AVA_FILESEL_E.PVM,n_maru_knuckles,
SATranslation/system/AVA_FILESEL_E.PVM,n_maru_tails,
SATranslation/system/AVA_FSCMN.PVM,fs_file,
SATranslation/system/AVA_FSCMN.PVM,fs_file_modoru,
SATranslation/system/AVA_FSCMN.PVM,fs_file_num1,
SATranslation/system/AVA_FSCMN.PVM,fs_file_num2,
SATranslation/system/AVA_FSCMN.PVM,fs_file_num3,
SATranslation/system/AVA_FSCMN.PVM,fs_modoru,
SATranslation/system/AVA_FSCMN_E.PVM,FS_FILE_e,EN
SATranslation/system/AVA_FSCMN_E.PVM,fs_file_modoru_e,EN
SATranslation/system/AVA_FSCMN_E.PVM,fs_file_num1,
SATranslation/system/AVA_FSCMN_E.PVM,fs_file_num2,
SATranslation/system/AVA_FSCMN_E.PVM,fs_file_num3,
SATranslation/system/AVA_FSCMN_E.PVM,fs_modoru_e,EN
SATranslation/system/AVA_FSDLG.PVM,b_fs_1,
SATranslation/system/AVA_FSDLG.PVM,b_fs_2,
SATranslation/system/AVA_FSDLG.PVM,b_fs_3,
SATranslation/system/AVA_FSDLG.PVM,b_fs_del,
SATranslation/system/AVA_FSDLG.PVM,b_fs_deltyu,
SATranslation/system/AVA_FSDLG.PVM,b_fs_nukuna,
SATranslation/system/AVA_FSDLG_E.PVM,B_FS_1,
SATranslation/system/AVA_FSDLG_E.PVM,B_FS_2,
SATranslation/system/AVA_FSDLG_E.PVM,B_FS_3,
SATranslation/system/AVA_FSDLG_E.PVM,B_fs_del_e2,
SATranslation/system/AVA_FSDLG_E.PVM,b_fs_deltyu_e,EN
SATranslation/system/AVA_FSDLG_E.PVM,b_fs_nukuna_e,EN
SATranslation/system/AVA_FSDLG_F.PVM,B_FS_1,
SATranslation/system/AVA_FSDLG_F.PVM,B_FS_2,
SATranslation/system/AVA_FSDLG_F.PVM,B_FS_3,
SATranslation/system/AVA_FSDLG_F.PVM,B_fs_del_f,FR
SATranslation/system/AVA_FSDLG_F.PVM,b_fs_deltyu_e,EN
SATranslation/system/AVA_FSDLG_F.PVM,b_fs_nukuna_e,EN
SATranslation/system/AVA_FSDLG_G.PVM,B_FS_1,
SATranslation/system/AVA_FSDLG_G.PVM,B_FS_2,
SATranslation/system/AVA_FSDLG_G.PVM,B_FS_3,
SATranslation/system/AVA_FSDLG_G.PVM,B_fs_del_g,DE
SATranslation/system/AVA_FSDLG_G.PVM,b_fs_deltyu_e,EN
SATranslation/system/AVA_FSDLG_G.PVM,b_fs_nukuna_e,EN
SATranslation/system/AVA_FSDLG_S.PVM,B_FS_1,
SATranslation/system/AVA_FSDLG_S.PVM,B_FS_2,
SATranslation/system/AVA_FSDLG_S.PVM,B_FS_3,
SATranslation/system/AVA_FSDLG_S.PVM,B_fs_del_s,ES
SATranslation/system/AVA_FSDLG_S.PVM,b_fs_deltyu_e,EN
SATranslation/system/AVA_FSDLG_S.PVM,b_fs_nukuna_e,EN
SATranslation/system/AVA_GTITLE0.PVM,title_jp_00,JP
SATranslation/system/AVA_GTITLE0.PVM,title_jp_01,JP
SATranslation/system/AVA_GTITLE0.PVM,title_jp_02,JP
SATranslation/system/AVA_GTITLE0.PVM,title_jp_03,JP
SATranslation/system/AVA_GTITLE0.PVM,title_jp_04,JP
SATranslation/system/AVA_GTITLE0.PVM,title_jp_05,JP
SATranslation/system/AVA_GTITLE0.PVM,title_jp_06,JP
SATranslation/system/AVA_GTITLE0.PVM,title_jp_07,JP
SATranslation/system/AVA_GTITLE0.PVM,p_enter_jp_00,JP
SATranslation/system/AVA_GTITLE0.PVM,p_enter_jp_01,JP
SATranslation/system/AVA_GTITLE0.PVM,p_enter_jp_02,JP
SATranslation/system/AVA_GTITLE0_E.PVM,title_us_00,US
SATranslation/system/AVA_GTITLE0_E.PVM,title_us_01,US
SATranslation/system/AVA_GTITLE0_E.PVM,title_us_02,US
SATranslation/system/AVA_GTITLE0_E.PVM,title_us_03,US
SATranslation/system/AVA_GTITLE0_E.PVM,title_us_04,US
SATranslation/system/AVA_GTITLE0_E.PVM,title_us_05,US
SATranslation/system/AVA_GTITLE0_E.PVM,title_us_06,US
SATranslation/system/AVA_GTITLE0_E.PVM,title_us_07,US
SATranslation/system/AVA_GTITLE0_E.PVM,p_enter_us_00,US
SATranslation/system/AVA_GTITLE0_E.PVM,p_enter_us_01,US
SATranslation/system/AVA_GTITLE0_E.PVM,p_enter_us_02,US
SATranslation/system/AVA_GTITLE0_SHOW.PVM,title_jp_00,JP
SATranslation/system/AVA_GTITLE0_SHOW.PVM,title_jp_01,JP
SATranslation/system/AVA_GTITLE0_SHOW.PVM,title_jp_02,JP
SATranslation/system/AVA_GTITLE0_SHOW.PVM,title_jp_03,JP
SATranslation/system/AVA_GTITLE0_SHOW.PVM,title_jp_04,JP
SATranslation/system/AVA_GTITLE0_SHOW.PVM,title_jp_05,JP
SATranslation/system/AVA_GTITLE0_SHOW.PVM,title_jp_06,JP
SATranslation/system/AVA_GTITLE0_SHOW.PVM,title_jp_07,JP
SATranslation/system/AVA_GTITLE0_SHOW.PVM,p_enter_jp_00,JP
SATranslation/system/AVA_GTITLE0_SHOW.PVM,p_enter_jp_01,JP
SATranslation/system/AVA_GTITLE0_SHOW.PVM,p_enter_jp_02,JP
SATranslation/system/AVA_GTITLE0_SHOW_E.PVM,title_us_00,US
SATranslation/system/AVA_GTITLE0_SHOW_E.PVM,title_us_01,US
SATranslation/system/AVA_GTITLE0_SHOW_E.PVM,title_us_02,US
SATranslation/system/AVA_GTITLE0_SHOW_E.PVM,title_us_03,US
SATranslation/system/AVA_GTITLE0_SHOW_E.PVM,title_us_04,US
SATranslation/system/AVA_GTITLE0_SHOW_E.PVM,title_us_05,US
SATranslation/system/AVA_GTITLE0_SHOW_E.PVM,title_us_06,US
SATranslation/system/AVA_GTITLE0_SHOW_E.PVM,title_us_07,US
SATranslation/system/AVA_GTITLE0_SHOW_E.PVM,p_enter_us_00,US
SATranslation/system/AVA_GTITLE0_SHOW_E.PVM,p_enter_us_01,US
SATranslation/system/AVA_GTITLE0_SHOW_E.PVM,p_enter_us_02,US
SATranslation/system/AVA_METAL_SONIC.PVM,ava_tx_metal_j,JP
SATranslation/system/AVA_METAL_SONIC.PVM,ava_tx_metal_e,EN
SATranslation/system/AVA_METAL_SONIC.PVM,ava_name_metal,
SATranslation/system/AVA_METAL_SONIC.PVM,ava_b_metal_j,JP
SATranslation/system/AVA_METAL_SONIC.PVM,ava_b_metal_e,EN
SATranslation/system/AVA_NEW16NO.PVM,n0,
SATranslation/system/AVA_NEW16NO.PVM,n1,
SATranslation/system/AVA_NEW16NO.PVM,n10,
SATranslation/system/AVA_NEW16NO.PVM,n11,
SATranslation/system/AVA_NEW16NO.PVM,n2,
SATranslation/system/AVA_NEW16NO.PVM,n3,
SATranslation/system/AVA_NEW16NO.PVM,n4,
SATranslation/system/AVA_NEW16NO.PVM,n5,
SATranslation/system/AVA_NEW16NO.PVM,n6,
SATranslation/system/AVA_NEW16NO.PVM,n7,
SATranslation/system/AVA_NEW16NO.PVM,n8,
SATranslation/system/AVA_NEW16NO.PVM,n9,
SATranslation/system/AVA_OPTION.PVM,B_MONO,
SATranslation/system/AVA_OPTION.PVM,b_oto_nomi,
SATranslation/system/AVA_OPTION.PVM,b_oto_txt,
SATranslation/system/AVA_OPTION.PVM,B_STEREO,
SATranslation/system/AVA_OPTION.PVM,op_modoru_tx,
SATranslation/system/AVA_OPTION.PVM,OP_MS_C,
SATranslation/system/AVA_OPTION.PVM,OP_MS_EX,
SATranslation/system/AVA_OPTION.PVM,OP_MS_I,IT
SATranslation/system/AVA_OPTION.PVM,OP_MS_N,
SATranslation/system/AVA_OPTION.PVM,OP_MS_O,
SATranslation/system/AVA_OPTION.PVM,OP_MS_S,ES
SATranslation/system/AVA_OPTION.PVM,op_ms_sitaji,
SATranslation/system/AVA_OPTION.PVM,op_ms_sonic1,
SATranslation/system/AVA_OPTION.PVM,op_ms_sonic2,
SATranslation/system/AVA_OPTION.PVM,OP_MS_TX,
SATranslation/system/AVA_OPTION.PVM,op_out_sitaji,
SATranslation/system/AVA_OPTION.PVM,op_out_speker,
SATranslation/system/AVA_OPTION.PVM,op_out_tx,
SATranslation/system/AVA_OPTION.PVM,op_test_cd1,
SATranslation/system/AVA_OPTION.PVM,op_test_cd2,
SATranslation/system/AVA_OPTION.PVM,op_test_onpu,
SATranslation/system/AVA_OPTION.PVM,op_test_sitaji,
SATranslation/system/AVA_OPTION.PVM,op_test_tx,
SATranslation/system/AVA_OPTION.PVM,OP_TX,
SATranslation/system/AVA_OPTION.PVM,ta_deutsch,
SATranslation/system/AVA_OPTION.PVM,ta_english,
SATranslation/system/AVA_OPTION.PVM,ta_espanol,
SATranslation/system/AVA_OPTION.PVM,ta_francais,
SATranslation/system/AVA_OPTION.PVM,ta_nihongo,
SATranslation/system/AVA_OPTION.PVM,ta_notext,
SATranslation/system/AVA_OPTION.PVM,ta_text,
SATranslation/system/AVA_OPTION.PVM,ta_voice,
SATranslation/system/AVA_OPTION.PVM,op_tv_sitaji,
SATranslation/system/AVA_OPTION.PVM,op_tv_sitaji1,
SATranslation/system/AVA_OPTION.PVM,op_tv_sitaji2,
SATranslation/system/AVA_OPTION.PVM,Op_tv_tx,
SATranslation/system/AVA_OPTION.PVM,op_lang_sitaji,
SATranslation/system/AVA_OPTION.PVM,op_lang_sitaji1,
SATranslation/system/AVA_OPTION.PVM,op_lang_sitaji2,
SATranslation/system/AVA_OPTION.PVM,op_lang_tx,
SATranslation/system/AVA_OPTION.PVM,op_vib_tx,
SATranslation/system/AVA_OPTION.PVM,op_vib_buru,
SATranslation/system/AVA_OPTION.PVM,op_vib_buru1,
SATranslation/system/AVA_OPTION.PVM,op_vib_buru2,
SATranslation/system/AVA_OPTION.PVM,save_01,
SATranslation/system/AVA_OPTION.PVM,save_02,
SATranslation/system/AVA_OPTION.PVM,save_03,
SATranslation/system/AVA_OPTION.PVM,op_file_tx,
SATranslation/system/AVA_OPTION.PVM,op_vib_on,
SATranslation/system/AVA_OPTION.PVM,op_vib_off,
SATranslation/system/AVA_OPTION.PVM,op_out_dolby,
SATranslation/system/AVA_OPTION_E.PVM,B_MONO_e,EN
SATranslation/system/AVA_OPTION_E.PVM,b_oto_nomi_e,EN
SATranslation/system/AVA_OPTION_E.PVM,b_oto_txt_e,EN
SATranslation/system/AVA_OPTION_E.PVM,B_STEREO_e,EN
SATranslation/system/AVA_OPTION_E.PVM,op_modoru_tx,
SATranslation/system/AVA_OPTION_E.PVM,OP_MS_C,
SATranslation/system/AVA_OPTION_E.PVM,OP_MS_EX,
SATranslation/system/AVA_OPTION_E.PVM,OP_MS_I,IT
SATranslation/system/AVA_OPTION_E.PVM,OP_MS_N,
SATranslation/system/AVA_OPTION_E.PVM,OP_MS_O,
SATranslation/system/AVA_OPTION_E.PVM,OP_MS_S,ES
SATranslation/system/AVA_OPTION_E.PVM,op_ms_sitaji,
SATranslation/system/AVA_OPTION_E.PVM,op_ms_sonic1,
SATranslation/system/AVA_OPTION_E.PVM,op_ms_sonic2,
SATranslation/system/AVA_OPTION_E.PVM,OP_MS_TX,
SATranslation/system/AVA_OPTION_E.PVM,op_out_sitaji,
SATranslation/system/AVA_OPTION_E.PVM,op_out_speker,
SATranslation/system/AVA_OPTION_E.PVM,op_out_tx,
SATranslation/system/AVA_OPTION_E.PVM,op_test_cd1,
SATranslation/system/AVA_OPTION_E.PVM,op_test_cd2,
SATranslation/system/AVA_OPTION_E.PVM,op_test_onpu,
SATranslation/system/AVA_OPTION_E.PVM,op_test_sitaji,
SATranslation/system/AVA_OPTION_E.PVM,op_test_tx,
SATranslation/system/AVA_OPTION_E.PVM,OP_TX_e,EN
SATranslation/system/AVA_OPTION_E.PVM,ta_deutsch,
SATranslation/system/AVA_OPTION_E.PVM,ta_english,
SATranslation/system/AVA_OPTION_E.PVM,ta_espanol,
SATranslation/system/AVA_OPTION_E.PVM,ta_francais,
SATranslation/system/AVA_OPTION_E.PVM,ta_nihongo,
SATranslation/system/AVA_OPTION_E.PVM,ta_notext,
SATranslation/system/AVA_OPTION_E.PVM,ta_text,
SATranslation/system/AVA_OPTION_E.PVM,ta_voice,
SATranslation/system/AVA_OPTION_E.PVM,op_tv_sitaji,
SATranslation/system/AVA_OPTION_E.PVM,op_tv_sitaji1,
SATranslation/system/AVA_OPTION_E.PVM,op_tv_sitaji2,
SATranslation/system/AVA_OPTION_E.PVM,Op_tv_tx_e,EN
SATranslation/system/AVA_OPTION_E.PVM,op_lang_sitaji,
SATranslation/system/AVA_OPTION_E.PVM,op_lang_sitaji1,
SATranslation/system/AVA_OPTION_E.PVM,op_lang_sitaji2,
SATranslation/system/AVA_OPTION_E.PVM,op_lang_tx_e,EN
SATranslation/system/AVA_OPTION_E.PVM,op_vib_tx_e,EN
SATranslation/system/AVA_OPTION_E.PVM,op_vib_buru,
SATranslation/system/AVA_OPTION_E.PVM,op_vib_buru1,
SATranslation/system/AVA_OPTION_E.PVM,op_vib_buru2,
SATranslation/system/AVA_OPTION_E.PVM,save_01,
SATranslation/system/AVA_OPTION_E.PVM,save_02,
SATranslation/system/AVA_OPTION_E.PVM,save_03,
SATranslation/system/AVA_OPTION_E.PVM,op_file_tx,
SATranslation/system/AVA_OPTION_E.PVM,op_vib_on,
SATranslation/system/AVA_OPTION_E.PVM,op_vib_off,
SATranslation/system/AVA_OPTION_E.PVM,op_out_dolby_e,EN
SATranslation/system/AVA_SAN.PVM,st_san,
SATranslation/system/AVA_SAN.PVM,st_san_s,ES
SATranslation/system/AVA_SNDTEST.PVM,st_ab,
SATranslation/system/AVA_SNDTEST.PVM,st_action,
SATranslation/system/AVA_SNDTEST.PVM,st_adventure,
SATranslation/system/AVA_SNDTEST.PVM,st_arrow_naka,
SATranslation/system/AVA_SNDTEST.PVM,st_arrow_s,ES
SATranslation/system/AVA_SNDTEST.PVM,st_arrow_waku,
SATranslation/system/AVA_SNDTEST.PVM,st_charactor,
SATranslation/system/AVA_SNDTEST.PVM,st_event,
SATranslation/system/AVA_SNDTEST.PVM,st_jinguru,
SATranslation/system/AVA_SNDTEST.PVM,st_kouka,
SATranslation/system/AVA_SNDTEST.PVM,st_modoru_tx,
SATranslation/system/AVA_SNDTEST.PVM,st_sonota,
SATranslation/system/AVA_SNDTEST.PVM,st_tx,
SATranslation/system/AVA_SNDTEST.PVM,st_win_l,
SATranslation/system/AVA_SNDTEST.PVM,st_win_naka,
SATranslation/system/AVA_SNDTEST.PVM,st_win_s,ES
SATranslation/system/AVA_SNDTEST_E.PVM,ST_AB,
SATranslation/system/AVA_SNDTEST_E.PVM,st_action,
SATranslation/system/AVA_SNDTEST_E.PVM,st_adventure,
SATranslation/system/AVA_SNDTEST_E.PVM,st_arrow_naka,
SATranslation/system/AVA_SNDTEST_E.PVM,st_arrow_s,ES
SATranslation/system/AVA_SNDTEST_E.PVM,st_arrow_waku,
SATranslation/system/AVA_SNDTEST_E.PVM,st_charactor,
SATranslation/system/AVA_SNDTEST_E.PVM,St_event_e,EN
SATranslation/system/AVA_SNDTEST_E.PVM,st_jinguru_e,EN
SATranslation/system/AVA_SNDTEST_E.PVM,ST_KOUKA,
SATranslation/system/AVA_SNDTEST_E.PVM,st_modoru_e,EN
SATranslation/system/AVA_SNDTEST_E.PVM,st_sonota_e,EN
SATranslation/system/AVA_SNDTEST_E.PVM,ST_TX_e,EN
SATranslation/system/AVA_SNDTEST_E.PVM,ST_WIN_L,
SATranslation/system/AVA_SNDTEST_E.PVM,st_win_naka,
SATranslation/system/AVA_SNDTEST_E.PVM,ST_WIN_S,ES
SATranslation/system/AVA_SQUARE.PVM,button_s,ES
SATranslation/system/AVA_SQUARE.PVM,button_s_s,ES
SATranslation/system/AVA_SQUARE.PVM,button_select,
SATranslation/system/AVA_STNAM.PVM,tx_st01,
SATranslation/system/AVA_STNAM.PVM,tx_st02,
SATranslation/system/AVA_STNAM.PVM,tx_st03,
SATranslation/system/AVA_STNAM.PVM,tx_st04,
SATranslation/system/AVA_STNAM.PVM,tx_st05,
SATranslation/system/AVA_STNAM.PVM,tx_st06,
SATranslation/system/AVA_STNAM.PVM,tx_st07,
SATranslation/system/AVA_STNAM.PVM,tx_st08,
SATranslation/system/AVA_STNAM.PVM,tx_st09,
SATranslation/system/AVA_STNAM.PVM,tx_st10,
SATranslation/system/AVA_STNAM.PVM,tx_st11,
SATranslation/system/AVA_STNAM.PVM,tx_st12,
SATranslation/system/AVA_STNAM.PVM,tx_st13,
SATranslation/system/AVA_STNAM.PVM,tx_st14,
SATranslation/system/AVA_STNAM.PVM,tx_st15,
SATranslation/system/AVA_STNAM.PVM,tx_st16,
SATranslation/system/AVA_STNAM.PVM,tx_st17,
SATranslation/system/AVA_STNAM.PVM,tx_st18,
SATranslation/system/AVA_STNAM.PVM,tx_st19,
SATranslation/system/AVA_STNAM.PVM,tx_st20,
SATranslation/system/AVA_STNAM.PVM,tx_st21,
SATranslation/system/AVA_STNAM.PVM,tx_st22,
SATranslation/system/AVA_STNAM.PVM,tx_st23,
SATranslation/system/AVA_STNAM.PVM,tx_st24,
SATranslation/system/AVA_STNAM.PVM,tx_st25,
SATranslation/system/AVA_STNAM.PVM,tx_st26,
SATranslation/system/AVA_STNAM.PVM,tx_st27,
SATranslation/system/AVA_STNAM.PVM,tx_st28,
SATranslation/system/AVA_STNAM.PVM,tx_st29,
SATranslation/system/AVA_STNAM.PVM,tx_st30,
SATranslation/system/AVA_STNAM.PVM,tx_st31,
SATranslation/system/AVA_STNAM.PVM,tx_st32,
SATranslation/system/AVA_STNAM.PVM,tx_st33,
SATranslation/system/AVA_STNAM.PVM,tx_st34,
SATranslation/system/AVA_STNAM.PVM,tx_st35,
SATranslation/system/AVA_STNAM_E.PVM,TX_ST01_e,EN
SATranslation/system/AVA_STNAM_E.PVM,TX_ST02_e,EN
SATranslation/system/AVA_STNAM_E.PVM,TX_ST03_e,EN
SATranslation/system/AVA_STNAM_E.PVM,TX_ST04_e,EN
SATranslation/system/AVA_STNAM_E.PVM,TX_ST05_e,EN
SATranslation/system/AVA_STNAM_E.PVM,TX_ST06_e,EN
SATranslation/system/AVA_STNAM_E.PVM,TX_ST07_e,EN
SATranslation/system/AVA_STNAM_E.PVM,TX_ST08_e,EN
SATranslation/system/AVA_STNAM_E.PVM,TX_ST09_e,EN
SATranslation/system/AVA_STNAM_E.PVM,TX_ST10_e,EN
SATranslation/system/AVA_STNAM_E.PVM,TX_ST11_e,EN
SATranslation/system/AVA_STNAM_E.PVM,TX_ST12_e,EN
SATranslation/system/AVA_STNAM_E.PVM,TX_ST13_e,EN
SATranslation/system/AVA_STNAM_E.PVM,TX_ST14_e,EN
SATranslation/system/AVA_STNAM_E.PVM,TX_ST15_e,EN
SATranslation/system/AVA_STNAM_E.PVM,TX_ST16_e,EN
SATranslation/system/AVA_STNAM_E.PVM,TX_ST17_e,EN
SATranslation/system/AVA_STNAM_E.PVM,TX_ST18_e,EN
SATranslation/system/AVA_STNAM_E.PVM,TX_ST19_e,EN
SATranslation/system/AVA_STNAM_E.PVM,TX_ST20_e,EN
SATranslation/system/AVA_STNAM_E.PVM,TX_ST21_e,EN
SATranslation/system/AVA_STNAM_E.PVM,TX_ST22_e,EN
SATranslation/system/AVA_STNAM_E.PVM,TX_ST23_e,EN
SATranslation/system/AVA_STNAM_E.PVM,TX_ST24_e,EN
SATranslation/system/AVA_STNAM_E.PVM,TX_ST25_e,EN
SATranslation/system/AVA_STNAM_E.PVM,TX_ST26_e,EN
SATranslation/system/AVA_STNAM_E.PVM,TX_ST27_e,EN
SATranslation/system/AVA_STNAM_E.PVM,TX_ST28_e,EN
SATranslation/system/AVA_STNAM_E.PVM,TX_ST29_e,EN
SATranslation/system/AVA_STNAM_E.PVM,TX_ST30_e,EN
SATranslation/system/AVA_STNAM_E.PVM,TX_ST31_e,EN
SATranslation/system/AVA_STNAM_E.PVM,TX_ST32_e,EN
SATranslation/system/AVA_STNAM_E.PVM,TX_ST33_e,EN
SATranslation/system/AVA_STNAM_E.PVM,tx_st34_e,EN
SATranslation/system/AVA_STNAM_E.PVM,tx_st35_e,EN
SATranslation/system/AVA_SUUJI.PVM,fs_coron,
SATranslation/system/AVA_SUUJI.PVM,sinkou_num_0,
SATranslation/system/AVA_SUUJI.PVM,sinkou_num_1,
SATranslation/system/AVA_SUUJI.PVM,sinkou_num_2,
SATranslation/system/AVA_SUUJI.PVM,sinkou_num_3,
SATranslation/system/AVA_SUUJI.PVM,sinkou_num_4,
SATranslation/system/AVA_SUUJI.PVM,sinkou_num_5,
SATranslation/system/AVA_SUUJI.PVM,sinkou_num_6,
SATranslation/system/AVA_SUUJI.PVM,sinkou_num_7,
SATranslation/system/AVA_SUUJI.PVM,sinkou_num_8,
SATranslation/system/AVA_SUUJI.PVM,sinkou_num_9,
SATranslation/system/AVA_SUUJI.PVM,sinkou_parsent,
SATranslation/system/AVA_TITLE.PVM,main_tx_action,
SATranslation/system/AVA_TITLE.PVM,main_tx_ad,
SATranslation/system/AVA_TITLE.PVM,main_tx_in,
SATranslation/system/AVA_TITLE.PVM,main_tx_mini,
SATranslation/system/AVA_TITLE.PVM,main_tx_op,
SATranslation/system/AVA_TITLE.PVM,main_tx_try,
SATranslation/system/AVA_TITLE.PVM,main_win_s,ES
SATranslation/system/AVA_TITLE.PVM,main_tx_emblemj,
SATranslation/system/AVA_TITLE.PVM,main_tx_puti,
SATranslation/system/AVA_TITLE.PVM,end_game_j,JP
SATranslation/system/AVA_TITLE_BACK.PVM,game_title_intr_w0,
SATranslation/system/AVA_TITLE_BACK.PVM,game_title_intr_w1,
SATranslation/system/AVA_TITLE_BACK.PVM,game_title_intr_w2,
SATranslation/system/AVA_TITLE_BACK.PVM,game_title_intr_w3,
SATranslation/system/AVA_TITLE_BACK.PVM,game_title_intr_w4,
SATranslation/system/AVA_TITLE_BACK.PVM,game_title_intr_w5,
SATranslation/system/AVA_TITLE_BACK.PVM,game_title_intr_w6,
SATranslation/system/AVA_TITLE_BACK.PVM,game_title_intr_w7,
SATranslation/system/AVA_TITLE_BACK_E.PVM,title_back_e0,
SATranslation/system/AVA_TITLE_BACK_E.PVM,title_back_e1,
SATranslation/system/AVA_TITLE_BACK_E.PVM,title_back_e2,
SATranslation/system/AVA_TITLE_BACK_E.PVM,title_back_e3,
SATranslation/system/AVA_TITLE_BACK_E.PVM,title_back_e4,
SATranslation/system/AVA_TITLE_BACK_E.PVM,title_back_e5,
SATranslation/system/AVA_TITLE_BACK_E.PVM,title_back_e6,
SATranslation/system/AVA_TITLE_BACK_E.PVM,title_back_e7,
SATranslation/system/AVA_TITLE_CMN.PVM,bg_00,
SATranslation/system/AVA_TITLE_CMN.PVM,bg_01,
SATranslation/system/AVA_TITLE_CMN.PVM,bg_02,
SATranslation/system/AVA_TITLE_CMN.PVM,bg_03,
SATranslation/system/AVA_TITLE_CMN.PVM,bg_04,
SATranslation/system/AVA_TITLE_CMN.PVM,bg_07,
SATranslation/system/AVA_TITLE_CMN.PVM,bg_08,
SATranslation/system/AVA_TITLE_CMN.PVM,bg_12,
SATranslation/system/AVA_TITLE_CMN.PVM,bg_13,
SATranslation/system/AVA_TITLE_CMN.PVM,bg_15,
SATranslation/system/AVA_TITLE_CMN.PVM,bg_16,
SATranslation/system/AVA_TITLE_CMN.PVM,bg_17,
SATranslation/system/AVA_TITLE_CMN.PVM,bg_18,
SATranslation/system/AVA_TITLE_CMN.PVM,bg_19,
SATranslation/system/AVA_TITLE_CMN.PVM,sonic_00,
SATranslation/system/AVA_TITLE_CMN.PVM,sonic_01,
SATranslation/system/AVA_TITLE_CMN.PVM,sonic_02,
SATranslation/system/AVA_TITLE_CMN.PVM,sonic_05,
SATranslation/system/AVA_TITLE_CMN.PVM,sonic_06,
SATranslation/system/AVA_TITLE_CMN.PVM,sonic_08,
SATranslation/system/AVA_TITLE_CMN.PVM,sonic_09,
SATranslation/system/AVA_TITLE_CMN.PVM,sonic_10,
SATranslation/system/AVA_TITLE_CMN.PVM,sonic_11,
SATranslation/system/AVA_TITLE_CMN.PVM,sonic_12,
SATranslation/system/AVA_TITLE_CMN.PVM,sonic_13,
SATranslation/system/AVA_TITLE_CMN.PVM,sonic_14,
SATranslation/system/AVA_TITLE_CMN.PVM,sonic_15,
SATranslation/system/AVA_TITLE_CMN.PVM,title_back_00,
SATranslation/system/AVA_TITLE_CMN.PVM,title_back_01,
SATranslation/system/AVA_TITLE_CMN.PVM,title_back_02,
SATranslation/system/AVA_TITLE_CMN.PVM,title_back_03,
SATranslation/system/AVA_TITLE_CMN.PVM,title_back_04,
SATranslation/system/AVA_TITLE_CMN.PVM,title_back_05,
SATranslation/system/AVA_TITLE_CMN.PVM,title_back_06,
SATranslation/system/AVA_TITLE_CMN.PVM,title_back_07,
SATranslation/system/AVA_TITLE_CMN.PVM,title_back_08,
SATranslation/system/AVA_TITLE_CMN.PVM,title_back_09,
SATranslation/system/AVA_TITLE_CMN.PVM,title_back_10,
SATranslation/system/AVA_TITLE_CMN.PVM,title_back_11,
SATranslation/system/AVA_TITLE_CMN.PVM,title_back_12,
SATranslation/system/AVA_TITLE_CMN.PVM,title_back_13,
SATranslation/system/AVA_TITLE_CMN.PVM,title_back_14,
SATranslation/system/AVA_TITLE_CMN.PVM,title_back_15,
SATranslation/system/AVA_TITLE_CMN.PVM,title_back_16,
SATranslation/system/AVA_TITLE_CMN.PVM,title_back_17,
SATranslation/system/AVA_TITLE_CMN.PVM,title_back_18,
SATranslation/system/AVA_TITLE_CMN.PVM,title_back_19,
SATranslation/system/AVA_TITLE_CMN.PVM,title_back_20,
SATranslation/system/AVA_TITLE_CMN.PVM,title_back_21,
SATranslation/system/AVA_TITLE_CMN.PVM,title_back_22,
SATranslation/system/AVA_TITLE_CMN.PVM,title_back_23,
SATranslation/system/AVA_TITLE_CMN.PVM,title_back_24,
SATranslation/system/AVA_TITLE_CMN.PVM,title_back_25,
SATranslation/system/AVA_TITLE_CMN.PVM,title_back_26,
SATranslation/system/AVA_TITLE_CMN.PVM,title_back_27,
SATranslation/system/AVA_TITLE_CMN.PVM,title_back_28,
SATranslation/system/AVA_TITLE_CMN.PVM,title_back_29,
SATranslation/system/AVA_TITLE_CMN.PVM,title_back_30,
SATranslation/system/AVA_TITLE_CMN.PVM,title_back_31,
SATranslation/system/AVA_TITLE_CMN.PVM,title_back_32,
SATranslation/system/AVA_TITLE_CMN.PVM,title_back_33,
SATranslation/system/AVA_TITLE_CMN.PVM,title_back_34,
SATranslation/system/AVA_TITLE_CMN.PVM,title_back_35,
SATranslation/system/AVA_TITLE_CMN.PVM,title_back_36,
SATranslation/system/AVA_TITLE_CMN.PVM,title_back_37,
SATranslation/system/AVA_TITLE_CMN.PVM,title_back_38,
SATranslation/system/AVA_TITLE_CMN.PVM,title_back_39,
SATranslation/system/AVA_TITLE_CMN_SMALL.PVM,dx_title_back0,
SATranslation/system/AVA_TITLE_CMN_SMALL.PVM,dx_title_back1,
SATranslation/system/AVA_TITLE_CMN_SMALL.PVM,dx_title_back2,
SATranslation/system/AVA_TITLE_CMN_SMALL.PVM,dx_title_back3,
SATranslation/system/AVA_TITLE_CMN_SMALL.PVM,dx_title_back4,
SATranslation/system/AVA_TITLE_CMN_SMALL.PVM,dx_title_back5,
SATranslation/system/AVA_TITLE_CMN_SMALL.PVM,dx_title_nintendo,
SATranslation/system/AVA_TITLE_CMN_SMALL.PVM,dx_title_sonic0,
SATranslation/system/AVA_TITLE_CMN_SMALL.PVM,dx_title_sonic1,
SATranslation/system/AVA_TITLE_CMN_SMALL.PVM,dx_title_sonic2,
SATranslation/system/AVA_TITLE_CMN_SMALL.PVM,dx_title_sonic3,
SATranslation/system/AVA_TITLE_CMN_SMALL.PVM,dx_title_sora_t0,
SATranslation/system/AVA_TITLE_CMN_SMALL.PVM,dx_title_sora_t1,
SATranslation/system/AVA_TITLE_CMN_SMALL.PVM,dx_title_sora_t2,
SATranslation/system/AVA_TITLE_CMN_SMALL.PVM,dx_title_sora_t3,
SATranslation/system/AVA_TITLE_CMN_SMALL.PVM,dx_title_sora_t4,
SATranslation/system/AVA_TITLE_CMN_SMALL.PVM,dx_title_sora_b0,
SATranslation/system/AVA_TITLE_CMN_SMALL.PVM,dx_title_sora_b1,
SATranslation/system/AVA_TITLE_CMN_SMALL.PVM,dx_title_sora_b2,
SATranslation/system/AVA_TITLE_CMN_SMALL.PVM,dx_title_sora_b3,
SATranslation/system/AVA_TITLE_CMN_SMALL.PVM,dx_title_sora_b4,
SATranslation/system/AVA_TITLE_E.PVM,main_tx_action_e,EN
SATranslation/system/AVA_TITLE_E.PVM,main_tx_ad_e,EN
SATranslation/system/AVA_TITLE_E.PVM,main_tx_in_e,EN
SATranslation/system/AVA_TITLE_E.PVM,main_tx_mini_e,EN
SATranslation/system/AVA_TITLE_E.PVM,main_tx_op_e,EN
SATranslation/system/AVA_TITLE_E.PVM,main_tx_try_e,EN
SATranslation/system/AVA_TITLE_E.PVM,main_win_s,ES
SATranslation/system/AVA_TITLE_E.PVM,main_tx_emblem_v,
SATranslation/system/AVA_TITLE_E.PVM,main_tx_puti_e,EN
SATranslation/system/AVA_TITLE_E.PVM,end_game_e,EN
SATranslation/system/AVA_TRIALACTSEL.PVM,ss_1st,
SATranslation/system/AVA_TRIALACTSEL.PVM,ss_2nd,
SATranslation/system/AVA_TRIALACTSEL.PVM,ss_3rd,
SATranslation/system/AVA_TRIALACTSEL.PVM,ss_bar_p,
SATranslation/system/AVA_TRIALACTSEL.PVM,ss_bar_win_1,
SATranslation/system/AVA_TRIALACTSEL.PVM,ss_bar_win_2,
SATranslation/system/AVA_TRIALACTSEL.PVM,ss_bar_win_abc,
SATranslation/system/AVA_TRIALACTSEL.PVM,ss_bar_y,
SATranslation/system/AVA_TRIALACTSEL.PVM,ss_bar_y_s,ES
SATranslation/system/AVA_TRIALACTSEL.PVM,ss_tx,
SATranslation/system/AVA_TRIALACTSEL.PVM,ss_tx_bestclear,
SATranslation/system/AVA_TRIALACTSEL.PVM,ss_tx_bestweight,
SATranslation/system/AVA_TRIALACTSEL.PVM,ss_tx_embrem,
SATranslation/system/AVA_TRIALACTSEL.PVM,ss_tx_hiscore,
SATranslation/system/AVA_TRIALACTSEL.PVM,ss_tx_minigame,
SATranslation/system/AVA_TRIALACTSEL.PVM,ss_tx_ring,
SATranslation/system/AVA_TRIALACTSEL.PVM,ss_tx_score,
SATranslation/system/AVA_TRIALACTSEL.PVM,ss_tx_time,
SATranslation/system/AVA_TRIALACTSEL_E.PVM,SS_1ST,
SATranslation/system/AVA_TRIALACTSEL_E.PVM,SS_2ND,
SATranslation/system/AVA_TRIALACTSEL_E.PVM,SS_3RD,
SATranslation/system/AVA_TRIALACTSEL_E.PVM,SS_BAR_P,
SATranslation/system/AVA_TRIALACTSEL_E.PVM,ss_bar_win_1,
SATranslation/system/AVA_TRIALACTSEL_E.PVM,ss_bar_win_2,
SATranslation/system/AVA_TRIALACTSEL_E.PVM,ss_bar_win_abc,
SATranslation/system/AVA_TRIALACTSEL_E.PVM,SS_BAR_Y,
SATranslation/system/AVA_TRIALACTSEL_E.PVM,ss_bar_y_s,ES
SATranslation/system/AVA_TRIALACTSEL_E.PVM,SS_TX_e,EN
SATranslation/system/AVA_TRIALACTSEL_E.PVM,ss_tx_bestclear,
SATranslation/system/AVA_TRIALACTSEL_E.PVM,ss_tx_bestweight_e,EN
SATranslation/system/AVA_TRIALACTSEL_E.PVM,ss_tx_embrem,
SATranslation/system/AVA_TRIALACTSEL_E.PVM,ss_tx_hiscore,
SATranslation/system/AVA_TRIALACTSEL_E.PVM,ss_tx_minigame_e,EN
SATranslation/system/AVA_TRIALACTSEL_E.PVM,ss_tx_ring,
SATranslation/system/AVA_TRIALACTSEL_E.PVM,ss_tx_score,
SATranslation/system/AVA_TRIALACTSEL_E.PVM,ss_tx_time,
SATranslation/system/AVA_VMSSEL.PVM,ms_b_kado,
SATranslation/system/AVA_VMSSEL.PVM,ms_b_naka,
SATranslation/system/AVA_VMSSEL.PVM,ms_button,
SATranslation/system/AVA_VMSSEL.PVM,ms_num1,
SATranslation/system/AVA_VMSSEL.PVM,ms_num2,
SATranslation/system/AVA_VMSSEL.PVM,ms_port_a,
SATranslation/system/AVA_VMSSEL.PVM,ms_port_b,
SATranslation/system/AVA_VMSSEL.PVM,ms_select,
SATranslation/system/AVA_VMSSEL.PVM,ms_tx,
SATranslation/system/AVA_VMSSEL.PVM,ms_gc_vms,
SATranslation/system/AVA_VMSSEL_E.PVM,ms_b_kado,
SATranslation/system/AVA_VMSSEL_E.PVM,ms_b_naka,
SATranslation/system/AVA_VMSSEL_E.PVM,ms_button,
SATranslation/system/AVA_VMSSEL_E.PVM,MS_NUM1,
SATranslation/system/AVA_VMSSEL_E.PVM,MS_NUM2,
SATranslation/system/AVA_VMSSEL_E.PVM,ms_port_a,
SATranslation/system/AVA_VMSSEL_E.PVM,ms_port_b,
SATranslation/system/AVA_VMSSEL_E.PVM,ms_select,
SATranslation/system/AVA_VMSSEL_E.PVM,MS_TX_e,EN
SATranslation/system/AVA_VMSSEL_E.PVM,ms_gc_vms,
SATranslation/system/B_CHNAM.PVM,b_sonic,
SATranslation/system/B_CHNAM.PVM,b_tails,
SATranslation/system/B_CHNAM.PVM,b_knuckles,
SATranslation/system/B_CHNAM.PVM,b_amy,
SATranslation/system/B_CHNAM.PVM,b_big,
SATranslation/system/B_CHNAM.PVM,b_e102,
SATranslation/system/B_CHNAM.PVM,b_supersonic,
SATranslation/system/B_CHNAM_E.PVM,B_SONIC_e,EN
SATranslation/system/B_CHNAM_E.PVM,B_TAILS_e,EN
SATranslation/system/B_CHNAM_E.PVM,b_knuckles_e,EN
SATranslation/system/B_CHNAM_E.PVM,B_AMY_e,EN
SATranslation/system/B_CHNAM_E.PVM,B_BIG_e,EN
SATranslation/system/B_CHNAM_E.PVM,B_E102_e,EN
SATranslation/system/B_CHNAM_E.PVM,b_supersonic_e,EN
SATranslation/system/B_CHNAM_SHOW.PVM,b_sonic,
SATranslation/system/B_CHNAM_SHOW.PVM,b_tails,
SATranslation/system/B_CHNAM_SHOW.PVM,b_knuckles,
SATranslation/system/B_CHNAM_SHOW.PVM,b_amy,
SATranslation/system/B_CHNAM_SHOW.PVM,b_big,
SATranslation/system/B_CHNAM_SHOW.PVM,b_e102,
SATranslation/system/B_CHNAM_SHOW.PVM,b_supersonic,
SATranslation/system/B_CHNAM_SHOW_E.PVM,b_sonic_e,EN
SATranslation/system/B_CHNAM_SHOW_E.PVM,b_tails_e,EN
SATranslation/system/B_CHNAM_SHOW_E.PVM,b_knuckles_e,EN
SATranslation/system/B_CHNAM_SHOW_E.PVM,b_amy_e,EN
SATranslation/system/B_CHNAM_SHOW_E.PVM,b_big_e,EN
SATranslation/system/B_CHNAM_SHOW_E.PVM,b_e102_e,EN
SATranslation/system/B_CHNAM_SHOW_E.PVM,b_supersonic_e,EN
SATranslation/system/BANB.PVM,banb_asi,
SATranslation/system/BANB.PVM,banb_kao,
SATranslation/system/BANB.PVM,banb_karada,
SATranslation/system/BANB.PVM,banb_mimi,
SATranslation/system/BEACH01.PVM,m128_cos002,
SATranslation/system/BEACH01.PVM,m128_cos003,
SATranslation/system/BEACH01.PVM,m128_cos004,
SATranslation/system/BEACH01.PVM,m128_cos005,
SATranslation/system/BEACH01.PVM,m128_cos006,
SATranslation/system/BEACH01.PVM,m128_cos008,
SATranslation/system/BEACH01.PVM,m128_cos012,
SATranslation/system/BEACH01.PVM,m128_cos014,
SATranslation/system/BEACH01.PVM,m128_cos015,
SATranslation/system/BEACH01.PVM,m128_cos020,
SATranslation/system/BEACH01.PVM,m128_cos026,
SATranslation/system/BEACH01.PVM,m128_cos032,
SATranslation/system/BEACH01.PVM,m128_cos035,
SATranslation/system/BEACH01.PVM,_m128_sand001,
SATranslation/system/BEACH01.PVM,m256_cos003,
SATranslation/system/BEACH01.PVM,m256_ext02,
SATranslation/system/BEACH01.PVM,m256_ext03,
SATranslation/system/BEACH01.PVM,m32_cos003,
SATranslation/system/BEACH01.PVM,m64_cos001,
SATranslation/system/BEACH01.PVM,m64_cos002,
SATranslation/system/BEACH01.PVM,m64_cos003,
SATranslation/system/BEACH01.PVM,m64_cos004,
SATranslation/system/BEACH01.PVM,m64_cos005,
SATranslation/system/BEACH01.PVM,m64_cos006,
SATranslation/system/BEACH01.PVM,m64_cos007,
SATranslation/system/BEACH01.PVM,m64_cos009,
SATranslation/system/BEACH01.PVM,m64_cos010,
SATranslation/system/BEACH01.PVM,m64_cos011,
SATranslation/system/BEACH01.PVM,m64_cos012,
SATranslation/system/BEACH01.PVM,m64_cos013,
SATranslation/system/BEACH01.PVM,m64_cos014,
SATranslation/system/BEACH01.PVM,m64_cos015,
SATranslation/system/BEACH01.PVM,m64_cos017,
SATranslation/system/BEACH01.PVM,m64_cos018,
SATranslation/system/BEACH01.PVM,m64_cos022,
SATranslation/system/BEACH01.PVM,m64_cos023,
SATranslation/system/BEACH01.PVM,m8_shadows,
SATranslation/system/BEACH01.PVM,sea1_1,
SATranslation/system/BEACH01.PVM,sea1_10,
SATranslation/system/BEACH01.PVM,sea1_11,
SATranslation/system/BEACH01.PVM,sea1_12,
SATranslation/system/BEACH01.PVM,sea1_14,
SATranslation/system/BEACH01.PVM,sea1_15,
SATranslation/system/BEACH01.PVM,sea1_16,
SATranslation/system/BEACH01.PVM,sea1_17,
SATranslation/system/BEACH01.PVM,sea1_18,
SATranslation/system/BEACH01.PVM,sea1_19,
SATranslation/system/BEACH01.PVM,sea1_2,
SATranslation/system/BEACH01.PVM,sea1_20,
SATranslation/system/BEACH01.PVM,sea1_21,
SATranslation/system/BEACH01.PVM,sea1_22,
SATranslation/system/BEACH01.PVM,sea1_23,
SATranslation/system/BEACH01.PVM,sea1_24,
SATranslation/system/BEACH01.PVM,sea1_25,
SATranslation/system/BEACH01.PVM,sea1_26,
SATranslation/system/BEACH01.PVM,sea1_27,
SATranslation/system/BEACH01.PVM,sea1_28,
SATranslation/system/BEACH01.PVM,sea1_29,
SATranslation/system/BEACH01.PVM,sea1_3,
SATranslation/system/BEACH01.PVM,sea1_30,
SATranslation/system/BEACH01.PVM,sea1_32,
SATranslation/system/BEACH01.PVM,sea1_33,
SATranslation/system/BEACH01.PVM,sea1_34,
SATranslation/system/BEACH01.PVM,sea1_35,
SATranslation/system/BEACH01.PVM,sea1_36,
SATranslation/system/BEACH01.PVM,sea1_5,
SATranslation/system/BEACH01.PVM,sea1_6,
SATranslation/system/BEACH01.PVM,sea1_7,
SATranslation/system/BEACH01.PVM,sea1_9,
SATranslation/system/BEACH01.PVM,sea1_mado1,
SATranslation/system/BEACH01.PVM,sea1_mado2,
SATranslation/system/BEACH01.PVM,sea2_18,
SATranslation/system/BEACH01.PVM,sea_4,
SATranslation/system/BEACH01.PVM,wave00,
SATranslation/system/BEACH01.PVM,wave01,
SATranslation/system/BEACH01.PVM,wave02,
SATranslation/system/BEACH01.PVM,wave03,
SATranslation/system/BEACH01.PVM,wave04,
SATranslation/system/BEACH01.PVM,wave05,
SATranslation/system/BEACH01.PVM,wave06,
SATranslation/system/BEACH01.PVM,wave07,
SATranslation/system/BEACH01.PVM,wave08,
SATranslation/system/BEACH01.PVM,wave09,
SATranslation/system/BEACH01.PVM,wave10,
SATranslation/system/BEACH01.PVM,wave11,
SATranslation/system/BEACH01.PVM,wave12,
SATranslation/system/BEACH01.PVM,wave13,
SATranslation/system/BEACH01.PVM,wave14,
SATranslation/system/BEACH01.PVM,m128_sand001,
SATranslation/system/BEACH01.PVM,m128_sand002,
SATranslation/system/BEACH01.PVM,m128_sand003,
SATranslation/system/BEACH01.PVM,m128_sand004,
SATranslation/system/BEACH01.PVM,m128_sand005,
SATranslation/system/BEACH01.PVM,m128_sand006,
SATranslation/system/BEACH01.PVM,m128_sand007,
SATranslation/system/BEACH01.PVM,m128_sand008,
SATranslation/system/BEACH01.PVM,m128_sand009,
SATranslation/system/BEACH01.PVM,m128_sand010,
SATranslation/system/BEACH01.PVM,m128_sand011,
SATranslation/system/BEACH01.PVM,m128_sand012,
SATranslation/system/BEACH01.PVM,m128_sand013,
SATranslation/system/BEACH01.PVM,m128_sand014,
SATranslation/system/BEACH01.PVM,m128_sand015,
SATranslation/system/BEACH02.PVM,_los_wt00,
SATranslation/system/BEACH02.PVM,m128_cos003,
SATranslation/system/BEACH02.PVM,m128_cos004,
SATranslation/system/BEACH02.PVM,m128_cos005,
SATranslation/system/BEACH02.PVM,m128_cos008,
SATranslation/system/BEACH02.PVM,m128_cos012,
SATranslation/system/BEACH02.PVM,m128_cos014,
SATranslation/system/BEACH02.PVM,m128_cos015,
SATranslation/system/BEACH02.PVM,m128_cos020,
SATranslation/system/BEACH02.PVM,m128_cos030,
SATranslation/system/BEACH02.PVM,m128_cos032,
SATranslation/system/BEACH02.PVM,m128_cos034,
SATranslation/system/BEACH02.PVM,m128_cos035,
SATranslation/system/BEACH02.PVM,_m128_sand001,
SATranslation/system/BEACH02.PVM,m256_cos004,
SATranslation/system/BEACH02.PVM,m256_ext02,
SATranslation/system/BEACH02.PVM,m64_cos005,
SATranslation/system/BEACH02.PVM,m64_cos009,
SATranslation/system/BEACH02.PVM,m64_cos013,
SATranslation/system/BEACH02.PVM,m64_cos015,
SATranslation/system/BEACH02.PVM,m64_sea2_1,
SATranslation/system/BEACH02.PVM,m64_sea2_10,
SATranslation/system/BEACH02.PVM,m64_sea2_2,
SATranslation/system/BEACH02.PVM,m64_sea2_3,
SATranslation/system/BEACH02.PVM,m64_sea2_7,
SATranslation/system/BEACH02.PVM,m64_sea2_9,
SATranslation/system/BEACH02.PVM,m8_shadows,
SATranslation/system/BEACH02.PVM,sea1_27,
SATranslation/system/BEACH02.PVM,sea1_3,
SATranslation/system/BEACH02.PVM,sea1_35,
SATranslation/system/BEACH02.PVM,sea2_10,
SATranslation/system/BEACH02.PVM,sea2_12,
SATranslation/system/BEACH02.PVM,sea2_13,
SATranslation/system/BEACH02.PVM,sea2_14,
SATranslation/system/BEACH02.PVM,sea2_15,
SATranslation/system/BEACH02.PVM,sea2_16,
SATranslation/system/BEACH02.PVM,sea2_17,
SATranslation/system/BEACH02.PVM,sea2_18,
SATranslation/system/BEACH02.PVM,sea2_2,
SATranslation/system/BEACH02.PVM,sea2_21,
SATranslation/system/BEACH02.PVM,sea2_22,
SATranslation/system/BEACH02.PVM,sea2_4,
SATranslation/system/BEACH02.PVM,sea2_5,
SATranslation/system/BEACH02.PVM,sea2_6,
SATranslation/system/BEACH02.PVM,sea2_7,
SATranslation/system/BEACH02.PVM,sea2_8,
SATranslation/system/BEACH02.PVM,sea2_9,
SATranslation/system/BEACH02.PVM,wave00,
SATranslation/system/BEACH02.PVM,wave01,
SATranslation/system/BEACH02.PVM,wave02,
SATranslation/system/BEACH02.PVM,wave03,
SATranslation/system/BEACH02.PVM,wave04,
SATranslation/system/BEACH02.PVM,wave05,
SATranslation/system/BEACH02.PVM,wave06,
SATranslation/system/BEACH02.PVM,wave07,
SATranslation/system/BEACH02.PVM,wave08,
SATranslation/system/BEACH02.PVM,wave09,
SATranslation/system/BEACH02.PVM,wave10,
SATranslation/system/BEACH02.PVM,wave11,
SATranslation/system/BEACH02.PVM,wave12,
SATranslation/system/BEACH02.PVM,wave13,
SATranslation/system/BEACH02.PVM,wave14,
SATranslation/system/BEACH02.PVM,m128_sand001,
SATranslation/system/BEACH02.PVM,m128_sand002,
SATranslation/system/BEACH02.PVM,m128_sand003,
SATranslation/system/BEACH02.PVM,m128_sand004,
SATranslation/system/BEACH02.PVM,m128_sand005,
SATranslation/system/BEACH02.PVM,m128_sand006,
SATranslation/system/BEACH02.PVM,m128_sand007,
SATranslation/system/BEACH02.PVM,m128_sand008,
SATranslation/system/BEACH02.PVM,m128_sand009,
SATranslation/system/BEACH02.PVM,m128_sand010,
SATranslation/system/BEACH02.PVM,m128_sand011,
SATranslation/system/BEACH02.PVM,m128_sand012,
SATranslation/system/BEACH02.PVM,m128_sand013,
SATranslation/system/BEACH02.PVM,m128_sand014,
SATranslation/system/BEACH02.PVM,m128_sand015,
SATranslation/system/BEACH02.PVM,los_wt00,
SATranslation/system/BEACH02.PVM,los_wt01,
SATranslation/system/BEACH02.PVM,los_wt02,
SATranslation/system/BEACH02.PVM,los_wt03,
SATranslation/system/BEACH02.PVM,los_wt04,
SATranslation/system/BEACH02.PVM,los_wt05,
SATranslation/system/BEACH02.PVM,los_wt06,
SATranslation/system/BEACH02.PVM,los_wt07,
SATranslation/system/BEACH02.PVM,los_wt08,
SATranslation/system/BEACH02.PVM,los_wt09,
SATranslation/system/BEACH02.PVM,los_wt10,
SATranslation/system/BEACH02.PVM,los_wt11,
SATranslation/system/BEACH02.PVM,los_wt12,
SATranslation/system/BEACH02.PVM,los_wt13,
SATranslation/system/BEACH03.PVM,m128_cos002,
SATranslation/system/BEACH03.PVM,m128_cos003,
SATranslation/system/BEACH03.PVM,m128_cos005,
SATranslation/system/BEACH03.PVM,m128_cos006,
SATranslation/system/BEACH03.PVM,m128_cos008,
SATranslation/system/BEACH03.PVM,m128_cos012,
SATranslation/system/BEACH03.PVM,m128_cos014,
SATranslation/system/BEACH03.PVM,m128_cos015,
SATranslation/system/BEACH03.PVM,m128_cos019,
SATranslation/system/BEACH03.PVM,m128_cos020,
SATranslation/system/BEACH03.PVM,m128_cos031,
SATranslation/system/BEACH03.PVM,m128_cos032,
SATranslation/system/BEACH03.PVM,m128_cos036,
SATranslation/system/BEACH03.PVM,m128_light,
SATranslation/system/BEACH03.PVM,m128_sand001,
SATranslation/system/BEACH03.PVM,m128_wave001,
SATranslation/system/BEACH03.PVM,m256_cos003,
SATranslation/system/BEACH03.PVM,m256_ext02,
SATranslation/system/BEACH03.PVM,m64_cos001,
SATranslation/system/BEACH03.PVM,m64_cos003,
SATranslation/system/BEACH03.PVM,m64_cos004,
SATranslation/system/BEACH03.PVM,m64_cos005,
SATranslation/system/BEACH03.PVM,m64_cos010,
SATranslation/system/BEACH03.PVM,m64_cos011,
SATranslation/system/BEACH03.PVM,m64_cos012,
SATranslation/system/BEACH03.PVM,m64_cos013,
SATranslation/system/BEACH03.PVM,m64_cos015,
SATranslation/system/BEACH03.PVM,m64_cos017,
SATranslation/system/BEACH03.PVM,m64_cos018,
SATranslation/system/BEACH03.PVM,m64_cos022,
SATranslation/system/BEACH03.PVM,m64_cos023,
SATranslation/system/BEACH03.PVM,m8_shadows,
SATranslation/system/BEACH03.PVM,s_w6,
SATranslation/system/BEACH03.PVM,sea1_12,
SATranslation/system/BEACH03.PVM,sea1_16,
SATranslation/system/BEACH03.PVM,sea1_19,
SATranslation/system/BEACH03.PVM,sea1_2,
SATranslation/system/BEACH03.PVM,sea1_20,
SATranslation/system/BEACH03.PVM,sea1_25,
SATranslation/system/BEACH03.PVM,sea1_26,
SATranslation/system/BEACH03.PVM,sea1_28,
SATranslation/system/BEACH03.PVM,sea1_29,
SATranslation/system/BEACH03.PVM,sea1_3,
SATranslation/system/BEACH03.PVM,sea1_30,
SATranslation/system/BEACH03.PVM,sea1_33,
SATranslation/system/BEACH03.PVM,sea1_7,
SATranslation/system/BEACH03.PVM,sea1_mado1,
SATranslation/system/BEACH03.PVM,sea2_3,
SATranslation/system/BEACH03.PVM,sea3_10,
SATranslation/system/BEACH03.PVM,sea3_11,
SATranslation/system/BEACH03.PVM,sea3_3,
SATranslation/system/BEACH03.PVM,sea3_4,
SATranslation/system/BEACH03.PVM,sea3_5,
SATranslation/system/BEACH03.PVM,sea3_6,
SATranslation/system/BEACH03.PVM,sea3_7,
SATranslation/system/BEACH03.PVM,sea3_8,
SATranslation/system/BEACH03.PVM,sea3_9,
SATranslation/system/BEACH03.PVM,sea_4,
SATranslation/system/BEACH03.PVM,los_wt00,
SATranslation/system/BEACH03.PVM,m128_wave001,
SATranslation/system/BEACH03.PVM,m128_wave002,
SATranslation/system/BEACH03.PVM,m128_wave003,
SATranslation/system/BEACH03.PVM,m128_wave004,
SATranslation/system/BEACH03.PVM,m128_wave005,
SATranslation/system/BEACH03.PVM,m128_wave006,
SATranslation/system/BEACH03.PVM,m128_wave007,
SATranslation/system/BEACH03.PVM,m128_wave008,
SATranslation/system/BEACH03.PVM,m128_wave009,
SATranslation/system/BEACH03.PVM,m128_wave010,
SATranslation/system/BEACH03.PVM,m128_wave011,
SATranslation/system/BEACH03.PVM,m128_wave012,
SATranslation/system/BEACH03.PVM,m128_wave013,
SATranslation/system/BEACH03.PVM,m128_wave014,
SATranslation/system/BEACH03.PVM,m128_wave015,
SATranslation/system/BEACH03.PVM,m128_sand001,
SATranslation/system/BEACH03.PVM,m128_sand002,
SATranslation/system/BEACH03.PVM,m128_sand003,
SATranslation/system/BEACH03.PVM,m128_sand004,
SATranslation/system/BEACH03.PVM,m128_sand005,
SATranslation/system/BEACH03.PVM,m128_sand006,
SATranslation/system/BEACH03.PVM,m128_sand007,
SATranslation/system/BEACH03.PVM,m128_sand008,
SATranslation/system/BEACH03.PVM,m128_sand009,
SATranslation/system/BEACH03.PVM,m128_sand010,
SATranslation/system/BEACH03.PVM,m128_sand011,
SATranslation/system/BEACH03.PVM,m128_sand012,
SATranslation/system/BEACH03.PVM,m128_sand013,
SATranslation/system/BEACH03.PVM,m128_sand014,
SATranslation/system/BEACH03.PVM,m128_sand015,
SATranslation/system/BEACH_SEA.PVM,salt_tev00_00,
SATranslation/system/BEACH_SEA.PVM,salt_tev00_01,
SATranslation/system/BEACH_SEA.PVM,salt_tev00_02,
SATranslation/system/BEACH_SEA.PVM,salt_tev00_03,
SATranslation/system/BEACH_SEA.PVM,salt_tev00_04,
SATranslation/system/BEACH_SEA.PVM,salt_tev00_05,
SATranslation/system/BEACH_SEA.PVM,salt_tev00_06,
SATranslation/system/BEACH_SEA.PVM,salt_tev00_07,
SATranslation/system/BEACH_SEA.PVM,salt_tev00_08,
SATranslation/system/BEACH_SEA.PVM,salt_tev00_09,
SATranslation/system/BEACH_SEA.PVM,salt_tev00_10,
SATranslation/system/BEACH_SEA.PVM,salt_tev00_11,
SATranslation/system/BEACH_SEA.PVM,salt_tev00_12,
SATranslation/system/BEACH_SEA.PVM,salt_tev00_13,
SATranslation/system/BEACH_SEA.PVM,salt_tev00_14,
SATranslation/system/BEACH_SEA.PVM,salt_tev01_00,
SATranslation/system/BEACH_SEA.PVM,salt_tev01_01,
SATranslation/system/BG_AL_RACE02.PVM,cr_scr2,
SATranslation/system/BG_BEACH.PVM,sea1_36,
SATranslation/system/BG_BEACH.PVM,sonic_sky1,
SATranslation/system/BG_BEACH.PVM,sea1_37,
SATranslation/system/BG_EC00.PVM,ecsc_s_bkca,
SATranslation/system/BG_EC00.PVM,ecsc_s_bkcb,
SATranslation/system/BG_EC00.PVM,ecsc_s_bkcd,
SATranslation/system/BG_EC00.PVM,ecsc_s_bkcc,
SATranslation/system/BG_EC00.PVM,ecsc_s_cla,
SATranslation/system/BG_EC00.PVM,ecsc_s_clb,
SATranslation/system/BG_EC00.PVM,ecsc_s_clc,
SATranslation/system/BG_HIGHWAY.PVM,st1_nbg2,
SATranslation/system/BG_HIGHWAY.PVM,st1_nbg,
SATranslation/system/BG_HIGHWAY01.PVM,st1_nbg3,
SATranslation/system/BG_HIGHWAY01.PVM,st1_nbg5,
SATranslation/system/BG_HIGHWAY01.PVM,st1_nbg6,
SATranslation/system/BG_HIGHWAY01.PVM,st1_nbg7,
SATranslation/system/BG_HIGHWAY01.PVM,st1_nbg8,
SATranslation/system/BG_HIGHWAY02.PVM,st2_15,
SATranslation/system/BG_HIGHWAY02.PVM,st2_16,
SATranslation/system/BG_HIGHWAY02.PVM,st2_17,
SATranslation/system/BG_HIGHWAY02.PVM,st2_18,
SATranslation/system/BG_HIGHWAY02.PVM,st2_19,
SATranslation/system/BG_HIGHWAY02.PVM,st1_nbg3,
SATranslation/system/BG_HIGHWAY02.PVM,st1_nbg5,
SATranslation/system/BG_HIGHWAY02.PVM,st1_nbg6,
SATranslation/system/BG_HIGHWAY02.PVM,st1_nbg7,
SATranslation/system/BG_HIGHWAY02.PVM,st1_nbg8,
SATranslation/system/BG_HIGHWAY03.PVM,st3_nbg,
SATranslation/system/BG_HIGHWAY03.PVM,st3_nbg2,
SATranslation/system/BG_ICECAP.PVM,kmodas01,
SATranslation/system/BG_ICECAP.PVM,z_yukis22,
SATranslation/system/BG_ICECAP.PVM,sno_h_kumo01,
SATranslation/system/BG_ICECAP.PVM,snow_h_ao01,
SATranslation/system/BG_RUIN.PVM,lost2_nbg2,
SATranslation/system/BG_RUIN.PVM,lost2_nbg4,
SATranslation/system/BG_RUIN.PVM,lost2_nbg3,
SATranslation/system/BG_RUIN.PVM,lost2_nbg,
SATranslation/system/BG_SANDBOARD.PVM,sb_tenkyua,
SATranslation/system/BG_SANDBOARD.PVM,sb_tenkyub,
SATranslation/system/BG_SHAREOBJ.PVM,tp_nbg1,
SATranslation/system/BG_SHAREOBJ.PVM,tp_nbg3,
SATranslation/system/BIG.PVM,alltx_dwhite,
SATranslation/system/BIG.PVM,stx_hanasaki,
SATranslation/system/BIG.PVM,mtx_kuchinaka1,
SATranslation/system/BIG.PVM,btx_gara,
SATranslation/system/BIG.PVM,b_beruto3,
SATranslation/system/BIG.PVM,b_beruto5,
SATranslation/system/BIG.PVM,b_eye0,
SATranslation/system/BIG.PVM,b_hand0,
SATranslation/system/BIG.PVM,b_hand1,
SATranslation/system/BIG.PVM,b_hand2,
SATranslation/system/BIG.PVM,b_hand3,
SATranslation/system/BIG.PVM,b_ring3,
SATranslation/system/BIG.PVM,b_sao00,
SATranslation/system/BIG.PVM,b_sao01,
SATranslation/system/BIG.PVM,b_sao02,
SATranslation/system/BIG.PVM,b_sao03,
SATranslation/system/BIG.PVM,b_sao04,
SATranslation/system/BIG.PVM,b_sao05,
SATranslation/system/BIG.PVM,btx_atama,
SATranslation/system/BIG.PVM,btx_eye1,
SATranslation/system/BIG.PVM,b_beruto,
SATranslation/system/BIG.PVM,btx_hada0,
SATranslation/system/BIG.PVM,btx_hara1,
SATranslation/system/BIG.PVM,btx_itemb0,
SATranslation/system/BIG.PVM,btx_itemb1,
SATranslation/system/BIG.PVM,btx_itemsao0,
SATranslation/system/BIG.PVM,btx_itemsao1,
SATranslation/system/BIG.PVM,btx_kuchi,
SATranslation/system/BIG.PVM,btx_kutu0,
SATranslation/system/BIG.PVM,btx_mimi,
SATranslation/system/BIG.PVM,btx_panda,
SATranslation/system/BIG.PVM,btx_senaka,
SATranslation/system/BIG.PVM,btx_sims,
SATranslation/system/BIG.PVM,btx_soko,
SATranslation/system/BIG.PVM,btx_white1,
SATranslation/system/BIG.PVM,btx_white0,
SATranslation/system/BIG.PVM,b_beruto1,
SATranslation/system/BIG.PVM,b_purple0,
SATranslation/system/BIG_KAERU.PVM,kaeru08,
SATranslation/system/BIG_KAERU.PVM,kaeru01,
SATranslation/system/BIG_KAERU.PVM,kaeru05,
SATranslation/system/BIG_KAERU.PVM,kaeru06,
SATranslation/system/BIG_KAERU.PVM,kaeru03,
SATranslation/system/BIG_KAERU.PVM,kaeru04,
SATranslation/system/BIG_KAERU.PVM,kaeru09,
SATranslation/system/BIG_KAERU.PVM,kaeru07,
SATranslation/system/BO1_MODEL.PVM,615000,
SATranslation/system/BO1_MODEL.PVM,615003,
SATranslation/system/BO1_MODEL.PVM,615004,
SATranslation/system/BO1_MODEL.PVM,615006,
SATranslation/system/BO1_MODEL.PVM,615007,
SATranslation/system/BO1_MODEL.PVM,615009,
SATranslation/system/BOARD_SCORE.PVM,st_064s_score,
SATranslation/system/BULLET.PVM,tama7,
SATranslation/system/BULLET.PVM,tama6,
SATranslation/system/BULLET.PVM,tama8,
SATranslation/system/BULLET.PVM,tama9,
SATranslation/system/C_SELECT1.PVM,tgs_chrsel_s0,
SATranslation/system/C_SELECT1.PVM,tgs_chrsel_s1,
SATranslation/system/C_SELECT1.PVM,tgs_chrsel_s2,
SATranslation/system/C_SELECT1.PVM,tgs_chrsel_s3,
SATranslation/system/C_SELECT1.PVM,tgs_chrsel_t0,
SATranslation/system/C_SELECT1.PVM,tgs_chrsel_t1,
SATranslation/system/C_SELECT1.PVM,tgs_chrsel_t2,
SATranslation/system/C_SELECT1.PVM,tgs_chrsel_t3,
SATranslation/system/C_SELECT1.PVM,tgs_chrsel_k0,
SATranslation/system/C_SELECT1.PVM,tgs_chrsel_k1,
SATranslation/system/C_SELECT1.PVM,tgs_chrsel_k2,
SATranslation/system/C_SELECT1.PVM,tgs_chrsel_k3,
SATranslation/system/C_SELECT2.PVM,tgs_chrsel_e0,
SATranslation/system/C_SELECT2.PVM,tgs_chrsel_e1,
SATranslation/system/C_SELECT2.PVM,tgs_chrsel_e2,
SATranslation/system/C_SELECT2.PVM,tgs_chrsel_e3,
SATranslation/system/C_SELECT2.PVM,tgs_chrsel_a0,
SATranslation/system/C_SELECT2.PVM,tgs_chrsel_a1,
SATranslation/system/C_SELECT2.PVM,tgs_chrsel_a2,
SATranslation/system/C_SELECT2.PVM,tgs_chrsel_a3,
SATranslation/system/C_SELECT2.PVM,tgs_chrsel_b0,
SATranslation/system/C_SELECT2.PVM,tgs_chrsel_b1,
SATranslation/system/C_SELECT2.PVM,tgs_chrsel_b2,
SATranslation/system/C_SELECT2.PVM,tgs_chrsel_b3,
SATranslation/system/CAPTUREBEAM.PVM,capturebeam,
SATranslation/system/CASINO01.PVM,aaa_cas_wt00,
SATranslation/system/CASINO01.PVM,aaa_cas_wt01,
SATranslation/system/CASINO01.PVM,aaa_cas_wt02,
SATranslation/system/CASINO01.PVM,aaa_cas_wt03,
SATranslation/system/CASINO01.PVM,aaa_cas_wt04,
SATranslation/system/CASINO01.PVM,aaa_cas_wt05,
SATranslation/system/CASINO01.PVM,aaa_cas_wt06,
SATranslation/system/CASINO01.PVM,aaa_cas_wt07,
SATranslation/system/CASINO01.PVM,aaa_cas_wt08,
SATranslation/system/CASINO01.PVM,aaa_cas_wt09,
SATranslation/system/CASINO01.PVM,aaa_cas_wt10,
SATranslation/system/CASINO01.PVM,aaa_cas_wt11,
SATranslation/system/CASINO01.PVM,aaa_cas_wt12,
SATranslation/system/CASINO01.PVM,aaa_cas_wt13,
SATranslation/system/CASINO01.PVM,cas_cow_k01,
SATranslation/system/CASINO01.PVM,cas_cow_k03,
SATranslation/system/CASINO01.PVM,cas_dairi01,
SATranslation/system/CASINO01.PVM,cas_dairi02,
SATranslation/system/CASINO01.PVM,cas_dairi03,
SATranslation/system/CASINO01.PVM,cas_dairi04,
SATranslation/system/CASINO01.PVM,cas_dairi_05,
SATranslation/system/CASINO01.PVM,cas_e_02,
SATranslation/system/CASINO01.PVM,cas_e_03,
SATranslation/system/CASINO01.PVM,cas_f_flower,
SATranslation/system/CASINO01.PVM,cas_f_side01,
SATranslation/system/CASINO01.PVM,cas_f_side02,
SATranslation/system/CASINO01.PVM,cas_fune_ami,
SATranslation/system/CASINO01.PVM,cas_fune_fuck,
SATranslation/system/CASINO01.PVM,cas_fune_ho,
SATranslation/system/CASINO01.PVM,cas_fune_soko,
SATranslation/system/CASINO01.PVM,cas_futi01,
SATranslation/system/CASINO01.PVM,cas_futi_g,DE
SATranslation/system/CASINO01.PVM,cas_garasu,
SATranslation/system/CASINO01.PVM,cas_h_dai,
SATranslation/system/CASINO01.PVM,cas_h_envtes01,
SATranslation/system/CASINO01.PVM,cas_h_envtes05_oda,
SATranslation/system/CASINO01.PVM,cas_hako02,
SATranslation/system/CASINO01.PVM,cas_hasira01,
SATranslation/system/CASINO01.PVM,cas_hasira02,
SATranslation/system/CASINO01.PVM,cas_hasira03,
SATranslation/system/CASINO01.PVM,cas_hasira04,
SATranslation/system/CASINO01.PVM,cas_hasira05,
SATranslation/system/CASINO01.PVM,cas_isu01,
SATranslation/system/CASINO01.PVM,cas_isu02,
SATranslation/system/CASINO01.PVM,cas_iwa02,
SATranslation/system/CASINO01.PVM,cas_iwa03,
SATranslation/system/CASINO01.PVM,cas_iwa04,
SATranslation/system/CASINO01.PVM,cas_iwa64,
SATranslation/system/CASINO01.PVM,cas_jyuutan,
SATranslation/system/CASINO01.PVM,cas_keiji01,
SATranslation/system/CASINO01.PVM,cas_keiji02,
SATranslation/system/CASINO01.PVM,cas_kusa01,
SATranslation/system/CASINO01.PVM,cas_l_saku01,
SATranslation/system/CASINO01.PVM,cas_l_saku02,
SATranslation/system/CASINO01.PVM,cas_l_saku03,
SATranslation/system/CASINO01.PVM,cas_light01,
SATranslation/system/CASINO01.PVM,cas_light_red,
SATranslation/system/CASINO01.PVM,cas_m_kabe02,
SATranslation/system/CASINO01.PVM,cas_m_kabe03,
SATranslation/system/CASINO01.PVM,cas_map,
SATranslation/system/CASINO01.PVM,cas_maruta01,
SATranslation/system/CASINO01.PVM,cas_moyou01,
SATranslation/system/CASINO01.PVM,cas_moyou02,
SATranslation/system/CASINO01.PVM,cas_moyou03,
SATranslation/system/CASINO01.PVM,cas_moyou04,
SATranslation/system/CASINO01.PVM,cas_nawa,
SATranslation/system/CASINO01.PVM,cas_neon_r,
SATranslation/system/CASINO01.PVM,cas_roulette01,
SATranslation/system/CASINO01.PVM,cas_roulette02,
SATranslation/system/CASINO01.PVM,cas_saku01,
SATranslation/system/CASINO01.PVM,cas_slot_a,
SATranslation/system/CASINO01.PVM,cas_slot_b,
SATranslation/system/CASINO01.PVM,cas_slot_c,
SATranslation/system/CASINO01.PVM,cas_slot_d,
SATranslation/system/CASINO01.PVM,cas_slot_e,EN
SATranslation/system/CASINO01.PVM,cas_taiho_ana,
SATranslation/system/CASINO01.PVM,cas_tesuri_g,DE
SATranslation/system/CASINO01.PVM,cas_tetu_sen,
SATranslation/system/CASINO01.PVM,cas_wwood,
SATranslation/system/CASINO01.PVM,cas_yuka01,
SATranslation/system/CASINO01.PVM,cas_yuka_b,
SATranslation/system/CASINO01.PVM,cas_yuka_g,DE
SATranslation/system/CASINO01.PVM,csn_t_128kb1,
SATranslation/system/CASINO01.PVM,csn_t_128kb2,
SATranslation/system/CASINO01.PVM,csn_t_128ten1,
SATranslation/system/CASINO01.PVM,csn_t_128yk,
SATranslation/system/CASINO01.PVM,csn_t_32aka,
SATranslation/system/CASINO01.PVM,csn_t_32ck,
SATranslation/system/CASINO01.PVM,csn_t_32ft1,
SATranslation/system/CASINO01.PVM,csn_t_32ft2,
SATranslation/system/CASINO01.PVM,csn_t_32ft3,
SATranslation/system/CASINO01.PVM,csn_t_32ft5,
SATranslation/system/CASINO01.PVM,csn_t_32ft6,
SATranslation/system/CASINO01.PVM,csn_t_32fti4,
SATranslation/system/CASINO01.PVM,csn_t_32ha3,
SATranslation/system/CASINO01.PVM,csn_t_32kb1,
SATranslation/system/CASINO01.PVM,csn_t_32kk,
SATranslation/system/CASINO01.PVM,csn_t_32ksy,
SATranslation/system/CASINO01.PVM,csn_t_32tile1,
SATranslation/system/CASINO01.PVM,csn_t_32wd,
SATranslation/system/CASINO01.PVM,csn_t_32yk,
SATranslation/system/CASINO01.PVM,csn_t_64_kb1,
SATranslation/system/CASINO01.PVM,csn_t_64buk,
SATranslation/system/CASINO01.PVM,csn_t_64buk2,
SATranslation/system/CASINO01.PVM,csn_t_64ds,
SATranslation/system/CASINO01.PVM,csn_t_64ft1,
SATranslation/system/CASINO01.PVM,csn_t_64ft2,
SATranslation/system/CASINO01.PVM,csn_t_64ha2,
SATranslation/system/CASINO01.PVM,csn_t_64ha3,
SATranslation/system/CASINO01.PVM,csn_t_64hr,
SATranslation/system/CASINO01.PVM,csn_t_64kb1,
SATranslation/system/CASINO01.PVM,csn_t_64mt,
SATranslation/system/CASINO01.PVM,csn_t_64ten1,
SATranslation/system/CASINO01.PVM,csn_t_64ten2,
SATranslation/system/CASINO01.PVM,csn_t_64tetu,
SATranslation/system/CASINO01.PVM,csn_t_64tetu_oda,
SATranslation/system/CASINO01.PVM,csn_t_64tile1,
SATranslation/system/CASINO01.PVM,csn_t_64yk2,
SATranslation/system/CASINO01.PVM,csn_t_64yk4,
SATranslation/system/CASINO01.PVM,csn_t_8bo2,
SATranslation/system/CASINO01.PVM,oda_tex01,
SATranslation/system/CASINO01.PVM,oda_tex02,
SATranslation/system/CASINO01.PVM,oda_tex03,
SATranslation/system/CASINO01.PVM,oda_tex05,
SATranslation/system/CASINO01.PVM,oda_tex06,
SATranslation/system/CASINO01.PVM,oda_tex07,
SATranslation/system/CASINO01.PVM,oda_tex08,
SATranslation/system/CASINO01.PVM,oda_tex09,
SATranslation/system/CASINO01.PVM,oda_tex10,
SATranslation/system/CASINO01.PVM,oda_tex12,
SATranslation/system/CASINO01.PVM,oda_tex13,
SATranslation/system/CASINO01.PVM,oda_tex15,
SATranslation/system/CASINO01.PVM,sen_h_gin01,
SATranslation/system/CASINO01.PVM,csn_t_32tetu,
SATranslation/system/CASINO02.PVM,ken128_gb_gm03,
SATranslation/system/CASINO02.PVM,ken128_gb_gm05,
SATranslation/system/CASINO02.PVM,ken128_gb_wl03,
SATranslation/system/CASINO02.PVM,ken128_gb_wl04,
SATranslation/system/CASINO02.PVM,ken128_gb_wl08,
SATranslation/system/CASINO02.PVM,ken128_r_fl01,
SATranslation/system/CASINO02.PVM,ken128_wl01,
SATranslation/system/CASINO02.PVM,ken32_gb_cs01,
SATranslation/system/CASINO02.PVM,ken32_gb_st06,
SATranslation/system/CASINO02.PVM,ken32_kage01,
SATranslation/system/CASINO02.PVM,ken32_lght01,
SATranslation/system/CASINO02.PVM,ken32_rt_gt01,
SATranslation/system/CASINO02.PVM,ken32_rt_gt02,
SATranslation/system/CASINO02.PVM,ken64_ami01,
SATranslation/system/CASINO02.PVM,ken64_ami02,
SATranslation/system/CASINO02.PVM,ken64_batu01,
SATranslation/system/CASINO02.PVM,ken64_batu02,
SATranslation/system/CASINO02.PVM,ken64_f_fl03,
SATranslation/system/CASINO02.PVM,ken64_f_fl05,
SATranslation/system/CASINO02.PVM,ken64_f_wl06,
SATranslation/system/CASINO02.PVM,ken64_fn_wall01,
SATranslation/system/CASINO02.PVM,ken64_fn_wall02,
SATranslation/system/CASINO02.PVM,ken64_gb_ami01,
SATranslation/system/CASINO02.PVM,ken64_gb_st01,
SATranslation/system/CASINO02.PVM,ken64_gb_st02,
SATranslation/system/CASINO02.PVM,ken64_gb_st03,
SATranslation/system/CASINO02.PVM,ken64_gb_st04,
SATranslation/system/CASINO02.PVM,ken64_gb_st05,
SATranslation/system/CASINO02.PVM,ken64_gb_st07,
SATranslation/system/CASINO02.PVM,ken64_gb_wall02,
SATranslation/system/CASINO02.PVM,ken64_gb_wall03,
SATranslation/system/CASINO02.PVM,ken64_gb_wall04,
SATranslation/system/CASINO02.PVM,ken64_gb_wl07,
SATranslation/system/CASINO02.PVM,ken64_lht02,
SATranslation/system/CASINO02.PVM,ken64_point01,
SATranslation/system/CASINO02.PVM,ken64_point03,
SATranslation/system/CASINO02.PVM,ken64_rd01,
SATranslation/system/CASINO02.PVM,ken64_rt_wl02,
SATranslation/system/CASINO02.PVM,ken64_wl01,
SATranslation/system/CASINO02.PVM,ken64_yuragi01,
SATranslation/system/CASINO02.PVM,ken128_wt01,
SATranslation/system/CASINO03.PVM,cas_h_chubu01,
SATranslation/system/CASINO03.PVM,cas_h_env02,
SATranslation/system/CASINO03.PVM,cas_h_hika02,
SATranslation/system/CASINO03.PVM,cas_h_kabe02,
SATranslation/system/CASINO03.PVM,cas_h_kabe041,
SATranslation/system/CASINO03.PVM,cas_h_kabe051,
SATranslation/system/CASINO03.PVM,cas_h_kabe07,
SATranslation/system/CASINO03.PVM,cas_h_kabe07b,
SATranslation/system/CASINO03.PVM,cas_h_kabe08,
SATranslation/system/CASINO03.PVM,cas_h_kabe09,
SATranslation/system/CASINO03.PVM,cas_h_kabe10,
SATranslation/system/CASINO03.PVM,cas_h_kabe10b,
SATranslation/system/CASINO03.PVM,cas_h_kabe11,
SATranslation/system/CASINO03.PVM,cas_h_mado01,
SATranslation/system/CASINO03.PVM,cas_h_neob02,
SATranslation/system/CASINO03.PVM,cas_h_neob02b,
SATranslation/system/CASINO03.PVM,cas_h_neob03,
SATranslation/system/CASINO03.PVM,cas_h_neobo01,
SATranslation/system/CASINO03.PVM,cas_h_neok01,
SATranslation/system/CASINO03.PVM,cas_h_neoo02,
SATranslation/system/CASINO03.PVM,cas_h_slobo,
SATranslation/system/CASINO03.PVM,cas_h_soni01,
SATranslation/system/CASINO03.PVM,cas_h_soni02,
SATranslation/system/CASINO03.PVM,cas_h_sora01,
SATranslation/system/CASINO03.PVM,cas_h_yaji10,
SATranslation/system/CASINO03.PVM,cas_h_yuka03,
SATranslation/system/CASINO03.PVM,cas_h_yuka04,
SATranslation/system/CASINO03.PVM,kab15,
SATranslation/system/CASINO03.PVM,cas_h_neoo01,
SATranslation/system/CASINO04.PVM,card_buil,
SATranslation/system/CASINO04.PVM,card_buil_b,
SATranslation/system/CASINO04.PVM,card_buil_mado,
SATranslation/system/CASINO04.PVM,card_husya_a,
SATranslation/system/CASINO04.PVM,card_husya_b,
SATranslation/system/CASINO04.PVM,card_husya_c,
SATranslation/system/CASINO04.PVM,card_husya_d,
SATranslation/system/CASINO04.PVM,card_husya_e,EN
SATranslation/system/CASINO04.PVM,card_husya_f,FR
SATranslation/system/CASINO04.PVM,card_kabe_a,
SATranslation/system/CASINO04.PVM,card_kabe_g,DE
SATranslation/system/CASINO04.PVM,card_lanp_a,
SATranslation/system/CASINO04.PVM,card_lanp_b,
SATranslation/system/CASINO04.PVM,card_madokabe,
SATranslation/system/CASINO04.PVM,card_mon,
SATranslation/system/CASINO04.PVM,card_neon1,
SATranslation/system/CASINO04.PVM,card_neon2,
SATranslation/system/CASINO04.PVM,card_neon_ao,
SATranslation/system/CASINO04.PVM,card_palace_a,
SATranslation/system/CASINO04.PVM,card_palace_b,
SATranslation/system/CASINO04.PVM,card_palace_c,
SATranslation/system/CASINO04.PVM,card_palace_d,
SATranslation/system/CASINO04.PVM,card_palace_e,EN
SATranslation/system/CASINO04.PVM,card_palace_f,FR
SATranslation/system/CASINO04.PVM,card_palace_g,DE
SATranslation/system/CASINO04.PVM,card_palace_h,
SATranslation/system/CASINO04.PVM,card_palace_i,IT
SATranslation/system/CASINO04.PVM,card_palace_j,JP
SATranslation/system/CASINO04.PVM,card_palace_k,
SATranslation/system/CASINO04.PVM,card_r_yuka,
SATranslation/system/CASINO04.PVM,card_redkumo,
SATranslation/system/CASINO04.PVM,card_rp_a,
SATranslation/system/CASINO04.PVM,card_rp_b,
SATranslation/system/CASINO04.PVM,card_sglass,
SATranslation/system/CASINO04.PVM,card_t_nights01,
SATranslation/system/CASINO04.PVM,card_t_nights02,
SATranslation/system/CASINO04.PVM,card_t_nights03,
SATranslation/system/CASINO04.PVM,card_tou_a,
SATranslation/system/CASINO04.PVM,card_tou_b,
SATranslation/system/CASINO04.PVM,card_tou_c,
SATranslation/system/CASINO04.PVM,card_tou_d,
SATranslation/system/CASINO04.PVM,card_yakei,
SATranslation/system/CASINO04.PVM,card_yama,
SATranslation/system/CASINO04.PVM,card_yuka,
SATranslation/system/CASINO04.PVM,card_yuka2,
SATranslation/system/CASINO04.PVM,card_yuka_f,FR
SATranslation/system/CASINO04.PVM,cas_h_kabe10,
SATranslation/system/CASINO04.PVM,cas_h_yuka04,
SATranslation/system/CASINO04.PVM,cas_h_yuka_p,
SATranslation/system/CASINO04.PVM,cas_hasira04,
SATranslation/system/CASINO04.PVM,cas_tetu02_s,ES
SATranslation/system/CASINO04.PVM,cas_tetu_b_,
SATranslation/system/CASINO04.PVM,np_bg_pia,
SATranslation/system/CASINO04.PVM,np_ki01,
SATranslation/system/CASINO04.PVM,np_kusa01,
SATranslation/system/CASINO04.PVM,np_niji,
SATranslation/system/CASINO04.PVM,np_sun,
SATranslation/system/CASINO04.PVM,np_tk01,
SATranslation/system/CASINO04.PVM,np_tk02,
SATranslation/system/CASINO04.PVM,np_tk03,
SATranslation/system/CASINO04.PVM,np_tk04,
SATranslation/system/CASINO04.PVM,np_tuti01,
SATranslation/system/CASINO04.PVM,np_wood,
SATranslation/system/CASINO04.PVM,pt_a,
SATranslation/system/CASINO04.PVM,cas_water,
SATranslation/system/CHAO.PVM,beem,
SATranslation/system/CHAO.PVM,doramu_kawa,
SATranslation/system/CHAO.PVM,yari,
SATranslation/system/CHAO.PVM,eda_happa,
SATranslation/system/CHAO.PVM,jouro0,
SATranslation/system/CHAO.PVM,rappa_gold,
SATranslation/system/CHAO.PVM,sukoppu_totte,
SATranslation/system/CHAO.PVM,doramu_naka,
SATranslation/system/CHAO.PVM,rappa_hata,
SATranslation/system/CHAO.PVM,jouro1,
SATranslation/system/CHAO.PVM,sukoppu_ue,
SATranslation/system/CHAO.PVM,yari_bou,
SATranslation/system/CHAO.PVM,jouro2,
SATranslation/system/CHAO.PVM,yari_wakka,
SATranslation/system/CHAO.PVM,jouro_kuti,
SATranslation/system/CHAO.PVM,jouro_top,
SATranslation/system/CHAO.PVM,alp_pen04,
SATranslation/system/CHAO.PVM,alp_pen01,
SATranslation/system/CHAO.PVM,alp_pen02,
SATranslation/system/CHAO.PVM,alp_pen03,
SATranslation/system/CHAO.PVM,alp_gp01,
SATranslation/system/CHAO.PVM,alp_az01,
SATranslation/system/CHAO.PVM,alp_az02,
SATranslation/system/CHAO.PVM,alp_tu03,
SATranslation/system/CHAO.PVM,alp_tu02,
SATranslation/system/CHAO.PVM,alp_tu01,
SATranslation/system/CHAO.PVM,alp_tu04,
SATranslation/system/CHAO.PVM,alp_om05,
SATranslation/system/CHAO.PVM,alp_om02,
SATranslation/system/CHAO.PVM,alp_om03,
SATranslation/system/CHAO.PVM,alp_om04,
SATranslation/system/CHAO.PVM,alp_om01,
SATranslation/system/CHAO.PVM,alp_pen05,
SATranslation/system/CHAO.PVM,alp_om06,
SATranslation/system/CHAO.PVM,alp_om07,
SATranslation/system/CHAO.PVM,alp_usa04,
SATranslation/system/CHAO.PVM,alp_usa02,
SATranslation/system/CHAO.PVM,alp_usa03,
SATranslation/system/CHAO.PVM,alp_usa01,
SATranslation/system/CHAO.PVM,alp_usa05,
SATranslation/system/CHAO.PVM,alp_wb08,
SATranslation/system/CHAO.PVM,alp_wb02,
SATranslation/system/CHAO.PVM,alp_wb03,
SATranslation/system/CHAO.PVM,alp_wb04,
SATranslation/system/CHAO.PVM,alp_wb05,
SATranslation/system/CHAO.PVM,alp_wb06,
SATranslation/system/CHAO.PVM,alp_wb07,
SATranslation/system/CHAO.PVM,alp_wb01,
SATranslation/system/CHAO.PVM,alp_bb04,
SATranslation/system/CHAO.PVM,alp_bb02,
SATranslation/system/CHAO.PVM,alp_bb03,
SATranslation/system/CHAO.PVM,alp_bb01,
SATranslation/system/CHAO.PVM,alp_bb05,
SATranslation/system/CHAO.PVM,alp_mo03,
SATranslation/system/CHAO.PVM,alp_mo02,
SATranslation/system/CHAO.PVM,alp_mo01,
SATranslation/system/CHAO.PVM,alp_mo04,
SATranslation/system/CHAO.PVM,alp_mo05,
SATranslation/system/CHAO.PVM,alp_zo06,
SATranslation/system/CHAO.PVM,alp_zo02,
SATranslation/system/CHAO.PVM,alp_zo03,
SATranslation/system/CHAO.PVM,alp_zo04,
SATranslation/system/CHAO.PVM,alp_zo05,
SATranslation/system/CHAO.PVM,alp_zo01,
SATranslation/system/CHAO.PVM,alp_zo07,
SATranslation/system/CHAO.PVM,alp_kal05,
SATranslation/system/CHAO.PVM,alp_kal02,
SATranslation/system/CHAO.PVM,alp_kal03,
SATranslation/system/CHAO.PVM,alp_kal04,
SATranslation/system/CHAO.PVM,alp_kal01,
SATranslation/system/CHAO.PVM,alp_kal06,
SATranslation/system/CHAO.PVM,alp_kal07,
SATranslation/system/CHAO.PVM,alp_kj06,
SATranslation/system/CHAO.PVM,alp_leo07,
SATranslation/system/CHAO.PVM,alp_leo02,
SATranslation/system/CHAO.PVM,alp_leo03,
SATranslation/system/CHAO.PVM,alp_leo04,
SATranslation/system/CHAO.PVM,alp_leo05,
SATranslation/system/CHAO.PVM,alp_kj03,
SATranslation/system/CHAO.PVM,alp_leo06,
SATranslation/system/CHAO.PVM,alp_kj04,
SATranslation/system/CHAO.PVM,alp_leo01,
SATranslation/system/CHAO.PVM,alp_leo08,
SATranslation/system/CHAO.PVM,alp_leo09,
SATranslation/system/CHAO.PVM,alp_leo10,
SATranslation/system/CHAO.PVM,alp_gori04,
SATranslation/system/CHAO.PVM,alp_gori02,
SATranslation/system/CHAO.PVM,alp_gori03,
SATranslation/system/CHAO.PVM,alp_gori01,
SATranslation/system/CHAO.PVM,alp_gori05,
SATranslation/system/CHAO.PVM,alp_gori06,
SATranslation/system/CHAO.PVM,alp_sk08,
SATranslation/system/CHAO.PVM,alp_sk02,
SATranslation/system/CHAO.PVM,alp_sk03,
SATranslation/system/CHAO.PVM,alp_sk04,
SATranslation/system/CHAO.PVM,alp_sk05,
SATranslation/system/CHAO.PVM,alp_sk06,
SATranslation/system/CHAO.PVM,alp_sk07,
SATranslation/system/CHAO.PVM,alp_sk01,
SATranslation/system/CHAO.PVM,alp_sk09,
SATranslation/system/CHAO.PVM,alp_rk06,
SATranslation/system/CHAO.PVM,alp_rk02,
SATranslation/system/CHAO.PVM,alp_rk03,
SATranslation/system/CHAO.PVM,alp_rk04,
SATranslation/system/CHAO.PVM,alp_rk05,
SATranslation/system/CHAO.PVM,alp_rk01,
SATranslation/system/CHAO.PVM,alp_rk07,
SATranslation/system/CHAO.PVM,alp_rk08,
SATranslation/system/CHAO.PVM,alp_gaz02,
SATranslation/system/CHAO.PVM,alp_gaz01,
SATranslation/system/CHAO.PVM,alp_gtu02,
SATranslation/system/CHAO.PVM,alp_gtu01,
SATranslation/system/CHAO.PVM,alp_gom04,
SATranslation/system/CHAO.PVM,alp_gom03,
SATranslation/system/CHAO.PVM,alp_gom02,
SATranslation/system/CHAO.PVM,alp_gusa02,
SATranslation/system/CHAO.PVM,alp_gusa01,
SATranslation/system/CHAO.PVM,alp_gwb02,
SATranslation/system/CHAO.PVM,alp_gwb03,
SATranslation/system/CHAO.PVM,alp_gwb04,
SATranslation/system/CHAO.PVM,alp_gwb01,
SATranslation/system/CHAO.PVM,alp_gbb02,
SATranslation/system/CHAO.PVM,alp_gbb01,
SATranslation/system/CHAO.PVM,alp_gbb03,
SATranslation/system/CHAO.PVM,alp_gmo02,
SATranslation/system/CHAO.PVM,alp_gmo01,
SATranslation/system/CHAO.PVM,alp_gmo03,
SATranslation/system/CHAO.PVM,alp_gmo04,
SATranslation/system/CHAO.PVM,alp_gzo02,
SATranslation/system/CHAO.PVM,alp_gzo03,
SATranslation/system/CHAO.PVM,alp_gzo04,
SATranslation/system/CHAO.PVM,alp_gzo01,
SATranslation/system/CHAO.PVM,alp_gkl02,
SATranslation/system/CHAO.PVM,alp_gkl03,
SATranslation/system/CHAO.PVM,alp_gkl04,
SATranslation/system/CHAO.PVM,alp_gkl01,
SATranslation/system/CHAO.PVM,alp_gle02,
SATranslation/system/CHAO.PVM,alp_gle03,
SATranslation/system/CHAO.PVM,alp_gle04,
SATranslation/system/CHAO.PVM,alp_gle05,
SATranslation/system/CHAO.PVM,alp_gle01,
SATranslation/system/CHAO.PVM,alp_ggr01,
SATranslation/system/CHAO.PVM,alp_gsk04,
SATranslation/system/CHAO.PVM,alp_gsk02,
SATranslation/system/CHAO.PVM,alp_gsk03,
SATranslation/system/CHAO.PVM,alp_gsk01,
SATranslation/system/CHAO.PVM,alp_grk02,
SATranslation/system/CHAO.PVM,alp_grk03,
SATranslation/system/CHAO.PVM,alp_grk01,
SATranslation/system/CHAO.PVM,alp_kj01,
SATranslation/system/CHAO.PVM,alp_kj02,
SATranslation/system/CHAO.PVM,alp_gkj01,
SATranslation/system/CHAO.PVM,alp_gkji02,
SATranslation/system/CHAO.PVM,alp_kj05,
SATranslation/system/CHAO.PVM,alp_gkji03,
SATranslation/system/CHAO.PVM,cr_egg,
SATranslation/system/CHAO.PVM,cr_ware2,
SATranslation/system/CHAO.PVM,cg_gold,
SATranslation/system/CHAO.PVM,chao_gold,
SATranslation/system/CHAO.PVM,cg_begg,
SATranslation/system/CHAO.PVM,cr_ware1,
SATranslation/system/CHAO.PVM,pal,
SATranslation/system/CHAO.PVM,hana2_hanaw,
SATranslation/system/CHAO.PVM,hana2_happa,
SATranslation/system/CHAO.PVM,al_eye00,
SATranslation/system/CHAO.PVM,al_eye01,
SATranslation/system/CHAO.PVM,al_eye02,
SATranslation/system/CHAO.PVM,al_eye03,
SATranslation/system/CHAO.PVM,al_eye04,
SATranslation/system/CHAO.PVM,al_eye05,
SATranslation/system/CHAO.PVM,al_eye06,
SATranslation/system/CHAO.PVM,al_eye07,
SATranslation/system/CHAO.PVM,al_eye08,
SATranslation/system/CHAO.PVM,al_eye09,
SATranslation/system/CHAO.PVM,al_kuchi00,
SATranslation/system/CHAO.PVM,al_kuchi01,
SATranslation/system/CHAO.PVM,al_kuchi02,
SATranslation/system/CHAO.PVM,al_kuchi03,
SATranslation/system/CHAO.PVM,al_kuchi04,
SATranslation/system/CHAO.PVM,al_kuchi05,
SATranslation/system/CHAO.PVM,al_kuchi06,
SATranslation/system/CHAO.PVM,al_kuchi07,
SATranslation/system/CHAO.PVM,al_kuchi08,
SATranslation/system/CHAO.PVM,al_hane00,
SATranslation/system/CHAO.PVM,al00,
SATranslation/system/CHAO.PVM,al01,
SATranslation/system/CHAO.PVM,al02,
SATranslation/system/CHAO.PVM,al03,
SATranslation/system/CHAO.PVM,al04,
SATranslation/system/CHAO.PVM,al05,
SATranslation/system/CHAO.PVM,al06,
SATranslation/system/CHAO.PVM,al07,
SATranslation/system/CHAO.PVM,al08,
SATranslation/system/CHAO.PVM,al09,
SATranslation/system/CHAO.PVM,al10,
SATranslation/system/CHAO.PVM,al_11,
SATranslation/system/CHAO.PVM,al_12,
SATranslation/system/CHAO.PVM,al_13,
SATranslation/system/CHAO.PVM,al_14,
SATranslation/system/CHAO.PVM,al16,
SATranslation/system/CHAO.PVM,al17,
SATranslation/system/CHAO.PVM,al18,
SATranslation/system/CHAO.PVM,al19,
SATranslation/system/CHAO.PVM,al20,
SATranslation/system/CHAO.PVM,al21,
SATranslation/system/CHAO.PVM,al23,
SATranslation/system/CHAO.PVM,al24,
SATranslation/system/CHAO.PVM,al25,
SATranslation/system/CHAO.PVM,al26,
SATranslation/system/CHAO.PVM,al_iconc01,
SATranslation/system/CHAO.PVM,sukebo_taiya,
SATranslation/system/CHAO.PVM,sukebo_ue,
SATranslation/system/CHAO.PVM,boru,
SATranslation/system/CHAO.PVM,hana,
SATranslation/system/CHAO.PVM,hana_kuki,
SATranslation/system/CHAO.PVM,hana_kusa,
SATranslation/system/CHAO.PVM,hana2_hana,
SATranslation/system/CHAO.PVM,ame,
SATranslation/system/CHAO.PVM,eme,
SATranslation/system/CHAO.PVM,rub,
SATranslation/system/CHAO.PVM,saf,
SATranslation/system/CHAO_ENTRANCE.PVM,al_re01,
SATranslation/system/CHAO_ENTRANCE.PVM,al_re02,
SATranslation/system/CHAO_ENTRANCE.PVM,al_re03,
SATranslation/system/CHAO_ENTRANCE.PVM,al_re04,
SATranslation/system/CHAO_ENTRANCE.PVM,al_re04_b,
SATranslation/system/CHAO_ENTRANCE.PVM,al_re04_c,
SATranslation/system/CHAO_ENTRANCE.PVM,al_re05,
SATranslation/system/CHAO_ENTRANCE.PVM,al_re07,
SATranslation/system/CHAO_ENTRANCE.PVM,al_re08,
SATranslation/system/CHAO_ENTRANCE.PVM,al_re09,
SATranslation/system/CHAO_ENTRANCE.PVM,al_re10,
SATranslation/system/CHAO_ENTRANCE.PVM,al_re19,
SATranslation/system/CHAO_ENTRANCE.PVM,al_re20,
SATranslation/system/CHAO_ENTRANCE.PVM,al_re21,
SATranslation/system/CHAO_ENTRANCE.PVM,al_re22,
SATranslation/system/CHAO_ENTRANCE.PVM,al_re23,
SATranslation/system/CHAO_ENTRANCE.PVM,al_re24,
SATranslation/system/CHAO_ENTRANCE.PVM,al_re25,
SATranslation/system/CHAO_ENTRANCE.PVM,al_re26,
SATranslation/system/CHAO_ENTRANCE.PVM,al_re27,
SATranslation/system/CHAO_ENTRANCE.PVM,al_re28,
SATranslation/system/CHAO_ENTRANCE.PVM,al_re29,
SATranslation/system/CHAO_ENTRANCE.PVM,al_re30,
SATranslation/system/CHAO_ENTRANCE.PVM,al_re31,
SATranslation/system/CHAO_ENTRANCE.PVM,al_re32,
SATranslation/system/CHAO_ENTRANCE.PVM,al_re33,
SATranslation/system/CHAO_ENTRANCE.PVM,al_re34,
SATranslation/system/CHAO_ENTRANCE.PVM,al_re35,
SATranslation/system/CHAO_ENTRANCE.PVM,al_re36,
SATranslation/system/CHAO_ENTRANCE.PVM,al_re37,
SATranslation/system/CHAO_ENTRANCE.PVM,al_re38,
SATranslation/system/CHAO_ENTRANCE.PVM,al_re39,
SATranslation/system/CHAO_ENTRANCE.PVM,al_re40,
SATranslation/system/CHAO_ENTRANCE.PVM,al_re41,
SATranslation/system/CHAO_ENTRANCE.PVM,al_re42,
SATranslation/system/CHAO_ENTRANCE.PVM,al_ws09,
SATranslation/system/CHAO_ENTRANCE.PVM,alre_hasira,
SATranslation/system/CHAO_ENTRANCE.PVM,cr_038,
SATranslation/system/CHAO_ENTRANCE.PVM,al_re06,
SATranslation/system/CHAO_HYOUJI.PVM,cr_16font,
SATranslation/system/CHAO_HYOUJI.PVM,cr_fukidasi,
SATranslation/system/CHAO_HYOUJI.PVM,vms2,
SATranslation/system/CHAO_HYOUJI.PVM,cr_hasira01,
SATranslation/system/CHAO_HYOUJI.PVM,monita01,
SATranslation/system/CHAO_HYOUJI.PVM,cr_window,
SATranslation/system/CHAO_HYOUJI.PVM,vms1,
SATranslation/system/CHAO_HYOUJI.PVM,cr_pada,
SATranslation/system/CHAO_HYOUJI.PVM,cr_padb,
SATranslation/system/CHAO_HYOUJI.PVM,cr_padc,
SATranslation/system/CHAO_HYOUJI.PVM,cr_padd,
SATranslation/system/CHAO_HYOUJI.PVM,cr_pad1,
SATranslation/system/CHAO_HYOUJI.PVM,cr_pad2,
SATranslation/system/CHAO_HYOUJI.PVM,cr_messe1_1,
SATranslation/system/CHAO_HYOUJI.PVM,cr_messe1_2,
SATranslation/system/CHAO_HYOUJI.PVM,cr_messe2_1,
SATranslation/system/CHAO_HYOUJI.PVM,cr_messe2_2,
SATranslation/system/CHAO_HYOUJI.PVM,cr_messe3,
SATranslation/system/CHAO_HYOUJI.PVM,cr_messe4,
SATranslation/system/CHAO_HYOUJI.PVM,cr_mesave,
SATranslation/system/CHAO_HYOUJI.PVM,cr_meload,
SATranslation/system/CHAO_HYOUJI.PVM,cr_ya01,
SATranslation/system/CHAO_HYOUJI_E.PVM,cr_16font,
SATranslation/system/CHAO_HYOUJI_E.PVM,cr_fukidasi,
SATranslation/system/CHAO_HYOUJI_E.PVM,vms2,
SATranslation/system/CHAO_HYOUJI_E.PVM,cr_hasira01,
SATranslation/system/CHAO_HYOUJI_E.PVM,monita01,
SATranslation/system/CHAO_HYOUJI_E.PVM,cr_window,
SATranslation/system/CHAO_HYOUJI_E.PVM,vms1,
SATranslation/system/CHAO_HYOUJI_E.PVM,cr_pada,
SATranslation/system/CHAO_HYOUJI_E.PVM,cr_padb,
SATranslation/system/CHAO_HYOUJI_E.PVM,cr_padc,
SATranslation/system/CHAO_HYOUJI_E.PVM,cr_padd,
SATranslation/system/CHAO_HYOUJI_E.PVM,cr_pad1,
SATranslation/system/CHAO_HYOUJI_E.PVM,cr_pad2,
SATranslation/system/CHAO_HYOUJI_E.PVM,cr_messe1_1_e,EN
SATranslation/system/CHAO_HYOUJI_E.PVM,cr_messe1_2_e,EN
SATranslation/system/CHAO_HYOUJI_E.PVM,cr_messe2_1_e,EN
SATranslation/system/CHAO_HYOUJI_E.PVM,cr_messe2_2_e,EN
SATranslation/system/CHAO_HYOUJI_E.PVM,cr_messe3_e,EN
SATranslation/system/CHAO_HYOUJI_E.PVM,cr_messe4_e,EN
SATranslation/system/CHAO_HYOUJI_E.PVM,cr_mesave_e,EN
SATranslation/system/CHAO_HYOUJI_E.PVM,cr_meload_e,EN
SATranslation/system/CHAO_HYOUJI_E.PVM,cr_ya01,
SATranslation/system/CHAO_HYOUJI_F.PVM,cr_16font,
SATranslation/system/CHAO_HYOUJI_F.PVM,cr_fukidasi,
SATranslation/system/CHAO_HYOUJI_F.PVM,vms2,
SATranslation/system/CHAO_HYOUJI_F.PVM,cr_hasira01,
SATranslation/system/CHAO_HYOUJI_F.PVM,monita01,
SATranslation/system/CHAO_HYOUJI_F.PVM,cr_window,
SATranslation/system/CHAO_HYOUJI_F.PVM,vms1,
SATranslation/system/CHAO_HYOUJI_F.PVM,cr_pada,
SATranslation/system/CHAO_HYOUJI_F.PVM,cr_padb,
SATranslation/system/CHAO_HYOUJI_F.PVM,cr_padc,
SATranslation/system/CHAO_HYOUJI_F.PVM,cr_padd,
SATranslation/system/CHAO_HYOUJI_F.PVM,cr_pad1,
SATranslation/system/CHAO_HYOUJI_F.PVM,cr_pad2,
SATranslation/system/CHAO_HYOUJI_F.PVM,cr_messe1_1,
SATranslation/system/CHAO_HYOUJI_F.PVM,cr_messe1_2,
SATranslation/system/CHAO_HYOUJI_F.PVM,cr_messe2_1,
SATranslation/system/CHAO_HYOUJI_F.PVM,cr_messe2_2,
SATranslation/system/CHAO_HYOUJI_F.PVM,cr_messe3,
SATranslation/system/CHAO_HYOUJI_F.PVM,cr_messe4,
SATranslation/system/CHAO_HYOUJI_F.PVM,cr_mesave,
SATranslation/system/CHAO_HYOUJI_F.PVM,cr_meload,
SATranslation/system/CHAO_HYOUJI_F.PVM,cr_ya01,
SATranslation/system/CHAO_HYOUJI_G.PVM,cr_16font,
SATranslation/system/CHAO_HYOUJI_G.PVM,cr_fukidasi,
SATranslation/system/CHAO_HYOUJI_G.PVM,vms2,
SATranslation/system/CHAO_HYOUJI_G.PVM,cr_hasira01,
SATranslation/system/CHAO_HYOUJI_G.PVM,monita01,
SATranslation/system/CHAO_HYOUJI_G.PVM,cr_window,
SATranslation/system/CHAO_HYOUJI_G.PVM,vms1,
SATranslation/system/CHAO_HYOUJI_G.PVM,cr_pada,
SATranslation/system/CHAO_HYOUJI_G.PVM,cr_padb,
SATranslation/system/CHAO_HYOUJI_G.PVM,cr_padc,
SATranslation/system/CHAO_HYOUJI_G.PVM,cr_padd,
SATranslation/system/CHAO_HYOUJI_G.PVM,cr_pad1,
SATranslation/system/CHAO_HYOUJI_G.PVM,cr_pad2,
SATranslation/system/CHAO_HYOUJI_G.PVM,cr_messe1_1,
SATranslation/system/CHAO_HYOUJI_G.PVM,cr_messe1_2,
SATranslation/system/CHAO_HYOUJI_G.PVM,cr_messe2_1,
SATranslation/system/CHAO_HYOUJI_G.PVM,cr_messe2_2,
SATranslation/system/CHAO_HYOUJI_G.PVM,cr_messe3,
SATranslation/system/CHAO_HYOUJI_G.PVM,cr_messe4,
SATranslation/system/CHAO_HYOUJI_G.PVM,cr_mesave,
SATranslation/system/CHAO_HYOUJI_G.PVM,cr_meload,
SATranslation/system/CHAO_HYOUJI_G.PVM,cr_ya01,
SATranslation/system/CHAO_HYOUJI_S.PVM,cr_16font,
SATranslation/system/CHAO_HYOUJI_S.PVM,cr_fukidasi,
SATranslation/system/CHAO_HYOUJI_S.PVM,vms2,
SATranslation/system/CHAO_HYOUJI_S.PVM,cr_hasira01,
SATranslation/system/CHAO_HYOUJI_S.PVM,monita01,
SATranslation/system/CHAO_HYOUJI_S.PVM,cr_window,
SATranslation/system/CHAO_HYOUJI_S.PVM,vms1,
SATranslation/system/CHAO_HYOUJI_S.PVM,cr_pada,
SATranslation/system/CHAO_HYOUJI_S.PVM,cr_padb,
SATranslation/system/CHAO_HYOUJI_S.PVM,cr_padc,
SATranslation/system/CHAO_HYOUJI_S.PVM,cr_padd,
SATranslation/system/CHAO_HYOUJI_S.PVM,cr_pad1,
SATranslation/system/CHAO_HYOUJI_S.PVM,cr_pad2,
SATranslation/system/CHAO_HYOUJI_S.PVM,cr_messe1_1,
SATranslation/system/CHAO_HYOUJI_S.PVM,cr_messe1_2,
SATranslation/system/CHAO_HYOUJI_S.PVM,cr_messe2_1,
SATranslation/system/CHAO_HYOUJI_S.PVM,cr_messe2_2,
SATranslation/system/CHAO_HYOUJI_S.PVM,cr_messe3,
SATranslation/system/CHAO_HYOUJI_S.PVM,cr_messe4,
SATranslation/system/CHAO_HYOUJI_S.PVM,cr_mesave,
SATranslation/system/CHAO_HYOUJI_S.PVM,cr_meload,
SATranslation/system/CHAO_HYOUJI_S.PVM,cr_ya01,
SATranslation/system/CHAO_OBJECT.PVM,monita01,
SATranslation/system/CHAO_OBJECT.PVM,monita02,
SATranslation/system/CHAO_OBJECT.PVM,monita03,
SATranslation/system/CHAO_OBJECT.PVM,monita05,
SATranslation/system/CHAO_OBJECT.PVM,monita04,
SATranslation/system/CHAO_OBJECT.PVM,plant_02,
SATranslation/system/CHAO_OBJECT.PVM,mi_02,
SATranslation/system/CHAO_OBJECT.PVM,plant06,
SATranslation/system/CHAO_OBJECT.PVM,vms_e,EN
SATranslation/system/CHAO_OBJECT.PVM,vms06,
SATranslation/system/CHAO_OBJECT.PVM,r_sonic2,
SATranslation/system/CHAO_OBJECT.PVM,r_tailes2,
SATranslation/system/CHAO_OBJECT.PVM,r_nuckles2,
SATranslation/system/CHAO_OBJECT.PVM,r_amy,
SATranslation/system/CHAO_OBJECT.PVM,r_e102,
SATranslation/system/CHAO_OBJECT.PVM,r_big3,
SATranslation/system/CHAO_OBJECT.PVM,r_chao,
SATranslation/system/CHAO_OBJECT.PVM,vms_kai,
SATranslation/system/CHAO_OBJECT.PVM,vms_red,
SATranslation/system/CHAO_OBJECT.PVM,plant05,
SATranslation/system/CHAO_OBJECT.PVM,kiratsubu01,
SATranslation/system/CHAO_OBJECT.PVM,kiratsubu02,
SATranslation/system/CHAO_OBJECT.PVM,kiratsubu03,
SATranslation/system/CHAO_OBJECT.PVM,kiratsubu05,
SATranslation/system/CHAO_OBJECT.PVM,kiratsubu04,
SATranslation/system/CHAO_OBJECT.PVM,kiratsubu06,
SATranslation/system/CHAO_OBJECT.PVM,kiratsubu07,
SATranslation/system/CHAO_OBJECT.PVM,kiratsubu08,
SATranslation/system/CHAO_OBJECT.PVM,mi_03,
SATranslation/system/CHAO_OBJECT.PVM,mi_01,
SATranslation/system/CHAO_OBJECT.PVM,mi_orenge,
SATranslation/system/CHAO_OBJECT.PVM,al_hafl01,
SATranslation/system/CHAO_OBJECT.PVM,al_hafl02,
SATranslation/system/CHAO_OBJECT.PVM,al_hafl03,
SATranslation/system/CHAO_OBJECT.PVM,alm_blue,
SATranslation/system/CHAO_OBJECT.PVM,alm_kuki,
SATranslation/system/CHAO_OBJECT.PVM,alm_purple,
SATranslation/system/CHAO_OBJECT.PVM,alm_red,
SATranslation/system/CHAO_OBJECT.PVM,alm_yellow,
SATranslation/system/CHAO_OBJECT.PVM,alm_sgo01,
SATranslation/system/CHAO_OBJECT.PVM,alm_sgo02,
SATranslation/system/CHAO_OBJECT.PVM,alm_sgo03,
SATranslation/system/CHAO_OBJECT.PVM,alm_sgo04,
SATranslation/system/CHAO_OBJECT.PVM,alm_sek01,
SATranslation/system/CHAO_OBJECT.PVM,alm_sek02,
SATranslation/system/CHAO_OBJECT.PVM,alm_sek03,
SATranslation/system/CHAO_OBJECT.PVM,alm_kgk01,
SATranslation/system/CHAO_OBJECT.PVM,alm_kgk02,
SATranslation/system/CHAO_OBJECT.PVM,alm_kgk03,
SATranslation/system/CHAO_OBJECT.PVM,hana2_hanap,
SATranslation/system/CHAO_OBJECT.PVM,hana2_hanaw,
SATranslation/system/CHAO_OBJECT.PVM,hana2_happa,
SATranslation/system/CHAO_OBJECT.PVM,vms_03,
SATranslation/system/CHAO_OBJECT.PVM,vms_bl,
SATranslation/system/CHAO_OBJECT.PVM,cr_ha,
SATranslation/system/CHAO_OBJECT.PVM,vms_b02,
SATranslation/system/CHAO_OBJECT.PVM,vms_01,
SATranslation/system/CHAO_OBJECT.PVM,vms1,
SATranslation/system/CHAO_OBJECT.PVM,vms2,
SATranslation/system/CHAO_OBJECT.PVM,al_ws01,
SATranslation/system/CHAO_OBJECT.PVM,al_ws02,
SATranslation/system/CHAO_OBJECT.PVM,al_ws03,
SATranslation/system/CHAO_OBJECT.PVM,al_ws10,
SATranslation/system/CHAO_OBJECT.PVM,al_ws13,
SATranslation/system/CHAO_OBJECT.PVM,al_ws11,
SATranslation/system/CHAO_OBJECT.PVM,al_ws14,
SATranslation/system/CHAO_OBJECT.PVM,al_ws12,
SATranslation/system/CHAO_OBJECT.PVM,al_ws15,
SATranslation/system/CHAO_OBJECT.PVM,al_wseff,
SATranslation/system/CHAO_OBJECT.PVM,mi_gen02,
SATranslation/system/CHAO_OBJECT.PVM,al_ws04,
SATranslation/system/CHAO_OBJECT.PVM,al_ws05,
SATranslation/system/CHAO_OBJECT.PVM,al_ws06,
SATranslation/system/CHAO_OBJECT.PVM,al_ws07,
SATranslation/system/CHAO_OBJECT.PVM,al_ws08,
SATranslation/system/CHAO_OBJECT.PVM,al_ws09,
SATranslation/system/CHAO_OBJECT.PVM,al_wsm01,
SATranslation/system/CHAO_OBJECT.PVM,al_wsm02,
SATranslation/system/CHAO_RACE.PVM,al_re03,
SATranslation/system/CHAO_RACE.PVM,al_re04_c,
SATranslation/system/CHAO_RACE.PVM,al_re19,
SATranslation/system/CHAO_RACE.PVM,al_re20,
SATranslation/system/CHAO_RACE.PVM,al_re21,
SATranslation/system/CHAO_RACE.PVM,al_re22,
SATranslation/system/CHAO_RACE.PVM,al_re23,
SATranslation/system/CHAO_RACE.PVM,al_re24,
SATranslation/system/CHAO_RACE.PVM,al_re25,
SATranslation/system/CHAO_RACE.PVM,al_re26,
SATranslation/system/CHAO_RACE.PVM,al_re30,
SATranslation/system/CHAO_RACE.PVM,al_re32,
SATranslation/system/CHAO_RACE.PVM,al_re33,
SATranslation/system/CHAO_RACE.PVM,al_re35,
SATranslation/system/CHAO_RACE.PVM,al_re36,
SATranslation/system/CHAO_RACE.PVM,al_re37,
SATranslation/system/CHAO_RACE.PVM,al_re39,
SATranslation/system/CHAO_RACE.PVM,al_ws01,
SATranslation/system/CHAO_RACE.PVM,alre_hasira,
SATranslation/system/CHAO_RACE.PVM,cr_001,
SATranslation/system/CHAO_RACE.PVM,cr_002,
SATranslation/system/CHAO_RACE.PVM,cr_003,
SATranslation/system/CHAO_RACE.PVM,cr_004,
SATranslation/system/CHAO_RACE.PVM,cr_005,
SATranslation/system/CHAO_RACE.PVM,cr_006,
SATranslation/system/CHAO_RACE.PVM,cr_007,
SATranslation/system/CHAO_RACE.PVM,cr_008,
SATranslation/system/CHAO_RACE.PVM,cr_009,
SATranslation/system/CHAO_RACE.PVM,cr_010,
SATranslation/system/CHAO_RACE.PVM,cr_011,
SATranslation/system/CHAO_RACE.PVM,cr_012,
SATranslation/system/CHAO_RACE.PVM,cr_013,
SATranslation/system/CHAO_RACE.PVM,cr_014,
SATranslation/system/CHAO_RACE.PVM,cr_015,
SATranslation/system/CHAO_RACE.PVM,cr_016,
SATranslation/system/CHAO_RACE.PVM,cr_017,
SATranslation/system/CHAO_RACE.PVM,cr_018,
SATranslation/system/CHAO_RACE.PVM,cr_019,
SATranslation/system/CHAO_RACE.PVM,cr_020,
SATranslation/system/CHAO_RACE.PVM,cr_021,
SATranslation/system/CHAO_RACE.PVM,cr_022,
SATranslation/system/CHAO_RACE.PVM,cr_023,
SATranslation/system/CHAO_RACE.PVM,cr_026,
SATranslation/system/CHAO_RACE.PVM,cr_027,
SATranslation/system/CHAO_RACE.PVM,cr_028,
SATranslation/system/CHAO_RACE.PVM,cr_029,
SATranslation/system/CHAO_RACE.PVM,cr_030,
SATranslation/system/CHAO_RACE.PVM,cr_031,
SATranslation/system/CHAO_RACE.PVM,cr_032,
SATranslation/system/CHAO_RACE.PVM,cr_033,
SATranslation/system/CHAO_RACE.PVM,cr_034,
SATranslation/system/CHAO_RACE.PVM,cr_035,
SATranslation/system/CHAO_RACE.PVM,cr_036,
SATranslation/system/CHAO_RACE.PVM,cr_037,
SATranslation/system/CHAO_RACE.PVM,cr_038,
SATranslation/system/CHAO_RACE.PVM,cr_frag01,
SATranslation/system/CHAO_RACE.PVM,cr_g23,
SATranslation/system/CHAO_RACE.PVM,cr_ha,
SATranslation/system/CHAO_RACE.PVM,cr_kusa11,
SATranslation/system/CHAO_RACE.PVM,cr_tp001,
SATranslation/system/CHAO_RACE.PVM,cr_tp002,
SATranslation/system/CHAO_RACE.PVM,cr_tp014,
SATranslation/system/CHAO_RACE.PVM,cr_tp029,
SATranslation/system/CHAO_RACE.PVM,cr_tp106,
SATranslation/system/CHAO_RACE.PVM,cr_tp31,
SATranslation/system/CHAO_RACE.PVM,cr_tp79,
SATranslation/system/CHAO_RACE.PVM,cr_wt00,
SATranslation/system/CHAO_RACE.PVM,crisi,
SATranslation/system/CHAO_RACE.PVM,mr_064s_takisizu,
SATranslation/system/CHAO_RACE.PVM,pal,
SATranslation/system/CHAO_RACE.PVM,plant05,
SATranslation/system/CHAO_RACE.PVM,plant06,
SATranslation/system/CHAO_RACE.PVM,plant_02,
SATranslation/system/CHAO_RACE.PVM,cr_hasira01,
SATranslation/system/CHAOBLACKMARKET.PVM,kin_blbaketu,
SATranslation/system/CHAOBLACKMARKET.PVM,kin_blbaketu2,
SATranslation/system/CHAOBLACKMARKET.PVM,kin_blcarpet,
SATranslation/system/CHAOBLACKMARKET.PVM,kin_bldai,
SATranslation/system/CHAOBLACKMARKET.PVM,kin_bldesk1,
SATranslation/system/CHAOBLACKMARKET.PVM,kin_blhako1,
SATranslation/system/CHAOBLACKMARKET.PVM,kin_blhako2,
SATranslation/system/CHAOBLACKMARKET.PVM,kin_blhako3,
SATranslation/system/CHAOBLACKMARKET.PVM,kin_blhako4,
SATranslation/system/CHAOBLACKMARKET.PVM,kin_blhako5,
SATranslation/system/CHAOBLACKMARKET.PVM,kin_blhako6,
SATranslation/system/CHAOBLACKMARKET.PVM,kin_blhouki,
SATranslation/system/CHAOBLACKMARKET.PVM,kin_blhouki2,
SATranslation/system/CHAOBLACKMARKET.PVM,kin_blhouki3,
SATranslation/system/CHAOBLACKMARKET.PVM,kin_blhouki4,
SATranslation/system/CHAOBLACKMARKET.PVM,kin_blhouki5,
SATranslation/system/CHAOBLACKMARKET.PVM,kin_blkabekake1,
SATranslation/system/CHAOBLACKMARKET.PVM,kin_blkabekake2,
SATranslation/system/CHAOBLACKMARKET.PVM,kin_blkasa,
SATranslation/system/CHAOBLACKMARKET.PVM,kin_blkumo,
SATranslation/system/CHAOBLACKMARKET.PVM,kin_blkumo2,
SATranslation/system/CHAOBLACKMARKET.PVM,kin_blmaf,
SATranslation/system/CHAOBLACKMARKET.PVM,kin_blmask,
SATranslation/system/CHAOBLACKMARKET.PVM,kin_blphot,
SATranslation/system/CHAOBLACKMARKET.PVM,kin_blregi,
SATranslation/system/CHAOBLACKMARKET.PVM,kin_blregi2,
SATranslation/system/CHAOBLACKMARKET.PVM,kin_blreji3,
SATranslation/system/CHAOBLACKMARKET.PVM,kin_blreji4,
SATranslation/system/CHAOBLACKMARKET.PVM,kin_blreji5,
SATranslation/system/CHAOBLACKMARKET.PVM,kin_blvase1,
SATranslation/system/CHAOBLACKMARKET.PVM,kin_blvase2,
SATranslation/system/CHAOBLACKMARKET.PVM,kin_blwall,
SATranslation/system/CHAOBLACKMARKET.PVM,kin_cbdoor2,
SATranslation/system/CHAOBLACKMARKET.PVM,kin_copdwaku2,
SATranslation/system/CHAOBLACKMARKET.PVM,kin_doglass1,
SATranslation/system/CHAOBLACKMARKET.PVM,kin_dolabel2,
SATranslation/system/CHAOBLACKMARKET.PVM,kin_dolabel3,
SATranslation/system/CHAOBLACKMARKET.PVM,kin_kagebkaku,
SATranslation/system/CHAOBLACKMARKET.PVM,kin_kagebmaru,
SATranslation/system/CHAOBLACKMARKET.PVM,kin_kobookstand,
SATranslation/system/CHAOBLACKMARKET.PVM,kin_koedbook2,
SATranslation/system/CHAOBLACKMARKET.PVM,kin_kohibook2,
SATranslation/system/CHAOBLACKMARKET.PVM,kin_kophotstand1,
SATranslation/system/CHAOBLACKMARKET.PVM,kin_koribbon,
SATranslation/system/CHAOBLACKMARKET.PVM,kin_blwall2,
SATranslation/system/CHAOBLACKMARKETOBJ.PVM,kin_blfire,
SATranslation/system/CHAOBLACKMARKETOBJ.PVM,kin_blkabekake2,
SATranslation/system/CHAOBLACKMARKETOBJ.PVM,kin_bllamp1,
SATranslation/system/CHAOBLACKMARKETOBJ.PVM,kin_bllamp2,
SATranslation/system/CHAOBLACKMARKETOBJ.PVM,kin_bllamp3,
SATranslation/system/CHAOBLACKMARKETOBJ.PVM,kin_kagebmaru,
SATranslation/system/CHAOBLACKMARKETOBJ.PVM,al_child01,
SATranslation/system/CHAOBLACKMARKETOBJ.PVM,al_child02,
SATranslation/system/CHAOBLACKMARKETOBJ.PVM,al_child04,
SATranslation/system/CHAOBLACKMARKETOBJ.PVM,kin_blkmask1,
SATranslation/system/CHAOBLACKMARKETOBJ.PVM,kin_blkmask2,
SATranslation/system/CHAOBLACKMARKETOBJ.PVM,kin_blmegane1,
SATranslation/system/CHAOBLACKMARKETOBJ.PVM,kin_blmegane2,
SATranslation/system/CHAOBLACKMARKETOBJ.PVM,ani_han_karada,
SATranslation/system/CHAOBLACKMARKETOBJ.PVM,ani_han_parts,
SATranslation/system/CHAOBLACKMARKETOBJ.PVM,ani_kao_005,
SATranslation/system/CHAOBLACKMARKETOBJ.PVM,cs_book_02,
SATranslation/system/CHAOBLACKMARKETOBJ.PVM,kin_blspeeker,
SATranslation/system/CHAOBLACKMARKETOBJ.PVM,kin_blspeeker2,
SATranslation/system/CHAOBLACKMARKETOBJ.PVM,kin_blspeeker3,
SATranslation/system/CHAOBLACKMARKETOBJ.PVM,kin_kohibook3,
SATranslation/system/CHAOBLACKMARKETOBJ.PVM,kin_kokami,
SATranslation/system/CHAOS0.PVM,c2tx_brain,
SATranslation/system/CHAOS0.PVM,c2tx_eye1,
SATranslation/system/CHAOS0.PVM,c2tx_mizu0,
SATranslation/system/CHAOS0_EFFECT.PVM,panlight,
SATranslation/system/CHAOS0_EFFECT.PVM,spotlight0,
SATranslation/system/CHAOS0_OBJECT.PVM,patlight_a,
SATranslation/system/CHAOS0_OBJECT.PVM,patlight_b,
SATranslation/system/CHAOS0_OBJECT.PVM,tokeiyoko,
SATranslation/system/CHAOS0_OBJECT.PVM,mojiban,
SATranslation/system/CHAOS0_OBJECT.PVM,tokeihari,
SATranslation/system/CHAOS0_OBJECT.PVM,ref_crome,
SATranslation/system/CHAOS0_OBJECT.PVM,alumb_t,
SATranslation/system/CHAOS0_OBJECT.PVM,plant_02,
SATranslation/system/CHAOS0_OBJECT.PVM,plant06,
SATranslation/system/CHAOS0_OBJECT.PVM,plant05,
SATranslation/system/CHAOS0_OBJECT.PVM,ssha02,
SATranslation/system/CHAOS0_OBJECT.PVM,ssha,
SATranslation/system/CHAOS0_OBJECT.PVM,plant2_01,
SATranslation/system/CHAOS0_OBJECT.PVM,plant02,
SATranslation/system/CHAOS0_OBJECT.PVM,light1,
SATranslation/system/CHAOS0_OBJECT.PVM,light2,
SATranslation/system/CHAOS0_OBJECT.PVM,light3,
SATranslation/system/CHAOS0_OBJECT.PVM,yakei_ref,
SATranslation/system/CHAOS0_OBJECT.PVM,yakei_ref_b,
SATranslation/system/CHAOS0_OBJECT.PVM,yakei_ref_w,
SATranslation/system/CHAOS0_OBJECT.PVM,yakei_ref_orange,
SATranslation/system/CHAOS0_OBJECT.PVM,board_ura,
SATranslation/system/CHAOS0_OBJECT.PVM,rock_panel3,
SATranslation/system/CHAOS0_OBJECT.PVM,smokelight,
SATranslation/system/CHAOS0_OBJECT.PVM,sspd,
SATranslation/system/CHAOS0_OBJECT.PVM,ref_white,
SATranslation/system/CHAOS0_OBJECT.PVM,ref_black,
SATranslation/system/CHAOS0_OBJECT.PVM,tyre,
SATranslation/system/CHAOS0_OBJECT.PVM,tyre1,
SATranslation/system/CHAOS0_OBJECT.PVM,wheel_a,
SATranslation/system/CHAOS0_OBJECT.PVM,ref_lblue,
SATranslation/system/CHAOS0_OBJECT.PVM,ref_red,
SATranslation/system/CHAOS0_OBJECT.PVM,num_5,
SATranslation/system/CHAOS0_OBJECT.PVM,policar01,
SATranslation/system/CHAOS0_OBJECT.PVM,ref_car,
SATranslation/system/CHAOS1.PVM,c2tx_mizu0,
SATranslation/system/CHAOS1.PVM,c2tx_eye1,
SATranslation/system/CHAOS1.PVM,c2tx_brain,
SATranslation/system/CHAOS1.PVM,c2tx_brain1,
SATranslation/system/CHAOS1.PVM,c2_hone0,
SATranslation/system/CHAOS1.PVM,eme_purple,
SATranslation/system/CHAOS2.PVM,c2_hone0,
SATranslation/system/CHAOS2.PVM,c2tx_brain,
SATranslation/system/CHAOS2.PVM,c2tx_eme_b,
SATranslation/system/CHAOS2.PVM,c2tx_eme_p,
SATranslation/system/CHAOS2.PVM,c2tx_eye1,
SATranslation/system/CHAOS2.PVM,c2tx_mizu0,
SATranslation/system/CHAOS2_BARRIER.PVM,c_defens01,
SATranslation/system/CHAOS2_BARRIER.PVM,c_defens02,
SATranslation/system/CHAOS2_BARRIER.PVM,c_defens03,
SATranslation/system/CHAOS2_BARRIER.PVM,c_defens04,
SATranslation/system/CHAOS2_BARRIER.PVM,c_defens05,
SATranslation/system/CHAOS2_BARRIER.PVM,c_defens06,
SATranslation/system/CHAOS2_BARRIER.PVM,c_defens07,
SATranslation/system/CHAOS2_BARRIER.PVM,c_defens08,
SATranslation/system/CHAOS2_BARRIER.PVM,c_defens09,
SATranslation/system/CHAOS2_BARRIER.PVM,c_defens10,
SATranslation/system/CHAOS2_BARRIER.PVM,c_defens11,
SATranslation/system/CHAOS2_BARRIER.PVM,c_defens12,
SATranslation/system/CHAOS2_EFFECT.PVM,c2_flash01,
SATranslation/system/CHAOS2_EFFECT.PVM,c2_flash02,
SATranslation/system/CHAOS2_EFFECT.PVM,c2_flash03,
SATranslation/system/CHAOS2_EFFECT.PVM,c2_flash04,
SATranslation/system/CHAOS2_EFFECT.PVM,c2_flash05,
SATranslation/system/CHAOS2_EFFECT.PVM,c2_flash06,
SATranslation/system/CHAOS2_EFFECT.PVM,c2_flash07,
SATranslation/system/CHAOS2_EFFECT.PVM,c2_flash08,
SATranslation/system/CHAOS2_EFFECT.PVM,c2_ball01,
SATranslation/system/CHAOS2_EFFECT.PVM,c2_ball02,
SATranslation/system/CHAOS2_EFFECT.PVM,c2_ball03,
SATranslation/system/CHAOS2_EFFECT.PVM,c2_ball04,
SATranslation/system/CHAOS2_EFFECT.PVM,c2_ball05,
SATranslation/system/CHAOS2_EFFECT.PVM,c2_ball06,
SATranslation/system/CHAOS2_EFFECT.PVM,c2_ball07,
SATranslation/system/CHAOS2_EFFECT.PVM,c2_ball08,
SATranslation/system/CHAOS2_EFFECT.PVM,c2_kiseki,
SATranslation/system/CHAOS2_EFFECT.PVM,shadow,
SATranslation/system/CHAOS2_EFFECT.PVM,shadow,
SATranslation/system/CHAOS2_EFFECT.PVM,shadow,
SATranslation/system/CHAOS2_EFFECT.PVM,shadow,
SATranslation/system/CHAOS2_EFFECT.PVM,shadow,
SATranslation/system/CHAOS2_EFFECT.PVM,shadow,
SATranslation/system/CHAOS2_EFFECT.PVM,shadow,
SATranslation/system/CHAOS2_EFFECT.PVM,shadow,
SATranslation/system/CHAOS2_EFFECT.PVM,c2_light01,
SATranslation/system/CHAOS2_EFFECT.PVM,c2_light02,
SATranslation/system/CHAOS2_EFFECT.PVM,c2_light03,
SATranslation/system/CHAOS2_EFFECT.PVM,c2_light04,
SATranslation/system/CHAOS2_EFFECT.PVM,c2_light05,
SATranslation/system/CHAOS2_EFFECT.PVM,c2_light06,
SATranslation/system/CHAOS2_EFFECT.PVM,c2_light07,
SATranslation/system/CHAOS2_EFFECT.PVM,c2_light08,
SATranslation/system/CHAOS2_EFFECT.PVM,c2_blight01,
SATranslation/system/CHAOS2_EFFECT.PVM,c2_blight02,
SATranslation/system/CHAOS2_EFFECT.PVM,c2_blight03,
SATranslation/system/CHAOS2_EFFECT.PVM,c2_blight04,
SATranslation/system/CHAOS2_EFFECT.PVM,c2_blight05,
SATranslation/system/CHAOS2_EFFECT.PVM,c2_blight06,
SATranslation/system/CHAOS2_EFFECT.PVM,c2_blight07,
SATranslation/system/CHAOS2_EFFECT.PVM,c2_blight08,
SATranslation/system/CHAOS2_EFFECT.PVM,c2_bb01,
SATranslation/system/CHAOS2_EFFECT.PVM,c2_bb02,
SATranslation/system/CHAOS2_EFFECT.PVM,c2_bb03,
SATranslation/system/CHAOS2_EFFECT.PVM,c2_bb04,
SATranslation/system/CHAOS2_EFFECT.PVM,c2_bb05,
SATranslation/system/CHAOS2_EFFECT.PVM,c2_bb06,
SATranslation/system/CHAOS2_EFFECT.PVM,c2_bb07,
SATranslation/system/CHAOS2_EFFECT.PVM,c2_bb08,
SATranslation/system/CHAOS2_OBJECT.PVM,chaos2_yukalight,
SATranslation/system/CHAOS2_OBJECT.PVM,kazari10,
SATranslation/system/CHAOS2_OBJECT.PVM,kazari17,
SATranslation/system/CHAOS2_OBJECT.PVM,candle,
SATranslation/system/CHAOS2_OBJECT.PVM,candle2,
SATranslation/system/CHAOS2_OBJECT.PVM,garasu4,
SATranslation/system/CHAOS2_OBJECT.PVM,kazari11,
SATranslation/system/CHAOS2_OBJECT.PVM,kazari7,
SATranslation/system/CHAOS2_OBJECT.PVM,kazari9,
SATranslation/system/CHAOS2_OBJECT.PVM,candlestand,
SATranslation/system/CHAOS2_OBJECT.PVM,nuno2,
SATranslation/system/CHAOS2_OBJECT.PVM,sara3,
SATranslation/system/CHAOS2_OBJECT.PVM,siwa4,
SATranslation/system/CHAOS2_OBJECT.PVM,ten_hana3,
SATranslation/system/CHAOS2_OBJECT.PVM,ten_isu7,
SATranslation/system/CHAOS2_OBJECT.PVM,ten_isuasi,
SATranslation/system/CHAOS2_OBJECT.PVM,ten_isuyoko2,
SATranslation/system/CHAOS2_OBJECT.PVM,ten_table14,
SATranslation/system/CHAOS2_OBJECT.PVM,chaos_clight,
SATranslation/system/CHAOS4_COMMON.PVM,c2_hone0,
SATranslation/system/CHAOS4_COMMON.PVM,eme_purple,
SATranslation/system/CHAOS4_COMMON.PVM,c2tx_brain,
SATranslation/system/CHAOS4_COMMON.PVM,c2tx_eme_b,
SATranslation/system/CHAOS4_COMMON.PVM,c2tx_eme_g,DE
SATranslation/system/CHAOS4_COMMON.PVM,c2tx_eme_p,
SATranslation/system/CHAOS4_COMMON.PVM,c2tx_eme_w,
SATranslation/system/CHAOS4_COMMON.PVM,c2tx_eye1,
SATranslation/system/CHAOS4_COMMON.PVM,c2tx_mizu0,
SATranslation/system/CHAOS4_HASHIRA.PVM,c4_column01,
SATranslation/system/CHAOS4_HASHIRA.PVM,c4_column02,
SATranslation/system/CHAOS4_HASHIRA.PVM,c4_column03,
SATranslation/system/CHAOS4_HASHIRA.PVM,c4_column04,
SATranslation/system/CHAOS4_HASHIRA.PVM,c4_column05,
SATranslation/system/CHAOS4_KAMA.PVM,c4_tailat01,
SATranslation/system/CHAOS4_KAMA.PVM,c4_tailattame01,
SATranslation/system/CHAOS4_NUMA.PVM,s_los_wt00,
SATranslation/system/CHAOS4_NUMA.PVM,s_los_wt01,
SATranslation/system/CHAOS4_NUMA.PVM,s_los_wt02,
SATranslation/system/CHAOS4_NUMA.PVM,s_los_wt03,
SATranslation/system/CHAOS4_NUMA.PVM,s_los_wt04,
SATranslation/system/CHAOS4_NUMA.PVM,s_los_wt05,
SATranslation/system/CHAOS4_NUMA.PVM,s_los_wt06,
SATranslation/system/CHAOS4_NUMA.PVM,s_los_wt07,
SATranslation/system/CHAOS4_NUMA.PVM,s_los_wt08,
SATranslation/system/CHAOS4_NUMA.PVM,s_los_wt09,
SATranslation/system/CHAOS4_NUMA.PVM,s_los_wt10,
SATranslation/system/CHAOS4_NUMA.PVM,s_los_wt11,
SATranslation/system/CHAOS4_NUMA.PVM,s_los_wt12,
SATranslation/system/CHAOS4_NUMA.PVM,s_los_wt13,
SATranslation/system/CHAOS4_OBJECT.PVM,c4_128s_kankyo,
SATranslation/system/CHAOS4_OBJECT.PVM,mra_008s_hirusorab,
SATranslation/system/CHAOS4_OBJECT.PVM,mra_032s_hirusorac,
SATranslation/system/CHAOS4_OBJECT.PVM,mra_256s_hirusoraa,
SATranslation/system/CHAOS4_OBJECT.PVM,mrc4_032s_kuki,
SATranslation/system/CHAOS4_OBJECT.PVM,mrc4_256s_hapa,
SATranslation/system/CHAOS4_OBJECT.PVM,mra_256_water,
SATranslation/system/CHAOS4_OBJECT.PVM,s_los_wt00,
SATranslation/system/CHAOS4_SHIBUKI.PVM,c4_sp_a01,SP
SATranslation/system/CHAOS4_SHIBUKI.PVM,c4_sp_a02,SP
SATranslation/system/CHAOS4_SHIBUKI.PVM,c4_sp_a03,SP
SATranslation/system/CHAOS4_SHIBUKI.PVM,c4_sp_a04,SP
SATranslation/system/CHAOS4_SHIBUKI.PVM,c4_sp_a05,SP
SATranslation/system/CHAOS4_SHIBUKI.PVM,c4_sp_a06,SP
SATranslation/system/CHAOS4_SHIBUKI.PVM,c4_sp_a07,SP
SATranslation/system/CHAOS4_SHIBUKI.PVM,c4_sp_a08,SP
SATranslation/system/CHAOS4_TIKEI.PVM,mra_128s_kawakabeb,
SATranslation/system/CHAOS4_TIKEI.PVM,mra_s_takiwater,
SATranslation/system/CHAOS4_TIKEI.PVM,mrc_64s_jimend,
SATranslation/system/CHAOS4_TIKEI.PVM,mr_008o_kuro,
SATranslation/system/CHAOS4_TIKEI.PVM,mr_064n_yasia,
SATranslation/system/CHAOS4_TIKEI.PVM,mr_064s_los031,
SATranslation/system/CHAOS4_TIKEI.PVM,mr_128n_bushb,
SATranslation/system/CHAOS4_TIKEI.PVM,mr_128s_eda,
SATranslation/system/CHAOS4_TIKEI.PVM,mr_128s_jukai,
SATranslation/system/CHAOS4_TIKEI.PVM,mr_256n_busha,
SATranslation/system/CHAOS4_TIKEI.PVM,mr_256s_junf,
SATranslation/system/CHAOS4_TIKEI.PVM,mr_256s_kabef,
SATranslation/system/CHAOS4_TIKEI.PVM,mr_64s_kawa,
SATranslation/system/CHAOS4_TIKEI.PVM,kawaisid,
SATranslation/system/CHAOS4_WAVE.PVM,c4wave,
SATranslation/system/CHAOS6.PVM,c2tx_eye1,
SATranslation/system/CHAOS6.PVM,hone_3,
SATranslation/system/CHAOS6.PVM,hone_1,
SATranslation/system/CHAOS6.PVM,koti,
SATranslation/system/CHAOS6.PVM,hone_2,
SATranslation/system/CHAOS6.PVM,c2tx_eme_p,
SATranslation/system/CHAOS6.PVM,c2tx_eme_y,
SATranslation/system/CHAOS6.PVM,c2tx_eme_lb,
SATranslation/system/CHAOS6.PVM,c2tx_eme_g,DE
SATranslation/system/CHAOS6.PVM,c6x_eye2,
SATranslation/system/CHAOS6.PVM,c2_hone0,
SATranslation/system/CHAOS6.PVM,c2tx_eme_w,
SATranslation/system/CHAOS6.PVM,c2tx_eme_b,
SATranslation/system/CHAOS6.PVM,0000,
SATranslation/system/CHAOS6.PVM,c6_seni,
SATranslation/system/CHAOS6.PVM,c2tx_mizu0,
SATranslation/system/CHAOS6.PVM,c6_suikomi01,
SATranslation/system/CHAOS6.PVM,c6_suikomi02,
SATranslation/system/CHAOS6.PVM,c6_tail,
SATranslation/system/CHAOS6_BG.PVM,ecsc_s_bkca,
SATranslation/system/CHAOS6_BG.PVM,ecsc_s_bkcb,
SATranslation/system/CHAOS6_BG.PVM,ecsc_s_bkcc,
SATranslation/system/CHAOS6_BG.PVM,ecsc_s_bkcd,
SATranslation/system/CHAOS6_BG.PVM,stg_s_bkfirec,
SATranslation/system/CHAOS6_BG.PVM,stg_s_bkfired,
SATranslation/system/CHAOS6_BG.PVM,ecsc_s_cla,
SATranslation/system/CHAOS6_BG.PVM,ecsc_s_clb,
SATranslation/system/CHAOS6_BG.PVM,ecsc_s_clc,
SATranslation/system/CHAOS6_EFFECT.PVM,c6_ht01,
SATranslation/system/CHAOS6_EFFECT.PVM,c6_ht02,
SATranslation/system/CHAOS6_EFFECT.PVM,c6_ht03,
SATranslation/system/CHAOS6_EFFECT.PVM,c6_ht04,
SATranslation/system/CHAOS6_EFFECT.PVM,c6_ht05,
SATranslation/system/CHAOS6_EFFECT.PVM,c6_ht06,
SATranslation/system/CHAOS6_EFFECT.PVM,c6_ht07,
SATranslation/system/CHAOS6_EFFECT.PVM,c6_ht08,
SATranslation/system/CHAOS6_EFFECT.PVM,c6_ht09,
SATranslation/system/CHAOS6_EFFECT.PVM,c6_ht10,
SATranslation/system/CHAOS6_EFFECT.PVM,c6_ht11,
SATranslation/system/CHAOS6_EFFECT.PVM,c6_ht12,
SATranslation/system/CHAOS6_EFFECT.PVM,c6_ht13,
SATranslation/system/CHAOS6_EFFECT.PVM,c6_ht14,
SATranslation/system/CHAOS6_EFFECT.PVM,c6_ht15,
SATranslation/system/CHAOS6_EFFECT.PVM,c6_ht16,
SATranslation/system/CHAOS6_EFFECT.PVM,c6_frost,
SATranslation/system/CHAOS6_EFFECT.PVM,c6_tail,
SATranslation/system/CHAOS6_EFFECT.PVM,c6_shock01,
SATranslation/system/CHAOS6_EFFECT.PVM,c6_shock02,
SATranslation/system/CHAOS6_EFFECT.PVM,c_defens01,
SATranslation/system/CHAOS6_EFFECT.PVM,c_defens02,
SATranslation/system/CHAOS6_EFFECT.PVM,c_defens03,
SATranslation/system/CHAOS6_EFFECT.PVM,c_defens04,
SATranslation/system/CHAOS6_EFFECT.PVM,c_defens05,
SATranslation/system/CHAOS6_EFFECT.PVM,c_defens06,
SATranslation/system/CHAOS6_EFFECT.PVM,c_defens07,
SATranslation/system/CHAOS6_EFFECT.PVM,c_defens08,
SATranslation/system/CHAOS6_EFFECT.PVM,c_defens09,
SATranslation/system/CHAOS6_EFFECT.PVM,c_defens10,
SATranslation/system/CHAOS6_EFFECT.PVM,c_defens11,
SATranslation/system/CHAOS6_EFFECT.PVM,c_defens12,
SATranslation/system/CHAOS6_EGGMAN.PVM,e_fuku03,
SATranslation/system/CHAOS6_EGGMAN.PVM,e_fuku02,
SATranslation/system/CHAOS6_EGGMAN.PVM,e_koshi01,
SATranslation/system/CHAOS6_EGGMAN.PVM,kan_g,DE
SATranslation/system/CHAOS6_EGGMAN.PVM,kan_m,
SATranslation/system/CHAOS6_EGGMAN.PVM,e_hige,
SATranslation/system/CHAOS6_EGGMAN.PVM,e_fuku04,
SATranslation/system/CHAOS6_EGGMAN.PVM,e_fuku01,
SATranslation/system/CHAOS6_EGGMAN.PVM,e_te01,
SATranslation/system/CHAOS6_EGGMAN.PVM,s_hando2,
SATranslation/system/CHAOS6_EGGMAN.PVM,blackm2,
SATranslation/system/CHAOS6_EGGMAN.PVM,whit_s,ES
SATranslation/system/CHAOS6_EGGMAN.PVM,eg_rbrack,
SATranslation/system/CHAOS6_EGGMAN.PVM,eg_seet01,
SATranslation/system/CHAOS6_EGGMAN.PVM,eg_b03,
SATranslation/system/CHAOS6_EGGMAN.PVM,eg_b033,
SATranslation/system/CHAOS6_EGGMAN.PVM,eg_waku01,
SATranslation/system/CHAOS6_EGGMAN.PVM,console2,
SATranslation/system/CHAOS6_EGGMAN.PVM,sno_ref11,
SATranslation/system/CHAOS6_EGGMAN.PVM,egm_r01,
SATranslation/system/CHAOS6_EGGMAN.PVM,sor_whit,
SATranslation/system/CHAOS6_EGGMAN.PVM,snolight,
SATranslation/system/CHAOS6_EGGMAN.PVM,egm_b02,
SATranslation/system/CHAOS6_EGGMAN.PVM,egm_m01,
SATranslation/system/CHAOS6_EGGMAN.PVM,eg_b02,
SATranslation/system/CHAOS6_EGGMAN.PVM,orenge,
SATranslation/system/CHAOS6_EGGMAN.PVM,eg_b01,
SATranslation/system/CHAOS6_EISEI.PVM,eisei_9,
SATranslation/system/CHAOS6_EISEI.PVM,eisei_6,
SATranslation/system/CHAOS6_EISEI.PVM,eisei_2,
SATranslation/system/CHAOS6_EISEI.PVM,eisei_4,
SATranslation/system/CHAOS6_EISEI.PVM,eisei_1,
SATranslation/system/CHAOS6_EISEI.PVM,eisei_8,
SATranslation/system/CHAOS6_EISEI.PVM,eisei_3,
SATranslation/system/CHAOS6_EISEI.PVM,eisei_7,
SATranslation/system/CHAOS6_EISEI.PVM,eisei_5,
SATranslation/system/CHAOS6_OBJECT.PVM,ktored08,
SATranslation/system/CHAOS6_OBJECT.PVM,ktorange08,
SATranslation/system/CHAOS6_OBJECT.PVM,eisei_9,
SATranslation/system/CHAOS6_OBJECT.PVM,eisei_6,
SATranslation/system/CHAOS6_OBJECT.PVM,eisei_2,
SATranslation/system/CHAOS6_OBJECT.PVM,eisei_4,
SATranslation/system/CHAOS6_OBJECT.PVM,eisei_1,
SATranslation/system/CHAOS6_OBJECT.PVM,eisei_8,
SATranslation/system/CHAOS6_OBJECT.PVM,eisei_3,
SATranslation/system/CHAOS6_OBJECT.PVM,eisei_7,
SATranslation/system/CHAOS6_OBJECT.PVM,eisei_5,
SATranslation/system/CHAOS7_0.PVM,c7_eye,
SATranslation/system/CHAOS7_0.PVM,c2tx_brain,
SATranslation/system/CHAOS7_0.PVM,c7_umibody_0,
SATranslation/system/CHAOS7_0.PVM,c7mizu_0,
SATranslation/system/CHAOS7_0.PVM,hire_0,
SATranslation/system/CHAOS7_0.PVM,hire_1,
SATranslation/system/CHAOS7_0.PVM,koimizu_0,
SATranslation/system/CHAOS7_0.PVM,koimizu_1,
SATranslation/system/CHAOS7_0.PVM,koimizu_2,
SATranslation/system/CHAOS7_0.PVM,mizu_nagare_0,
SATranslation/system/CHAOS7_0.PVM,nagare_0,
SATranslation/system/CHAOS7_0.PVM,tatumaki_0,
SATranslation/system/CHAOS7_0.PVM,tatumaki_1,
SATranslation/system/CHAOS7_0.PVM,tatumaki_2,
SATranslation/system/CHAOS7_0.PVM,yari,
SATranslation/system/CHAOS7_0.PVM,c7_tatsu01,
SATranslation/system/CHAOS7_0.PVM,c7_tatsu02,
SATranslation/system/CHAOS7_0.PVM,c7_tatsu03,
SATranslation/system/CHAOS7_0.PVM,c7_tatsu04,
SATranslation/system/CHAOS7_0.PVM,c7_tatsuat01,
SATranslation/system/CHAOS7_0.PVM,c7_tatsuat02,
SATranslation/system/CHAOS7_0.PVM,c7_tatsuat04,
SATranslation/system/CHAOS7_0.PVM,c7_tatsuat05,
SATranslation/system/CHAOS7_0BREATH.PVM,c7_breath,
SATranslation/system/CHAOS7_0BREATH.PVM,c7_bray01,
SATranslation/system/CHAOS7_0BREATH.PVM,c7_bray02,
SATranslation/system/CHAOS7_0BREATH.PVM,c7_bray03,
SATranslation/system/CHAOS7_0BREATH.PVM,c7_bray04,
SATranslation/system/CHAOS7_0BREATH.PVM,c7_breathtop01,
SATranslation/system/CHAOS7_0BREATH.PVM,c7_breathtop02,
SATranslation/system/CHAOS7_0BREATH.PVM,c7_breathtop03,
SATranslation/system/CHAOS7_0BREATH.PVM,c7_breathtop04,
SATranslation/system/CHAOS7_0BREATH.PVM,c_attack_b01,
SATranslation/system/CHAOS7_0BREATH.PVM,c_attack_b02,
SATranslation/system/CHAOS7_0BREATH.PVM,c_attack_b03,
SATranslation/system/CHAOS7_0BREATH.PVM,c_attack_b04,
SATranslation/system/CHAOS7_0BREATH.PVM,c_attack_b05,
SATranslation/system/CHAOS7_0BREATH.PVM,c_attack_b06,
SATranslation/system/CHAOS7_0BREATH.PVM,c_attack_b07,
SATranslation/system/CHAOS7_0BREATH.PVM,c_attack_b08,
SATranslation/system/CHAOS7_0BREATH.PVM,c_attack_b09,
SATranslation/system/CHAOS7_0BREATH.PVM,c_attack_b10,
SATranslation/system/CHAOS7_0BREATH.PVM,c7_bripple01,
SATranslation/system/CHAOS7_0BREATH.PVM,c7_bripple02,
SATranslation/system/CHAOS7_0BREATH.PVM,c7_bripple03,
SATranslation/system/CHAOS7_0BREATH.PVM,c7_bripple04,
SATranslation/system/CHAOS7_0BREATH.PVM,c7_bripple05,
SATranslation/system/CHAOS7_0BREATH.PVM,c7_bripple06,
SATranslation/system/CHAOS7_0BREATH.PVM,c7_bripple07,
SATranslation/system/CHAOS7_0BREATH.PVM,c7_bripple08,
SATranslation/system/CHAOS7_0BREATH.PVM,c7_bripple09,
SATranslation/system/CHAOS7_0BREATH.PVM,c7_bripple10,
SATranslation/system/CHAOS7_0BREATH.PVM,c7_bripple11,
SATranslation/system/CHAOS7_0BREATH.PVM,c7_bripple12,
SATranslation/system/CHAOS7_0BREATH.PVM,c7_bripple13,
SATranslation/system/CHAOS7_0BREATH.PVM,c7_bripple14,
SATranslation/system/CHAOS7_0BREATH.PVM,c7_bripple15,
SATranslation/system/CHAOS7_0BREATH.PVM,c7_bripple16,
SATranslation/system/CHAOS7_0BREATH.PVM,c7_breathflash01,
SATranslation/system/CHAOS7_0BREATH.PVM,c7_breathflash02,
SATranslation/system/CHAOS7_0BREATH.PVM,c7_breathflash03,
SATranslation/system/CHAOS7_0BREATH.PVM,c7_breathflash04,
SATranslation/system/CHAOS7_0BREATH.PVM,c7_breathflash05,
SATranslation/system/CHAOS7_0BREATH.PVM,c7_breathflash06,
SATranslation/system/CHAOS7_0BREATH.PVM,c7_breathflash07,
SATranslation/system/CHAOS7_0BREATH.PVM,c7_breathflash08,
SATranslation/system/CHAOS7_0BREATH.PVM,c7_breathflash09,
SATranslation/system/CHAOS7_0BREATH.PVM,c7_breathflash10,
SATranslation/system/CHAOS7_0BREATH.PVM,c7_breathflash11,
SATranslation/system/CHAOS7_0BREATH.PVM,c7_breathflash12,
SATranslation/system/CHAOS7_0BREATH.PVM,c7_breathflash13,
SATranslation/system/CHAOS7_0BREATH.PVM,c7_breathflash14,
SATranslation/system/CHAOS7_0BREATH.PVM,c7_breathflash15,
SATranslation/system/CHAOS7_0BREATH.PVM,c7_breathflash16,
SATranslation/system/CHAOS7_0BREATH.PVM,c7_ya01,
SATranslation/system/CHAOS7_0BREATH.PVM,c7_ya02,
SATranslation/system/CHAOS7_0BREATH.PVM,c7_ya03,
SATranslation/system/CHAOS7_0BREATH.PVM,c7_ya04,
SATranslation/system/CHAOS7_0BREATH.PVM,c7_breathflash,
SATranslation/system/CHAOS7_0BREATH2ND.PVM,c72_breath,
SATranslation/system/CHAOS7_0BREATH2ND.PVM,c72_bray01,
SATranslation/system/CHAOS7_0BREATH2ND.PVM,c72_bray02,
SATranslation/system/CHAOS7_0BREATH2ND.PVM,c72_bray03,
SATranslation/system/CHAOS7_0BREATH2ND.PVM,c72_bray04,
SATranslation/system/CHAOS7_0BREATH2ND.PVM,c72_breathtop01,
SATranslation/system/CHAOS7_0BREATH2ND.PVM,c72_breathtop02,
SATranslation/system/CHAOS7_0BREATH2ND.PVM,c72_breathtop03,
SATranslation/system/CHAOS7_0BREATH2ND.PVM,c72_breathtop04,
SATranslation/system/CHAOS7_0BREATH2ND.PVM,c_attack_b01,
SATranslation/system/CHAOS7_0BREATH2ND.PVM,c_attack_b02,
SATranslation/system/CHAOS7_0BREATH2ND.PVM,c_attack_b03,
SATranslation/system/CHAOS7_0BREATH2ND.PVM,c_attack_b04,
SATranslation/system/CHAOS7_0BREATH2ND.PVM,c_attack_b05,
SATranslation/system/CHAOS7_0BREATH2ND.PVM,c_attack_b06,
SATranslation/system/CHAOS7_0BREATH2ND.PVM,c_attack_b07,
SATranslation/system/CHAOS7_0BREATH2ND.PVM,c_attack_b08,
SATranslation/system/CHAOS7_0BREATH2ND.PVM,c_attack_b09,
SATranslation/system/CHAOS7_0BREATH2ND.PVM,c_attack_b10,
SATranslation/system/CHAOS7_0BREATH2ND.PVM,c7_bripple01,
SATranslation/system/CHAOS7_0BREATH2ND.PVM,c7_bripple02,
SATranslation/system/CHAOS7_0BREATH2ND.PVM,c7_bripple03,
SATranslation/system/CHAOS7_0BREATH2ND.PVM,c7_bripple04,
SATranslation/system/CHAOS7_0BREATH2ND.PVM,c7_bripple05,
SATranslation/system/CHAOS7_0BREATH2ND.PVM,c7_bripple06,
SATranslation/system/CHAOS7_0BREATH2ND.PVM,c7_bripple07,
SATranslation/system/CHAOS7_0BREATH2ND.PVM,c7_bripple08,
SATranslation/system/CHAOS7_0BREATH2ND.PVM,c7_bripple09,
SATranslation/system/CHAOS7_0BREATH2ND.PVM,c7_bripple10,
SATranslation/system/CHAOS7_0BREATH2ND.PVM,c7_bripple11,
SATranslation/system/CHAOS7_0BREATH2ND.PVM,c7_bripple12,
SATranslation/system/CHAOS7_0BREATH2ND.PVM,c7_bripple13,
SATranslation/system/CHAOS7_0BREATH2ND.PVM,c7_bripple14,
SATranslation/system/CHAOS7_0BREATH2ND.PVM,c7_bripple15,
SATranslation/system/CHAOS7_0BREATH2ND.PVM,c7_bripple16,
SATranslation/system/CHAOS7_0BREATH2ND.PVM,c7_breathflash01,
SATranslation/system/CHAOS7_0BREATH2ND.PVM,c7_breathflash02,
SATranslation/system/CHAOS7_0BREATH2ND.PVM,c7_breathflash03,
SATranslation/system/CHAOS7_0BREATH2ND.PVM,c7_breathflash04,
SATranslation/system/CHAOS7_0BREATH2ND.PVM,c7_breathflash05,
SATranslation/system/CHAOS7_0BREATH2ND.PVM,c7_breathflash06,
SATranslation/system/CHAOS7_0BREATH2ND.PVM,c7_breathflash07,
SATranslation/system/CHAOS7_0BREATH2ND.PVM,c7_breathflash08,
SATranslation/system/CHAOS7_0BREATH2ND.PVM,c7_breathflash09,
SATranslation/system/CHAOS7_0BREATH2ND.PVM,c7_breathflash10,
SATranslation/system/CHAOS7_0BREATH2ND.PVM,c7_breathflash11,
SATranslation/system/CHAOS7_0BREATH2ND.PVM,c7_breathflash12,
SATranslation/system/CHAOS7_0BREATH2ND.PVM,c7_breathflash13,
SATranslation/system/CHAOS7_0BREATH2ND.PVM,c7_breathflash14,
SATranslation/system/CHAOS7_0BREATH2ND.PVM,c7_breathflash15,
SATranslation/system/CHAOS7_0BREATH2ND.PVM,c7_breathflash16,
SATranslation/system/CHAOS7_0BREATH2ND.PVM,c72_ya01,
SATranslation/system/CHAOS7_0BREATH2ND.PVM,c72_ya02,
SATranslation/system/CHAOS7_0BREATH2ND.PVM,c72_ya03,
SATranslation/system/CHAOS7_0BREATH2ND.PVM,c72_ya04,
SATranslation/system/CHAOS7_0BREATH2ND.PVM,c72_breathflash,
SATranslation/system/CHAOS7_0DAMAGE.PVM,c7_damage01,
SATranslation/system/CHAOS7_0DAMAGE.PVM,c7_damage02,
SATranslation/system/CHAOS7_0DAMAGE.PVM,c7_damage03,
SATranslation/system/CHAOS7_0DAMAGE.PVM,c7_damage04,
SATranslation/system/CHAOS7_0DAMAGE.PVM,c7_damage05,
SATranslation/system/CHAOS7_0DAMAGE.PVM,c7_damage06,
SATranslation/system/CHAOS7_0DAMAGE.PVM,c7_damage07,
SATranslation/system/CHAOS7_0DAMAGE.PVM,c7_damage08,
SATranslation/system/CHAOS7_0DAMAGE.PVM,c7_damage09,
SATranslation/system/CHAOS7_0DAMAGE.PVM,c7_damage10,
SATranslation/system/CHAOS7_0DAMAGE.PVM,c7_damage11,
SATranslation/system/CHAOS7_0DAMAGE.PVM,c7_damage12,
SATranslation/system/CHAOS7_0DAMAGE.PVM,c7_damage13,
SATranslation/system/CHAOS7_0DAMAGE.PVM,c7_damage14,
SATranslation/system/CHAOS7_0DAMAGE.PVM,c7_damage15,
SATranslation/system/CHAOS7_0DAMAGE.PVM,c7_damage16,
SATranslation/system/CHAOS7_0DAMAGE.PVM,c7_sdamage01,
SATranslation/system/CHAOS7_0DAMAGE.PVM,c7_sdamage02,
SATranslation/system/CHAOS7_0DAMAGE.PVM,c7_sdamage03,
SATranslation/system/CHAOS7_0DAMAGE.PVM,c7_sdamage04,
SATranslation/system/CHAOS7_0DAMAGE.PVM,c7_sdamage05,
SATranslation/system/CHAOS7_0DAMAGE.PVM,c7_sdamage06,
SATranslation/system/CHAOS7_0DAMAGE.PVM,c7_sdamage07,
SATranslation/system/CHAOS7_0DAMAGE.PVM,c7_sdamage08,
SATranslation/system/CHAOS7_0DAMAGE.PVM,c7_mist01,
SATranslation/system/CHAOS7_0DAMAGE.PVM,c7_mist02,
SATranslation/system/CHAOS7_0DAMAGE.PVM,c7_mist03,
SATranslation/system/CHAOS7_0DEAD_PTCHG.PVM,c7_1dead01,
SATranslation/system/CHAOS7_0DEAD_PTCHG.PVM,c7_1dead02,
SATranslation/system/CHAOS7_0DEAD_PTCHG.PVM,c7_1dead03,
SATranslation/system/CHAOS7_0DEAD_PTCHG.PVM,c7_1dead04,
SATranslation/system/CHAOS7_0DEAD_PTCHG.PVM,c7_1dead05,
SATranslation/system/CHAOS7_0DEAD_PTCHG.PVM,c7_1dead06,
SATranslation/system/CHAOS7_0DEAD_PTCHG.PVM,c7_1dead07,
SATranslation/system/CHAOS7_0DEAD_PTCHG.PVM,c7_1dead08,
SATranslation/system/CHAOS7_0DEAD_PTCHG.PVM,c7_2dead01,
SATranslation/system/CHAOS7_0DEAD_PTCHG.PVM,c7_2dead02,
SATranslation/system/CHAOS7_0DEAD_PTCHG.PVM,c7_2dead03,
SATranslation/system/CHAOS7_0DEAD_PTCHG.PVM,c7_2dead04,
SATranslation/system/CHAOS7_0DEAD_PTCHG.PVM,c7_2dead05,
SATranslation/system/CHAOS7_0DEAD_PTCHG.PVM,c7_2dead06,
SATranslation/system/CHAOS7_0DEAD_PTCHG.PVM,c7_2dead07,
SATranslation/system/CHAOS7_0DEAD_PTCHG.PVM,c7_2dead08,
SATranslation/system/CHAOS7_0DEAD_PTCHG.PVM,c7_3dead01,
SATranslation/system/CHAOS7_0DEAD_PTCHG.PVM,c7_3dead02,
SATranslation/system/CHAOS7_0DEAD_PTCHG.PVM,c7_3dead03,
SATranslation/system/CHAOS7_0DEAD_PTCHG.PVM,c7_3dead04,
SATranslation/system/CHAOS7_0DEAD_PTCHG.PVM,c7_3dead05,
SATranslation/system/CHAOS7_0DEAD_PTCHG.PVM,c7_3dead06,
SATranslation/system/CHAOS7_0DEAD_PTCHG.PVM,c7_3dead07,
SATranslation/system/CHAOS7_0DEAD_PTCHG.PVM,c7_3dead08,
SATranslation/system/CHAOS7_0SURFACE.PVM,c7mizu_0,
SATranslation/system/CHAOS7_0SURFACE.PVM,c7mizu_1,
SATranslation/system/CHAOS7_0SURFACE.PVM,c7mizu_2,
SATranslation/system/CHAOS7_0SURFACE.PVM,c7mizu_3,
SATranslation/system/CHAOS7_0SURFACE.PVM,c7_umibody_0,
SATranslation/system/CHAOS7_0SURFACE.PVM,c7_umibody_1,
SATranslation/system/CHAOS7_0SURFACE.PVM,c7_umibody_2,
SATranslation/system/CHAOS7_0SURFACE.PVM,c7_umibody_3,
SATranslation/system/CHAOS7_0SURFACE.PVM,mizu_nagare_0,
SATranslation/system/CHAOS7_0SURFACE.PVM,mizu_nagare_1,
SATranslation/system/CHAOS7_0SURFACE.PVM,mizu_nagare_2,
SATranslation/system/CHAOS7_0SURFACE.PVM,mizu_nagare_3,
SATranslation/system/CHAOS7_0SURFACE.PVM,nagare_0,
SATranslation/system/CHAOS7_0SURFACE.PVM,nagare_1,
SATranslation/system/CHAOS7_0SURFACE.PVM,nagare_2,
SATranslation/system/CHAOS7_0SURFACE.PVM,nagare_3,
SATranslation/system/CHAOS7_0WATEREXP.PVM,c7_watercolumn01,
SATranslation/system/CHAOS7_0WATEREXP.PVM,c7_waterexplode01,
SATranslation/system/CHAOS7_0WATEREXP.PVM,c7_waterexplode02,
SATranslation/system/CHAOS7_0WEXP_PTCHG.PVM,c7_watercolumn01,
SATranslation/system/CHAOS7_0WEXP_PTCHG.PVM,c7_watercolumn02,
SATranslation/system/CHAOS7_0WEXP_PTCHG.PVM,c7_watercolumn03,
SATranslation/system/CHAOS7_0WEXP_PTCHG.PVM,c7_watercolumn04,
SATranslation/system/CHAOS7_0WEXP_PTCHG.PVM,c7_watercolumn05,
SATranslation/system/CHAOS7_0WEXP_PTCHG.PVM,c7_flash01,
SATranslation/system/CHAOS7_0WEXP_PTCHG.PVM,c7_flash02,
SATranslation/system/CHAOS7_0WEXP_PTCHG.PVM,c7_flash03,
SATranslation/system/CHAOS7_0WEXP_PTCHG.PVM,c7_flash04,
SATranslation/system/CHAOS7_0WEXP_PTCHG.PVM,c7_flash05,
SATranslation/system/CHAOS7_0WEXP_PTCHG.PVM,c7_flash06,
SATranslation/system/CHAOS7_0WEXP_PTCHG.PVM,c7_flash07,
SATranslation/system/CHAOS7_0WEXP_PTCHG.PVM,c7_flash08,
SATranslation/system/CHAOS_BRAINFRAME.PVM,c2_brain01,
SATranslation/system/CHAOS_BRAINFRAME.PVM,c2_brain02,
SATranslation/system/CHAOS_BRAINFRAME.PVM,c2_brain03,
SATranslation/system/CHAOS_BRAINFRAME.PVM,c2_brain04,
SATranslation/system/CHAOS_BRAINFRAME.PVM,c2_brain05,
SATranslation/system/CHAOS_BRAINFRAME.PVM,c2_brain06,
SATranslation/system/CHAOS_BRAINFRAME.PVM,c2_brain07,
SATranslation/system/CHAOS_BRAINFRAME.PVM,c2_brain08,
SATranslation/system/CHAOS_BRAINFRAME.PVM,c2_brain09,
SATranslation/system/CHAOS_BRAINFRAME.PVM,c2_brain10,
SATranslation/system/CHAOS_BRAINFRAME.PVM,c2_brain11,
SATranslation/system/CHAOS_BRAINFRAME.PVM,c2_brain12,
SATranslation/system/CHAOS_BRAINFRAME.PVM,c2_brain13,
SATranslation/system/CHAOS_BRAINFRAME.PVM,c2_brain14,
SATranslation/system/CHAOS_BRAINFRAME.PVM,c2_brain15,
SATranslation/system/CHAOS_BRAINFRAME.PVM,c2_brain16,
SATranslation/system/CHAOS_EFFECT.PVM,c_attack_a01,
SATranslation/system/CHAOS_EFFECT.PVM,c_attack_a02,
SATranslation/system/CHAOS_EFFECT.PVM,c_attack_a03,
SATranslation/system/CHAOS_EFFECT.PVM,c_attack_a04,
SATranslation/system/CHAOS_EFFECT.PVM,c_attack_a05,
SATranslation/system/CHAOS_EFFECT.PVM,c_attack_a06,
SATranslation/system/CHAOS_EFFECT.PVM,c_attack_a07,
SATranslation/system/CHAOS_EFFECT.PVM,c_attack_a08,
SATranslation/system/CHAOS_EFFECT.PVM,c_attack_a09,
SATranslation/system/CHAOS_EFFECT.PVM,c_attack_a10,
SATranslation/system/CHAOS_EFFECT.PVM,c_attack_a11,
SATranslation/system/CHAOS_EFFECT.PVM,c_attack_a12,
SATranslation/system/CHAOS_EFFECT.PVM,c_attack_a13,
SATranslation/system/CHAOS_EFFECT.PVM,c_attack_a14,
SATranslation/system/CHAOS_EFFECT.PVM,c_attack_a15,
SATranslation/system/CHAOS_EFFECT.PVM,c_attack_b01,
SATranslation/system/CHAOS_EFFECT.PVM,c_attack_b02,
SATranslation/system/CHAOS_EFFECT.PVM,c_attack_b03,
SATranslation/system/CHAOS_EFFECT.PVM,c_attack_b04,
SATranslation/system/CHAOS_EFFECT.PVM,c_attack_b05,
SATranslation/system/CHAOS_EFFECT.PVM,c_attack_b06,
SATranslation/system/CHAOS_EFFECT.PVM,c_attack_b07,
SATranslation/system/CHAOS_EFFECT.PVM,c_attack_b08,
SATranslation/system/CHAOS_EFFECT.PVM,c_attack_b09,
SATranslation/system/CHAOS_EFFECT.PVM,c_attack_b10,
SATranslation/system/CHAOS_EFFECT.PVM,c_dot,
SATranslation/system/CHAOS_EFFECT.PVM,c_drop,
SATranslation/system/CHAOS_EFFECT.PVM,c_ato,
SATranslation/system/CHAOS_EFFECT.PVM,drop,
SATranslation/system/CHAOS_EMERALD.PVM,chaoseme_p01,
SATranslation/system/CHAOS_EMERALD.PVM,chaoseme_p02,
SATranslation/system/CHAOS_EMERALD.PVM,chaoseme_p03,
SATranslation/system/CHAOS_EMERALD.PVM,chaoseme_b01,
SATranslation/system/CHAOS_EMERALD.PVM,chaoseme_b02,
SATranslation/system/CHAOS_EMERALD.PVM,chaoseme_b03,
SATranslation/system/CHAOS_EMERALD.PVM,chaoseme_w01,
SATranslation/system/CHAOS_EMERALD.PVM,chaoseme_w02,
SATranslation/system/CHAOS_EMERALD.PVM,chaoseme_w03,
SATranslation/system/CHAOS_EMERALD.PVM,chaoseme_g01,
SATranslation/system/CHAOS_EMERALD.PVM,chaoseme_g02,
SATranslation/system/CHAOS_EMERALD.PVM,chaoseme_g03,
SATranslation/system/CHAOS_EMERALD.PVM,chaoseme_lb01,
SATranslation/system/CHAOS_EMERALD.PVM,chaoseme_lb02,
SATranslation/system/CHAOS_EMERALD.PVM,chaoseme_lb03,
SATranslation/system/CHAOS_EMERALD.PVM,chaoseme_y01,
SATranslation/system/CHAOS_EMERALD.PVM,chaoseme_y02,
SATranslation/system/CHAOS_EMERALD.PVM,chaoseme_y03,
SATranslation/system/CHAOS_EMERALD.PVM,chaoseme_r01,
SATranslation/system/CHAOS_EMERALD.PVM,chaoseme_r02,
SATranslation/system/CHAOS_EMERALD.PVM,chaoseme_r03,
SATranslation/system/CHAOS_LIFEGAUGE.PVM,target_hpbar,
SATranslation/system/CHAOS_LIFEGAUGE.PVM,target_hp,
SATranslation/system/CHAOS_SURFACE.PVM,c2tx_mizu0,
SATranslation/system/CHAOS_SURFACE.PVM,c2tx_mizu1,
SATranslation/system/CHAOS_SURFACE.PVM,c2tx_mizu2,
SATranslation/system/CHAOS_SURFACE.PVM,c2tx_mizu3,
SATranslation/system/CHAOS_SURFACE.PVM,c2tx_mizu4,
SATranslation/system/CHAOS_SURFACE.PVM,c2tx_mizu5,
SATranslation/system/COERA.PVM,f_sira03,
SATranslation/system/COERA.PVM,f_sira04,
SATranslation/system/COERA.PVM,f_sira01,
SATranslation/system/COERA.PVM,f_sira02,
SATranslation/system/COERA.PVM,f_tai05,
SATranslation/system/COERA.PVM,f_sira07,
SATranslation/system/COERA.PVM,f_sira05,
SATranslation/system/COERA.PVM,f_sira06,
SATranslation/system/CON_REGULAR.PVM,snum_0,
SATranslation/system/CON_REGULAR.PVM,snum_1,
SATranslation/system/CON_REGULAR.PVM,snum_2,
SATranslation/system/CON_REGULAR.PVM,snum_3,
SATranslation/system/CON_REGULAR.PVM,snum_4,
SATranslation/system/CON_REGULAR.PVM,snum_5,
SATranslation/system/CON_REGULAR.PVM,snum_6,
SATranslation/system/CON_REGULAR.PVM,snum_7,
SATranslation/system/CON_REGULAR.PVM,snum_8,
SATranslation/system/CON_REGULAR.PVM,snum_9,
SATranslation/system/CON_REGULAR.PVM,snum_co,
SATranslation/system/CON_REGULAR.PVM,hyoji_head,
SATranslation/system/CON_REGULAR.PVM,hyoji_zanki_s,ES
SATranslation/system/CON_REGULAR.PVM,hyoji_zanki_s,ES
SATranslation/system/CON_REGULAR.PVM,hyoji_zanki_t,
SATranslation/system/CON_REGULAR.PVM,hyoji_zanki_k,
SATranslation/system/CON_REGULAR.PVM,hyoji_zanki_s,ES
SATranslation/system/CON_REGULAR.PVM,hyoji_zanki_a,
SATranslation/system/CON_REGULAR.PVM,hyoji_zanki_e,EN
SATranslation/system/CON_REGULAR.PVM,hyoji_zankib,
SATranslation/system/CON_REGULAR.PVM,level_s,ES
SATranslation/system/CON_REGULAR.PVM,level_a,
SATranslation/system/CON_REGULAR.PVM,level_b,
SATranslation/system/CON_REGULAR.PVM,level_c,
SATranslation/system/CON_REGULAR.PVM,digit0,
SATranslation/system/CON_REGULAR.PVM,digit1,
SATranslation/system/CON_REGULAR.PVM,digit2,
SATranslation/system/CON_REGULAR.PVM,digit3,
SATranslation/system/CON_REGULAR.PVM,digit4,
SATranslation/system/CON_REGULAR.PVM,digit5,
SATranslation/system/CON_REGULAR.PVM,digit6,
SATranslation/system/CON_REGULAR.PVM,digit7,
SATranslation/system/CON_REGULAR.PVM,digit8,
SATranslation/system/CON_REGULAR.PVM,digit9,
SATranslation/system/CON_REGULAR.PVM,colon,
SATranslation/system/CON_REGULAR.PVM,nbutton_ita,
SATranslation/system/CON_REGULAR.PVM,nbutton_kage,
SATranslation/system/CON_REGULAR.PVM,nbutton_waku,
SATranslation/system/CON_REGULAR.PVM,npa_m_adventure,
SATranslation/system/CON_REGULAR.PVM,npa_restart,
SATranslation/system/CON_REGULAR.PVM,npa_saikai,
SATranslation/system/CON_REGULAR.PVM,npa_stop,
SATranslation/system/CON_REGULAR.PVM,nss_b_kado,
SATranslation/system/CON_REGULAR.PVM,nss_b_naka,
SATranslation/system/CON_REGULAR.PVM,kado_shado,
SATranslation/system/CON_REGULAR.PVM,yoko_shado,
SATranslation/system/CON_REGULAR.PVM,npa_autocam,
SATranslation/system/CON_REGULAR.PVM,npa_freecam,
SATranslation/system/CON_REGULAR.PVM,npa_map,
SATranslation/system/CON_REGULAR.PVM,npa_mission,
SATranslation/system/CON_REGULAR.PVM,npa_m_trial,
SATranslation/system/CON_REGULAR.PVM,npa_m_mission,
SATranslation/system/CON_REGULAR.PVM,p_set_00,
SATranslation/system/CON_REGULAR.PVM,p_set_01,
SATranslation/system/CON_REGULAR.PVM,p_set_02,
SATranslation/system/CON_REGULAR.PVM,p_set_03,
SATranslation/system/CON_REGULAR.PVM,p_set_04,
SATranslation/system/CON_REGULAR.PVM,p_set_05,
SATranslation/system/CON_REGULAR.PVM,p_set_06,
SATranslation/system/CON_REGULAR.PVM,s_menu_pset,
SATranslation/system/CON_REGULAR.PVM,p_set_07,
SATranslation/system/CON_REGULAR.PVM,npa_hosei,
SATranslation/system/CON_REGULAR.PVM,0,
SATranslation/system/CON_REGULAR.PVM,1,
SATranslation/system/CON_REGULAR.PVM,2,
SATranslation/system/CON_REGULAR.PVM,3,
SATranslation/system/CON_REGULAR.PVM,4,
SATranslation/system/CON_REGULAR.PVM,5,
SATranslation/system/CON_REGULAR.PVM,6,
SATranslation/system/CON_REGULAR.PVM,7,
SATranslation/system/CON_REGULAR.PVM,8,
SATranslation/system/CON_REGULAR.PVM,9,
SATranslation/system/CON_REGULAR.PVM,metal_zanki,
SATranslation/system/CON_REGULAR.PVM,surasura,
SATranslation/system/CON_REGULAR_E.PVM,snum_0,
SATranslation/system/CON_REGULAR_E.PVM,snum_1,
SATranslation/system/CON_REGULAR_E.PVM,snum_2,
SATranslation/system/CON_REGULAR_E.PVM,snum_3,
SATranslation/system/CON_REGULAR_E.PVM,snum_4,
SATranslation/system/CON_REGULAR_E.PVM,snum_5,
SATranslation/system/CON_REGULAR_E.PVM,snum_6,
SATranslation/system/CON_REGULAR_E.PVM,snum_7,
SATranslation/system/CON_REGULAR_E.PVM,snum_8,
SATranslation/system/CON_REGULAR_E.PVM,snum_9,
SATranslation/system/CON_REGULAR_E.PVM,snum_co,
SATranslation/system/CON_REGULAR_E.PVM,hyoji_head,
SATranslation/system/CON_REGULAR_E.PVM,hyoji_zanki_s,ES
SATranslation/system/CON_REGULAR_E.PVM,hyoji_zanki_s,ES
SATranslation/system/CON_REGULAR_E.PVM,hyoji_zanki_t,
SATranslation/system/CON_REGULAR_E.PVM,hyoji_zanki_k,
SATranslation/system/CON_REGULAR_E.PVM,hyoji_zanki_s,ES
SATranslation/system/CON_REGULAR_E.PVM,hyoji_zanki_a,
SATranslation/system/CON_REGULAR_E.PVM,hyoji_zanki_e,EN
SATranslation/system/CON_REGULAR_E.PVM,hyoji_zankib,
SATranslation/system/CON_REGULAR_E.PVM,level_s,ES
SATranslation/system/CON_REGULAR_E.PVM,level_a,
SATranslation/system/CON_REGULAR_E.PVM,level_b,
SATranslation/system/CON_REGULAR_E.PVM,level_c,
SATranslation/system/CON_REGULAR_E.PVM,digit0,
SATranslation/system/CON_REGULAR_E.PVM,digit1,
SATranslation/system/CON_REGULAR_E.PVM,digit2,
SATranslation/system/CON_REGULAR_E.PVM,digit3,
SATranslation/system/CON_REGULAR_E.PVM,digit4,
SATranslation/system/CON_REGULAR_E.PVM,digit5,
SATranslation/system/CON_REGULAR_E.PVM,digit6,
SATranslation/system/CON_REGULAR_E.PVM,digit7,
SATranslation/system/CON_REGULAR_E.PVM,digit8,
SATranslation/system/CON_REGULAR_E.PVM,digit9,
SATranslation/system/CON_REGULAR_E.PVM,colon,
SATranslation/system/CON_REGULAR_E.PVM,nbutton_ita,
SATranslation/system/CON_REGULAR_E.PVM,nbutton_kage,
SATranslation/system/CON_REGULAR_E.PVM,nbutton_waku,
SATranslation/system/CON_REGULAR_E.PVM,npa_m_adventure,
SATranslation/system/CON_REGULAR_E.PVM,npa_restart,
SATranslation/system/CON_REGULAR_E.PVM,npa_saikai,
SATranslation/system/CON_REGULAR_E.PVM,npa_stop,
SATranslation/system/CON_REGULAR_E.PVM,nss_b_kado,
SATranslation/system/CON_REGULAR_E.PVM,nss_b_naka,
SATranslation/system/CON_REGULAR_E.PVM,kado_shado,
SATranslation/system/CON_REGULAR_E.PVM,yoko_shado,
SATranslation/system/CON_REGULAR_E.PVM,npa_autocam,
SATranslation/system/CON_REGULAR_E.PVM,npa_freecam,
SATranslation/system/CON_REGULAR_E.PVM,npa_map,
SATranslation/system/CON_REGULAR_E.PVM,npa_mission,
SATranslation/system/CON_REGULAR_E.PVM,npa_m_trial,
SATranslation/system/CON_REGULAR_E.PVM,npa_m_mission,
SATranslation/system/CON_REGULAR_E.PVM,p_set_00,
SATranslation/system/CON_REGULAR_E.PVM,p_set_01,
SATranslation/system/CON_REGULAR_E.PVM,p_set_02,
SATranslation/system/CON_REGULAR_E.PVM,p_set_03,
SATranslation/system/CON_REGULAR_E.PVM,p_set_04,
SATranslation/system/CON_REGULAR_E.PVM,p_set_05,
SATranslation/system/CON_REGULAR_E.PVM,p_set_06,
SATranslation/system/CON_REGULAR_E.PVM,s_menu_pset,
SATranslation/system/CON_REGULAR_E.PVM,p_set_07,
SATranslation/system/CON_REGULAR_E.PVM,npa_hosei,
SATranslation/system/CON_REGULAR_E.PVM,0,
SATranslation/system/CON_REGULAR_E.PVM,1,
SATranslation/system/CON_REGULAR_E.PVM,2,
SATranslation/system/CON_REGULAR_E.PVM,3,
SATranslation/system/CON_REGULAR_E.PVM,4,
SATranslation/system/CON_REGULAR_E.PVM,5,
SATranslation/system/CON_REGULAR_E.PVM,6,
SATranslation/system/CON_REGULAR_E.PVM,7,
SATranslation/system/CON_REGULAR_E.PVM,8,
SATranslation/system/CON_REGULAR_E.PVM,9,
SATranslation/system/CON_REGULAR_E.PVM,metal_zanki,
SATranslation/system/CON_REGULAR_E.PVM,surasura,
SATranslation/system/CREAM.PVM,cream_t128,
SATranslation/system/E101.PVM,etx_bluck1,
SATranslation/system/E101.PVM,etx_yline,
SATranslation/system/E101.PVM,etx_red7,
SATranslation/system/E101.PVM,etx_right,
SATranslation/system/E101.PVM,etx_right1,
SATranslation/system/E101.PVM,etx_right3,
SATranslation/system/E101.PVM,etx_se,
SATranslation/system/E101.PVM,etx_te1,
SATranslation/system/E101.PVM,etx_metal2,
SATranslation/system/E101.PVM,etx_tiya,
SATranslation/system/E101.PVM,etx_yellow0,
SATranslation/system/E101.PVM,etx_yellow1,
SATranslation/system/E101.PVM,etx_yellow2,
SATranslation/system/E101.PVM,etx_asi2,
SATranslation/system/E101.PVM,etx_bline,
SATranslation/system/E101.PVM,etx_pype1,
SATranslation/system/E101.PVM,etx_enn1,
SATranslation/system/E101.PVM,etx_enn2,
SATranslation/system/E101.PVM,etx_eyes,
SATranslation/system/E101.PVM,etx_green,
SATranslation/system/E101.PVM,etx_guno,
SATranslation/system/E101.PVM,etx_kosi0,
SATranslation/system/E101.PVM,etx_line1,
SATranslation/system/E101.PVM,03tx_gun_usi,
SATranslation/system/E101.PVM,03tx_gun_yoko2,
SATranslation/system/E101.PVM,e101_b2,
SATranslation/system/E101.PVM,01tx_gun_ue,
SATranslation/system/E101.PVM,01tx_gun_yoko,
SATranslation/system/E101.PVM,e101_101,
SATranslation/system/E101.PVM,e101_asi1,
SATranslation/system/E101.PVM,01tx_gun_mae,
SATranslation/system/E101.PVM,e101_b4,
SATranslation/system/E101.PVM,e101_b6,
SATranslation/system/E101.PVM,e101_b7,
SATranslation/system/E101.PVM,e101_fun2,
SATranslation/system/E101.PVM,e101_gard2,
SATranslation/system/E101_TIKEI.PVM,ai128box05,
SATranslation/system/E101_TIKEI.PVM,ai128box09,
SATranslation/system/E101_TIKEI.PVM,ai32hou05,
SATranslation/system/E101_TIKEI.PVM,ai32hou06,
SATranslation/system/E101_TIKEI.PVM,ai64aamu04,
SATranslation/system/E101_TIKEI.PVM,ai64door03,
SATranslation/system/E101_TIKEI.PVM,ai64kabe09,
SATranslation/system/E101_TIKEI.PVM,ai64mizo,
SATranslation/system/E101_TIKEI.PVM,d128side2ff,
SATranslation/system/E101_TIKEI.PVM,d128side6f,
SATranslation/system/E101_TIKEI.PVM,d128side9fe,
SATranslation/system/E101_TIKEI.PVM,d128tenjou3f,
SATranslation/system/E101_TIKEI.PVM,d64accent1f,
SATranslation/system/E101_TIKEI.PVM,d64arm4f,
SATranslation/system/E101_TIKEI.PVM,d64side8fe,
SATranslation/system/E101_TIKEI.PVM,eca_s_bwa,
SATranslation/system/E101_TIKEI.PVM,eca_s_bwb,
SATranslation/system/E101_TIKEI.PVM,eca_s_gold,
SATranslation/system/E101_TIKEI.PVM,eca_s_gya,
SATranslation/system/E101_TIKEI.PVM,eca_s_kikb,
SATranslation/system/E101_TIKEI.PVM,edc_k_display,
SATranslation/system/E101_TIKEI.PVM,edc_k_jrokalight,
SATranslation/system/E101_TIKEI.PVM,edc_k_juturi2,
SATranslation/system/E101_TIKEI.PVM,edc_n_tank3,
SATranslation/system/E101_TIKEI.PVM,edc_n_tobiraa,
SATranslation/system/E101_TIKEI.PVM,edc_n_tobirab,
SATranslation/system/E101_TIKEI.PVM,edc_n_tobirac,
SATranslation/system/E101_TIKEI.PVM,edc_n_tobirad,
SATranslation/system/E101_TIKEI.PVM,edc_n_tobirae,
SATranslation/system/E101_TIKEI.PVM,edc_n_tobiraf,
SATranslation/system/E101_TIKEI.PVM,edc_n_tobirag,
SATranslation/system/E101_TIKEI.PVM,edc_n_uturi,
SATranslation/system/E101_TIKEI.PVM,edc_n_yane2,
SATranslation/system/E101_TIKEI.PVM,edv_k_ekibut2,
SATranslation/system/E101_TIKEI.PVM,edv_k_more,
SATranslation/system/E101_TIKEI.PVM,edv_n_yuka08,
SATranslation/system/E101_TIKEI.PVM,era_s_okc,
SATranslation/system/E101_TIKEI.PVM,k_hkaidan001,
SATranslation/system/E101_TIKEI.PVM,k_saku,
SATranslation/system/E101_TIKEI.PVM,k_tbgamewaku,
SATranslation/system/E101_TIKEI.PVM,mr_008o_kuro,
SATranslation/system/E101_TIKEI.PVM,mrd_032s_banal,
SATranslation/system/E101_TIKEI.PVM,mrd_032s_covd,
SATranslation/system/E101_TIKEI.PVM,mrd_032s_oke,
SATranslation/system/E101_TIKEI.PVM,mrd_032s_orea,
SATranslation/system/E101_TIKEI.PVM,mrd_032s_oreb,
SATranslation/system/E101_TIKEI.PVM,mrd_064s_gre,
SATranslation/system/E101_TIKEI.PVM,mrd_064s_guna,
SATranslation/system/E101_TIKEI.PVM,mrd_064s_morb,
SATranslation/system/E101_TIKEI.PVM,mrd_064s_oka,
SATranslation/system/E101_TIKEI.PVM,mrd_064s_okb,
SATranslation/system/E101_TIKEI.PVM,mrd_064s_oki,
SATranslation/system/E101_TIKEI.PVM,mrd_064s_sita,
SATranslation/system/E101_TIKEI.PVM,mrd_064s_sitab,
SATranslation/system/E101_TIKEI.PVM,mrd_064s_tenc,
SATranslation/system/E101_TIKEI.PVM,mrd_064s_tend,
SATranslation/system/E101_TIKEI.PVM,mrd_128s_bed,
SATranslation/system/E101_TIKEI.PVM,mrd_128s_cont,
SATranslation/system/E101_TIKEI.PVM,mrd_128s_kabb,
SATranslation/system/E101_TIKEI.PVM,mrd_128s_mora,
SATranslation/system/E101_TIKEI.PVM,mrd_128s_oriue,
SATranslation/system/E101_TIKEI.PVM,mrd_128s_tenb,
SATranslation/system/E101_TIKEI.PVM,mrd_128s_yuka,
SATranslation/system/E101_TIKEI.PVM,mref_064s_jac,
SATranslation/system/E101_TIKEI.PVM,naiherki,
SATranslation/system/E101_TIKEI.PVM,tm128tai,
SATranslation/system/E101_TIKEI.PVM,tm12gomug,
SATranslation/system/E101_TIKEI.PVM,tm64blin,
SATranslation/system/E101_TIKEI.PVM,tm64blpls,
SATranslation/system/E101_TIKEI.PVM,tm64puci,
SATranslation/system/E101_TIKEI.PVM,mrd_064s_mswhite,
SATranslation/system/E101R.PVM,_00_mpoliexp01,
SATranslation/system/E101R.PVM,_01_mpoliexp02,
SATranslation/system/E101R.PVM,_02_mpoliexp03,
SATranslation/system/E101R.PVM,_03_mpoliexp04,
SATranslation/system/E101R.PVM,_04_mpoliexp05,
SATranslation/system/E101R.PVM,_05_mpoliexp06,
SATranslation/system/E101R.PVM,_06_mpoliexp07,
SATranslation/system/E101R.PVM,_07_lpoliexp01,
SATranslation/system/E101R.PVM,_08_lpoliexp02,
SATranslation/system/E101R.PVM,_09,
SATranslation/system/E101R.PVM,_10,
SATranslation/system/E101R.PVM,_11,
SATranslation/system/E101R.PVM,_12,
SATranslation/system/E101R.PVM,_13,
SATranslation/system/E101R.PVM,_14,
SATranslation/system/E101R.PVM,_15,
SATranslation/system/E101R.PVM,_16,
SATranslation/system/E101R.PVM,_17_eejet01,
SATranslation/system/E101R.PVM,_18_eejet02,
SATranslation/system/E101R.PVM,_19_eejet03,
SATranslation/system/E101R.PVM,_20_eejet04,
SATranslation/system/E101R.PVM,_21_pan_jetb01,
SATranslation/system/E101R.PVM,_22_pan_jetb02,
SATranslation/system/E101R.PVM,_23_pan_jetb03,
SATranslation/system/E101R.PVM,_24,
SATranslation/system/E101R.PVM,_25,
SATranslation/system/E101R.PVM,_26,
SATranslation/system/E101R.PVM,_27,
SATranslation/system/E101R.PVM,_28,
SATranslation/system/E101R.PVM,_29,
SATranslation/system/E101R.PVM,_30,
SATranslation/system/E101R.PVM,_31,
SATranslation/system/E101R.PVM,_32,
SATranslation/system/E101R.PVM,_33,
SATranslation/system/E101R.PVM,_34,
SATranslation/system/E101R.PVM,_35,
SATranslation/system/E101R.PVM,_36,
SATranslation/system/E101R.PVM,_37_e101_101,
SATranslation/system/E101R.PVM,_38_01tx_dou_aka,
SATranslation/system/E101R.PVM,_39_01tx_dou_aka2,
SATranslation/system/E101R.PVM,_40_01tx_dou_ana,
SATranslation/system/E101R.PVM,_41_01tx_dou_ana2,
SATranslation/system/E101R.PVM,_42_01tx_dou_ana3,
SATranslation/system/E101R.PVM,_43_01tx_dou_ao,
SATranslation/system/E101R.PVM,_44_01tx_dou_futa,
SATranslation/system/E101R.PVM,_45_01tx_dou_kiro,
SATranslation/system/E101R.PVM,_46_01tx_dou_kuro,
SATranslation/system/E101R.PVM,_47_01tx_dou_kuro2,
SATranslation/system/E101R.PVM,_48_01tx_dou_metal,
SATranslation/system/E101R.PVM,_49_01tx_dou_neji,
SATranslation/system/E101R.PVM,_50_01tx_dou_sita,
SATranslation/system/E101R.PVM,_51_01tx_dou_ue,
SATranslation/system/E101R.PVM,_52_01tx_hako_mae,
SATranslation/system/E101R.PVM,_53_01tx_hako_ue,
SATranslation/system/E101R.PVM,_54_01tx_houdai,
SATranslation/system/E101R.PVM,_55_01tx_houdai2,
SATranslation/system/E101R.PVM,_56_01tx_me,
SATranslation/system/E101R.PVM,_57_01tx_me2,
SATranslation/system/E101R.PVM,_58_01tx_me3,
SATranslation/system/E101R.PVM,_59_01tx_me4,
SATranslation/system/E101R.PVM,_60_01tx_pipe,
SATranslation/system/E101R.PVM,_61_01tx_pipe2,
SATranslation/system/E101R.PVM,_62_01tx_pipe3,
SATranslation/system/E101R.PVM,_63_01tx_pipe4,
SATranslation/system/E101R.PVM,_64_01tx_siri,
SATranslation/system/E101R.PVM,_65_01tx_te,
SATranslation/system/E101R.PVM,_66_01tx_te2,
SATranslation/system/E101R.PVM,_67_01tx_ude,
SATranslation/system/E101R.PVM,_68_etx_bluck1,
SATranslation/system/E101R.PVM,_69,
SATranslation/system/E101R_BG.PVM,m128_sea001,
SATranslation/system/E101R_BG.PVM,m128_sea002,
SATranslation/system/E101R_BG.PVM,m128_sea003,
SATranslation/system/E101R_BG.PVM,m128_sea004,
SATranslation/system/E101R_BG.PVM,m128_sea005,
SATranslation/system/E101R_BG.PVM,m128_sea006,
SATranslation/system/E101R_BG.PVM,m128_sea007,
SATranslation/system/E101R_BG.PVM,m128_sea008,
SATranslation/system/E101R_BG.PVM,m128_sea009,
SATranslation/system/E101R_BG.PVM,m128_sea010,
SATranslation/system/E101R_BG.PVM,ecsc_s_hareskyd,
SATranslation/system/E101R_BG.PVM,ecsc_s_hareskyb,
SATranslation/system/E101R_BG.PVM,ecsc_s_hareskya,
SATranslation/system/E101R_BG.PVM,ecsc_s_haresky,
SATranslation/system/E101R_TIKEI.PVM,eca_funb,
SATranslation/system/E101R_TIKEI.PVM,eca_s_bwa,
SATranslation/system/E101R_TIKEI.PVM,eca_s_cona,
SATranslation/system/E101R_TIKEI.PVM,eca_s_drill,
SATranslation/system/E101R_TIKEI.PVM,eca_s_gold,
SATranslation/system/E101R_TIKEI.PVM,eca_s_gra,
SATranslation/system/E101R_TIKEI.PVM,eca_s_grb,
SATranslation/system/E101R_TIKEI.PVM,eca_s_grc,
SATranslation/system/E101R_TIKEI.PVM,eca_s_grd,
SATranslation/system/E101R_TIKEI.PVM,eca_s_gre,
SATranslation/system/E101R_TIKEI.PVM,eca_s_grh,
SATranslation/system/E101R_TIKEI.PVM,eca_s_gro,
SATranslation/system/E101R_TIKEI.PVM,eca_s_gry,
SATranslation/system/E101R_TIKEI.PVM,eca_s_gya,
SATranslation/system/E101R_TIKEI.PVM,eca_s_kikb,
SATranslation/system/E101R_TIKEI.PVM,eca_s_sitya,
SATranslation/system/E101R_TIKEI.PVM,eca_s_sityb,
SATranslation/system/E101R_TIKEI.PVM,eca_s_sityc,
SATranslation/system/E101R_TIKEI.PVM,eca_s_whi,
SATranslation/system/E101R_TIKEI.PVM,eca_s_whib,
SATranslation/system/E101R_TIKEI.PVM,eca_s_whta,
SATranslation/system/E101R_TIKEI.PVM,eca_s_whtb,
SATranslation/system/E101R_TIKEI.PVM,eca_s_wood,
SATranslation/system/E101R_TIKEI.PVM,eca_s_yuka,
SATranslation/system/E101R_TIKEI.PVM,ecf_funa,
SATranslation/system/E101R_TIKEI.PVM,ecf_s_aka,
SATranslation/system/E101R_TIKEI.PVM,ecf_s_gla,
SATranslation/system/E101R_TIKEI.PVM,ecf_s_glb,
SATranslation/system/E101R_TIKEI.PVM,ecf_s_glc,
SATranslation/system/E101R_TIKEI.PVM,ecf_s_gld,
SATranslation/system/E101R_TIKEI.PVM,ecf_s_gle,
SATranslation/system/E101R_TIKEI.PVM,ecf_s_glf,
SATranslation/system/E101R_TIKEI.PVM,ecf_s_glg,
SATranslation/system/E101R_TIKEI.PVM,ecf_s_glh,
SATranslation/system/E101R_TIKEI.PVM,ecf_s_gra,
SATranslation/system/E101R_TIKEI.PVM,ecf_s_gya,
SATranslation/system/E101R_TIKEI.PVM,ecf_s_inta,
SATranslation/system/E101R_TIKEI.PVM,ecf_s_intb,
SATranslation/system/E101R_TIKEI.PVM,ecf_s_kana,
SATranslation/system/E101R_TIKEI.PVM,ecf_s_kib,
SATranslation/system/E101R_TIKEI.PVM,ecf_s_kic,
SATranslation/system/E101R_TIKEI.PVM,edb_o_thone04,
SATranslation/system/E101R_TIKEI.PVM,edc_k_display,
SATranslation/system/E101R_TIKEI.PVM,edc_k_jrokalight,
SATranslation/system/E101R_TIKEI.PVM,edc_k_jtutu4,
SATranslation/system/E101R_TIKEI.PVM,edc_k_kabe8,
SATranslation/system/E101R_TIKEI.PVM,edc_n_hasi,
SATranslation/system/E101R_TIKEI.PVM,edc_n_hasira3,
SATranslation/system/E101R_TIKEI.PVM,edc_n_kabe11,
SATranslation/system/E101R_TIKEI.PVM,edc_n_kabe5,
SATranslation/system/E101R_TIKEI.PVM,edc_n_tank3,
SATranslation/system/E101R_TIKEI.PVM,edc_n_tank9,
SATranslation/system/E101R_TIKEI.PVM,edc_n_uturi,
SATranslation/system/E101R_TIKEI.PVM,edc_n_yane2,
SATranslation/system/E101R_TIKEI.PVM,edv_n_yuka09,
SATranslation/system/E101R_TIKEI.PVM,edv_n_yuka12,
SATranslation/system/E101R_TIKEI.PVM,era_s_covc,
SATranslation/system/E101R_TIKEI.PVM,era_s_enmd,
SATranslation/system/E101R_TIKEI.PVM,era_s_enus,
SATranslation/system/E101R_TIKEI.PVM,era_s_guna,
SATranslation/system/E101R_TIKEI.PVM,era_s_inta,
SATranslation/system/E101R_TIKEI.PVM,era_s_intb,
SATranslation/system/E101R_TIKEI.PVM,era_s_knpa,
SATranslation/system/E101R_TIKEI.PVM,era_s_knpb,
SATranslation/system/E101R_TIKEI.PVM,era_s_kuro,
SATranslation/system/E101R_TIKEI.PVM,era_s_oka,
SATranslation/system/E101R_TIKEI.PVM,era_s_okb,
SATranslation/system/E101R_TIKEI.PVM,era_s_oke,
SATranslation/system/E101R_TIKEI.PVM,era_s_tenc,
SATranslation/system/E101R_TIKEI.PVM,era_s_tend,
SATranslation/system/E101R_TIKEI.PVM,era_s_wakua,
SATranslation/system/E101R_TIKEI.PVM,gamewaku,
SATranslation/system/E101R_TIKEI.PVM,k_hasimoto001,
SATranslation/system/E101R_TIKEI.PVM,k_hhashi01,
SATranslation/system/E101R_TIKEI.PVM,k_hkabe006,
SATranslation/system/E101R_TIKEI.PVM,k_hkaidan001,
SATranslation/system/E101R_TIKEI.PVM,k_hkuti2,
SATranslation/system/E101R_TIKEI.PVM,eca_s_doma,
SATranslation/system/E101R_TIKEI.PVM,salt_tev00_00,
SATranslation/system/E101R_TIKEI.PVM,salt_tev01_00,
SATranslation/system/E101R_TIKEI.PVM,salt_tev02,
SATranslation/system/E102.PVM,etx_asi1,
SATranslation/system/E102.PVM,etx_metal2,
SATranslation/system/E102.PVM,etx_red7,
SATranslation/system/E102.PVM,etx_enn2,
SATranslation/system/E102.PVM,etx_tiya,
SATranslation/system/E102.PVM,etx_bluck1,
SATranslation/system/E102.PVM,etx_asi2,
SATranslation/system/E102.PVM,etx_red2,
SATranslation/system/E102.PVM,etx_green,
SATranslation/system/E102.PVM,etx_line1,
SATranslation/system/E102.PVM,etx_red6,
SATranslation/system/E102.PVM,etx_red4,
SATranslation/system/E102.PVM,etx_line0,
SATranslation/system/E102.PVM,etx_kosi0,
SATranslation/system/E102.PVM,etx_enn1,
SATranslation/system/E102.PVM,etx_se,
SATranslation/system/E102.PVM,etx_102,
SATranslation/system/E102.PVM,etx_gun1,
SATranslation/system/E102.PVM,etx_gun2,
SATranslation/system/E102.PVM,etx_guno,
SATranslation/system/E102.PVM,etx_metal0,
SATranslation/system/E102.PVM,etx_te1,
SATranslation/system/E102.PVM,etx_eyes,
SATranslation/system/E102.PVM,etx_yellow0,
SATranslation/system/E102.PVM,etx_yellow1,
SATranslation/system/E102.PVM,etx_yline,
SATranslation/system/E102.PVM,etx_bline,
SATranslation/system/E102.PVM,etx_yellow2,
SATranslation/system/E102.PVM,etx_fun1,
SATranslation/system/E102.PVM,etx_pype1,
SATranslation/system/E102.PVM,etx_gard2,
SATranslation/system/E102.PVM,etx_right,
SATranslation/system/E102.PVM,etx_right1,
SATranslation/system/E102.PVM,etx_right3,
SATranslation/system/E102.PVM,etx_fun2,
SATranslation/system/E102BEAM.PVM,e_sw01,
SATranslation/system/E102BEAM.PVM,e_sw02,
SATranslation/system/E102BEAM.PVM,e_sw03,
SATranslation/system/E102BEAM.PVM,e_sw04,
SATranslation/system/E102BEAM.PVM,e_sw05,
SATranslation/system/E102BEAM.PVM,e_sw06,
SATranslation/system/E102BEAM.PVM,e_sw07,
SATranslation/system/E102BEAM.PVM,e_sw08,
SATranslation/system/E102BEAM.PVM,beam,
SATranslation/system/E102BEAM.PVM,e_flash,
SATranslation/system/E102BEAM.PVM,e_ray,
SATranslation/system/E102BEAM.PVM,e102newbeam,
SATranslation/system/E102BEAM.PVM,e102newflash,
SATranslation/system/E102BEAM.PVM,e102bom,
SATranslation/system/E102EFFECT.PVM,pom01,
SATranslation/system/E102EFFECT.PVM,pom02,
SATranslation/system/E102EFFECT.PVM,pom03,
SATranslation/system/E102EFFECT.PVM,pom04,
SATranslation/system/E102EFFECT.PVM,pom05,
SATranslation/system/E102EFFECT.PVM,pom06,
SATranslation/system/E102EFFECT.PVM,pom07,
SATranslation/system/E102EFFECT.PVM,pom08,
SATranslation/system/E102EFFECT.PVM,e_jet01,
SATranslation/system/E102EFFECT.PVM,e_jet02,
SATranslation/system/E102EFFECT.PVM,e_jet03,
SATranslation/system/E102EFFECT.PVM,e_jet04,
SATranslation/system/E102HIT.PVM,e101repeltubu,
SATranslation/system/E102HIT.PVM,ebomb02,
SATranslation/system/E102HIT.PVM,ebomb01,
SATranslation/system/E102HIT.PVM,ebomb03,
SATranslation/system/E102HIT.PVM,ebomb04,
SATranslation/system/E102HIT.PVM,ebomb05,
SATranslation/system/E102HIT.PVM,ebomb06,
SATranslation/system/E102HIT.PVM,ebomb07,
SATranslation/system/E102HIT.PVM,ebomb08,
SATranslation/system/E102HIT.PVM,ebomb09,
SATranslation/system/E102HIT.PVM,ebomb10,
SATranslation/system/E102HIT.PVM,ebomb11,
SATranslation/system/E102HIT.PVM,ebomb12,
SATranslation/system/E102HIT.PVM,ebomb13,
SATranslation/system/E102HIT.PVM,ebomb14,
SATranslation/system/E102HIT.PVM,ebomb15,
SATranslation/system/E102HIT.PVM,ebomb16,
SATranslation/system/E102TIME.PVM,digit0,
SATranslation/system/E102TIME.PVM,digit1,
SATranslation/system/E102TIME.PVM,digit2,
SATranslation/system/E102TIME.PVM,digit3,
SATranslation/system/E102TIME.PVM,digit4,
SATranslation/system/E102TIME.PVM,digit5,
SATranslation/system/E102TIME.PVM,digit6,
SATranslation/system/E102TIME.PVM,digit7,
SATranslation/system/E102TIME.PVM,digit8,
SATranslation/system/E102TIME.PVM,digit9,
SATranslation/system/E102TIME.PVM,colon,
SATranslation/system/E102TIME.PVM,e102_getsecbg,
SATranslation/system/E102TIME.PVM,e102_lockon0,
SATranslation/system/E102TIME.PVM,e102lastsec,
SATranslation/system/E103OLD.PVM,etx_bluck1,
SATranslation/system/E103OLD.PVM,etx_yline,
SATranslation/system/E103OLD.PVM,etx_red7,
SATranslation/system/E103OLD.PVM,etx_right,
SATranslation/system/E103OLD.PVM,etx_right1,
SATranslation/system/E103OLD.PVM,etx_right3,
SATranslation/system/E103OLD.PVM,etx_se,
SATranslation/system/E103OLD.PVM,etx_te1,
SATranslation/system/E103OLD.PVM,etx_metal2,
SATranslation/system/E103OLD.PVM,etx_tiya,
SATranslation/system/E103OLD.PVM,etx_yellow0,
SATranslation/system/E103OLD.PVM,etx_yellow1,
SATranslation/system/E103OLD.PVM,etx_yellow2,
SATranslation/system/E103OLD.PVM,etx_asi2,
SATranslation/system/E103OLD.PVM,etx_bline,
SATranslation/system/E103OLD.PVM,etx_pype1,
SATranslation/system/E103OLD.PVM,etx_enn1,
SATranslation/system/E103OLD.PVM,etx_enn2,
SATranslation/system/E103OLD.PVM,etx_eyes,
SATranslation/system/E103OLD.PVM,etx_green,
SATranslation/system/E103OLD.PVM,etx_gun1,
SATranslation/system/E103OLD.PVM,etx_gun2,
SATranslation/system/E103OLD.PVM,etx_guno,
SATranslation/system/E103OLD.PVM,etx_kosi0,
SATranslation/system/E103OLD.PVM,etx_line1,
SATranslation/system/E103OLD.PVM,e103tx_103,
SATranslation/system/E103OLD.PVM,e103tx_asi1,
SATranslation/system/E103OLD.PVM,e103tx_b4,
SATranslation/system/E103OLD.PVM,e103tx_b6,
SATranslation/system/E103OLD.PVM,e103tx_b7,
SATranslation/system/E103OLD.PVM,e103_gard2,
SATranslation/system/E103OLD.PVM,e103tx_b2,
SATranslation/system/E104OLD.PVM,etx_bluck1,
SATranslation/system/E104OLD.PVM,etx_yline,
SATranslation/system/E104OLD.PVM,etx_red7,
SATranslation/system/E104OLD.PVM,etx_right,
SATranslation/system/E104OLD.PVM,etx_right1,
SATranslation/system/E104OLD.PVM,etx_right3,
SATranslation/system/E104OLD.PVM,etx_se,
SATranslation/system/E104OLD.PVM,etx_te1,
SATranslation/system/E104OLD.PVM,etx_metal2,
SATranslation/system/E104OLD.PVM,etx_tiya,
SATranslation/system/E104OLD.PVM,etx_yellow0,
SATranslation/system/E104OLD.PVM,etx_yellow1,
SATranslation/system/E104OLD.PVM,etx_yellow2,
SATranslation/system/E104OLD.PVM,etx_asi2,
SATranslation/system/E104OLD.PVM,etx_bline,
SATranslation/system/E104OLD.PVM,etx_pype1,
SATranslation/system/E104OLD.PVM,etx_enn1,
SATranslation/system/E104OLD.PVM,etx_enn2,
SATranslation/system/E104OLD.PVM,etx_eyes,
SATranslation/system/E104OLD.PVM,etx_green,
SATranslation/system/E104OLD.PVM,etx_gun1,
SATranslation/system/E104OLD.PVM,etx_gun2,
SATranslation/system/E104OLD.PVM,etx_guno,
SATranslation/system/E104OLD.PVM,etx_kosi0,
SATranslation/system/E104OLD.PVM,etx_line1,
SATranslation/system/E104OLD.PVM,e104_asi1,
SATranslation/system/E104OLD.PVM,e104_104,
SATranslation/system/E104OLD.PVM,e104_gard2,
SATranslation/system/E104OLD.PVM,e104_o2,
SATranslation/system/E104OLD.PVM,e104_o4,
SATranslation/system/E104OLD.PVM,e104_o6,
SATranslation/system/E104OLD.PVM,e104_o7,
SATranslation/system/E105.PVM,05tx_h02,
SATranslation/system/E105.PVM,05tx_a02,
SATranslation/system/E105.PVM,05tx_a03,
SATranslation/system/E105.PVM,05tx_a04,
SATranslation/system/E105.PVM,05tx_a05,
SATranslation/system/E105.PVM,05tx_a06,
SATranslation/system/E105.PVM,05tx_b01,
SATranslation/system/E105.PVM,05tx_b02,
SATranslation/system/E105.PVM,05tx_b03,
SATranslation/system/E105.PVM,05tx_c01,
SATranslation/system/E105.PVM,05tx_c02,
SATranslation/system/E105.PVM,05tx_c03,
SATranslation/system/E105.PVM,05tx_d01,
SATranslation/system/E105.PVM,05tx_d02,
SATranslation/system/E105.PVM,05tx_d03,
SATranslation/system/E105.PVM,05tx_d04,
SATranslation/system/E105.PVM,05tx_d05,
SATranslation/system/E105.PVM,05tx_d06,
SATranslation/system/E105.PVM,05tx_e01,
SATranslation/system/E105.PVM,05tx_h01,
SATranslation/system/E105.PVM,05tx_a01,
SATranslation/system/E105.PVM,05tx_k01,
SATranslation/system/E105.PVM,05tx_m04,
SATranslation/system/E105.PVM,05tx_m01,
SATranslation/system/E105.PVM,05tx_m02,
SATranslation/system/E105.PVM,05tx_m03,
SATranslation/system/E105.PVM,05tx_m05,
SATranslation/system/E105.PVM,05tx_m06,
SATranslation/system/E105OLD.PVM,etx_bluck1,
SATranslation/system/E105OLD.PVM,etx_yline,
SATranslation/system/E105OLD.PVM,etx_red7,
SATranslation/system/E105OLD.PVM,etx_right,
SATranslation/system/E105OLD.PVM,etx_right1,
SATranslation/system/E105OLD.PVM,etx_right3,
SATranslation/system/E105OLD.PVM,etx_se,
SATranslation/system/E105OLD.PVM,etx_te1,
SATranslation/system/E105OLD.PVM,etx_metal2,
SATranslation/system/E105OLD.PVM,etx_tiya,
SATranslation/system/E105OLD.PVM,etx_yellow0,
SATranslation/system/E105OLD.PVM,etx_yellow1,
SATranslation/system/E105OLD.PVM,etx_yellow2,
SATranslation/system/E105OLD.PVM,etx_asi2,
SATranslation/system/E105OLD.PVM,etx_bline,
SATranslation/system/E105OLD.PVM,etx_pype1,
SATranslation/system/E105OLD.PVM,etx_enn1,
SATranslation/system/E105OLD.PVM,etx_enn2,
SATranslation/system/E105OLD.PVM,etx_eyes,
SATranslation/system/E105OLD.PVM,etx_green,
SATranslation/system/E105OLD.PVM,etx_gun1,
SATranslation/system/E105OLD.PVM,etx_gun2,
SATranslation/system/E105OLD.PVM,etx_guno,
SATranslation/system/E105OLD.PVM,etx_kosi0,
SATranslation/system/E105OLD.PVM,etx_line1,
SATranslation/system/E105OLD.PVM,05etx_red4,
SATranslation/system/E105OLD.PVM,05etx_asi1,
SATranslation/system/E105OLD.PVM,05etx_gard2,
SATranslation/system/E105OLD.PVM,05etx_red2,
SATranslation/system/E105OLD.PVM,05etx_105,
SATranslation/system/E105OLD.PVM,05etx_red6,
SATranslation/system/E105OLD.PVM,05etx_red7,
SATranslation/system/E_AIRCRAFT.PVM,b_liftsita,
SATranslation/system/E_AIRCRAFT.PVM,b_liftue,
SATranslation/system/E_AIRCRAFT.PVM,b_liftyoko,
SATranslation/system/E_AIRCRAFT.PVM,bamper,
SATranslation/system/E_AIRCRAFT.PVM,black,
SATranslation/system/E_AIRCRAFT.PVM,body1,
SATranslation/system/E_AIRCRAFT.PVM,buttom,
SATranslation/system/E_AIRCRAFT.PVM,canopy_rep,
SATranslation/system/E_AIRCRAFT.PVM,canoside,
SATranslation/system/E_AIRCRAFT.PVM,console,
SATranslation/system/E_AIRCRAFT.PVM,edv_n_kabe06,
SATranslation/system/E_AIRCRAFT.PVM,engine0,
SATranslation/system/E_AIRCRAFT.PVM,eye,
SATranslation/system/E_AIRCRAFT.PVM,flap0,
SATranslation/system/E_AIRCRAFT.PVM,flap1,
SATranslation/system/E_AIRCRAFT.PVM,gray,
SATranslation/system/E_AIRCRAFT.PVM,gun0,
SATranslation/system/E_AIRCRAFT.PVM,gunbody0,
SATranslation/system/E_AIRCRAFT.PVM,gunscope,
SATranslation/system/E_AIRCRAFT.PVM,intake0,
SATranslation/system/E_AIRCRAFT.PVM,kuti,
SATranslation/system/E_AIRCRAFT.PVM,met,
SATranslation/system/E_AIRCRAFT.PVM,mis_body0,
SATranslation/system/E_AIRCRAFT.PVM,mis_body2,
SATranslation/system/E_AIRCRAFT.PVM,orange,
SATranslation/system/E_AIRCRAFT.PVM,rear,
SATranslation/system/E_AIRCRAFT.PVM,seat0,
SATranslation/system/E_AIRCRAFT.PVM,sky_ref,
SATranslation/system/E_AIRCRAFT.PVM,wing0,
SATranslation/system/E_AIRCRAFT.PVM,wing1,
SATranslation/system/E_AIRCRAFT.PVM,winglamp,
SATranslation/system/E_AIRCRAFT.PVM,sarueye,
SATranslation/system/E_AIRCRAFT.PVM,board0,
SATranslation/system/E_AIRCRAFT.PVM,mimi0,
SATranslation/system/E_AMENBO.PVM,am_s_hanyo_h,
SATranslation/system/E_AMENBO.PVM,am_s_body_b,
SATranslation/system/E_AMENBO.PVM,am_s_body_c,
SATranslation/system/E_AMENBO.PVM,am_s_hanyo_g,DE
SATranslation/system/E_AMENBO.PVM,am_s_kankyo2,
SATranslation/system/E_AMENBO.PVM,am_s_hanyo_k,
SATranslation/system/E_AMENBO.PVM,am_s_hanyo_l,
SATranslation/system/E_AMENBO.PVM,am_s_eye2,
SATranslation/system/E_AMENBO.PVM,am_s_kuti_c,
SATranslation/system/E_AMENBO.PVM,am_s_kuti_a,
SATranslation/system/E_AMENBO.PVM,am_s_kuti_b,
SATranslation/system/E_AMENBO.PVM,am_s_hanyo_i,IT
SATranslation/system/E_AMENBO.PVM,am_s_hanyo,
SATranslation/system/E_AMENBO.PVM,am_s_haiki2,
SATranslation/system/E_AMENBO.PVM,am_s_foot_c,
SATranslation/system/E_AMENBO.PVM,am_s_asi_b,
SATranslation/system/E_AMENBO.PVM,am_s_asi,
SATranslation/system/E_AMENBO.PVM,am_s_kao_a,
SATranslation/system/E_AMENBO.PVM,am_s_kao_b,
SATranslation/system/E_AMENBO.PVM,am_s_hanyo_d,
SATranslation/system/E_AMENBO.PVM,am_s_hanyo_c,
SATranslation/system/E_AMENBO.PVM,am_s_foot,
SATranslation/system/E_AMENBO.PVM,am_s_foot_b2,
SATranslation/system/E_BOMB.PVM,bombbody,
SATranslation/system/E_BOMB.PVM,fuse,
SATranslation/system/E_BUYON.PVM,kankyo2,
SATranslation/system/E_BUYON.PVM,born,
SATranslation/system/E_BUYON.PVM,head_b,
SATranslation/system/E_BUYON.PVM,head,
SATranslation/system/E_BUYON.PVM,p_hanyo,
SATranslation/system/E_BUYON.PVM,head_c,
SATranslation/system/E_BUYON.PVM,kyuki,
SATranslation/system/E_BUYON.PVM,p_hanyo_b,
SATranslation/system/E_BUYON.PVM,head_d,
SATranslation/system/E_BUYON.PVM,mimi_a,
SATranslation/system/E_BUYON.PVM,mimi_b,
SATranslation/system/E_BUYON.PVM,kankyo,
SATranslation/system/E_BUYON.PVM,denger,
SATranslation/system/E_BUYON.PVM,waist,
SATranslation/system/E_BUYON.PVM,naka,
SATranslation/system/E_BUYON.PVM,waist_b,
SATranslation/system/E_BUYON.PVM,leg_a,
SATranslation/system/E_BUYON.PVM,leg_b,
SATranslation/system/E_BUYON.PVM,leg_c,
SATranslation/system/E_BUYON.PVM,leg_d,
SATranslation/system/E_BUYON.PVM,eye,
SATranslation/system/E_CART.PVM,board0,
SATranslation/system/E_CART.PVM,0,
SATranslation/system/E_CART.PVM,1,
SATranslation/system/E_CART.PVM,arm,
SATranslation/system/E_CART.PVM,arm0,
SATranslation/system/E_CART.PVM,arm1,
SATranslation/system/E_CART.PVM,bamp_l,
SATranslation/system/E_CART.PVM,black,
SATranslation/system/E_CART.PVM,body1,
SATranslation/system/E_CART.PVM,buttom,
SATranslation/system/E_CART.PVM,console,
SATranslation/system/E_CART.PVM,cover,
SATranslation/system/E_CART.PVM,enjinecov,
SATranslation/system/E_CART.PVM,fan,
SATranslation/system/E_CART.PVM,grass,
SATranslation/system/E_CART.PVM,gray,
SATranslation/system/E_CART.PVM,hand0,
SATranslation/system/E_CART.PVM,hoho,
SATranslation/system/E_CART.PVM,kuti,
SATranslation/system/E_CART.PVM,kuti0,
SATranslation/system/E_CART.PVM,met,
SATranslation/system/E_CART.PVM,mimi,
SATranslation/system/E_CART.PVM,mimi0,
SATranslation/system/E_CART.PVM,orange,
SATranslation/system/E_CART.PVM,panel,
SATranslation/system/E_CART.PVM,seat0,
SATranslation/system/E_CART.PVM,yubi,
SATranslation/system/E_CART.PVM,2,
SATranslation/system/E_CART.PVM,3,
SATranslation/system/E_CART.PVM,4,
SATranslation/system/E_CART.PVM,5,
SATranslation/system/E_CART.PVM,6,
SATranslation/system/E_CART.PVM,7,
SATranslation/system/E_CART.PVM,8,
SATranslation/system/E_CART.PVM,9,
SATranslation/system/E_CART.PVM,blue,
SATranslation/system/E_CART.PVM,green,
SATranslation/system/E_CART.PVM,lblue,
SATranslation/system/E_CART.PVM,mugen,
SATranslation/system/E_CART.PVM,pink,
SATranslation/system/E_CART.PVM,red,
SATranslation/system/E_LEON.PVM,fan,
SATranslation/system/E_LEON.PVM,fine_sky_ref,
SATranslation/system/E_LEON.PVM,leon_e01,
SATranslation/system/E_LEON.PVM,reon_ana,
SATranslation/system/E_LEON.PVM,reon_asi01,
SATranslation/system/E_LEON.PVM,reon_b01,
SATranslation/system/E_LEON.PVM,reon_b02,
SATranslation/system/E_LEON.PVM,reon_b33,
SATranslation/system/E_LEON.PVM,reon_col00,
SATranslation/system/E_LEON.PVM,reon_g01,
SATranslation/system/E_LEON.PVM,reon_kubi,
SATranslation/system/E_LEON.PVM,reon_naka,
SATranslation/system/E_LEON.PVM,reon_nsi,
SATranslation/system/E_LEON.PVM,reon_nsi2,
SATranslation/system/E_LEON.PVM,bombbody,
SATranslation/system/E_LEON.PVM,reon_sitakuti,
SATranslation/system/E_LEON.PVM,reon_tt01,
SATranslation/system/E_LEON.PVM,reon_tuno,
SATranslation/system/E_ROBO.PVM,supi_tt01,
SATranslation/system/E_ROBO.PVM,patbamp,
SATranslation/system/E_ROBO.PVM,black,
SATranslation/system/E_ROBO.PVM,orenge,
SATranslation/system/E_ROBO.PVM,reon_ana,
SATranslation/system/E_ROBO.PVM,sorsor_mae,
SATranslation/system/E_ROBO.PVM,sorsor_mae2,
SATranslation/system/E_ROBO.PVM,sor_waki,
SATranslation/system/E_ROBO.PVM,reon_sitakuti,
SATranslation/system/E_ROBO.PVM,supi_kubi,
SATranslation/system/E_ROBO.PVM,stx_shoose1,
SATranslation/system/E_ROBO.PVM,catarp,
SATranslation/system/E_ROBO.PVM,sor_te,
SATranslation/system/E_ROBO.PVM,sor_kao2,
SATranslation/system/E_ROBO.PVM,sor_e01,
SATranslation/system/E_ROBO.PVM,whit_s,ES
SATranslation/system/E_ROBO.PVM,reon_naka,
SATranslation/system/E_ROBO.PVM,sor_e02,
SATranslation/system/E_ROBO.PVM,sor_e03,
SATranslation/system/E_ROBO.PVM,sor_e04,
SATranslation/system/E_ROBO.PVM,lens02,
SATranslation/system/E_ROBO.PVM,lens07,
SATranslation/system/E_SAI.PVM,jet01,
SATranslation/system/E_SAI.PVM,jet02,
SATranslation/system/E_SAI.PVM,jet03,
SATranslation/system/E_SAI.PVM,bf01,
SATranslation/system/E_SAI.PVM,bf02,
SATranslation/system/E_SAI.PVM,bf03,
SATranslation/system/E_SAI.PVM,eneeye,
SATranslation/system/E_SAI.PVM,burn0,
SATranslation/system/E_SAI.PVM,horn1,
SATranslation/system/E_SAI.PVM,horn0,
SATranslation/system/E_SAI.PVM,rhinoboard1,
SATranslation/system/E_SAI.PVM,rhinoboard0,
SATranslation/system/E_SAI.PVM,catarp,
SATranslation/system/E_SAI.PVM,caterp3,
SATranslation/system/E_SAI.PVM,rhinoside2,
SATranslation/system/E_SAI.PVM,rhinoside3,
SATranslation/system/E_SAI.PVM,rhinoside1,
SATranslation/system/E_SAI.PVM,rhinoside0,
SATranslation/system/E_SAI.PVM,burn2,
SATranslation/system/E_SAI.PVM,burn1,
SATranslation/system/E_SAI.PVM,rhinobody1,
SATranslation/system/E_SAI.PVM,rhinoside4,
SATranslation/system/E_SAI.PVM,white,
SATranslation/system/E_SAI.PVM,rhinobody0,
SATranslation/system/E_SAI.PVM,rhinobody2,
SATranslation/system/E_SAI.PVM,rhinobody3,
SATranslation/system/E_SARU.PVM,arm1,
SATranslation/system/E_SARU.PVM,hand0,
SATranslation/system/E_SARU.PVM,yubi,
SATranslation/system/E_SARU.PVM,arm0,
SATranslation/system/E_SARU.PVM,ita,
SATranslation/system/E_SARU.PVM,body1,
SATranslation/system/E_SARU.PVM,sarueye,
SATranslation/system/E_SARU.PVM,board0,
SATranslation/system/E_SARU.PVM,gray,
SATranslation/system/E_SARU.PVM,kuti0,
SATranslation/system/E_SARU.PVM,mimi0,
SATranslation/system/E_SARU.PVM,orange,
SATranslation/system/E_SNAKE.PVM,eye,
SATranslation/system/E_SNAKE.PVM,aspanel0,
SATranslation/system/E_SNAKE.PVM,as_ago,
SATranslation/system/E_SNAKE.PVM,airtake,
SATranslation/system/E_SNAKE.PVM,aspanel2,
SATranslation/system/E_SNAKE.PVM,aspanel3,
SATranslation/system/E_SNAKE.PVM,aspanel4,
SATranslation/system/E_SNAKE.PVM,as_burn0,
SATranslation/system/E_SNAKE.PVM,as_burn1,
SATranslation/system/E_SNOWMAN.PVM,sno_kuti,
SATranslation/system/E_SNOWMAN.PVM,sno_h01,
SATranslation/system/E_SNOWMAN.PVM,snolight,
SATranslation/system/E_SNOWMAN.PVM,sno_k02,
SATranslation/system/E_SNOWMAN.PVM,sno_k01,
SATranslation/system/E_SNOWMAN.PVM,orenge,
SATranslation/system/E_SNOWMAN.PVM,console,
SATranslation/system/E_SNOWMAN.PVM,supi_ana,
SATranslation/system/E_SNOWMAN.PVM,sno_asi,
SATranslation/system/E_SNOWMAN.PVM,reon_kubi,
SATranslation/system/E_SNOWMAN.PVM,bombbody,
SATranslation/system/E_SNOWMAN.PVM,patbamp,
SATranslation/system/E_SNOWMAN.PVM,fan,
SATranslation/system/E_SNOWMAN.PVM,sno_ref,
SATranslation/system/E_SNOWMAN.PVM,caterp3,
SATranslation/system/E_SNOWMAN.PVM,reon_ana,
SATranslation/system/EC_ACTDOOR.PVM,era_s_okf,
SATranslation/system/EC_ACTDOOR.PVM,edb_o_ten03,
SATranslation/system/EC_ACTDOOR.PVM,edv_K_shimayuka09,
SATranslation/system/EC_ACTDOOR.PVM,k_tbgamewaku,
SATranslation/system/EC_ACTDOOR.PVM,edc_n_tobirah,
SATranslation/system/EC_ACTDOOR.PVM,edc_n_tobirae,
SATranslation/system/EC_ACTDOOR.PVM,eca_s_hasi,
SATranslation/system/EC_ACTDOOR.PVM,era_s_covf,
SATranslation/system/EC_ACTDOOR.PVM,era_s_d,
SATranslation/system/EC_ACTDOOR.PVM,era_s_enus,
SATranslation/system/EC_ACTDOOR.PVM,era_s_gola,
SATranslation/system/EC_ACTDOOR.PVM,era_s_guna,
SATranslation/system/EC_ACTDOOR.PVM,era_s_hedb,
SATranslation/system/EC_ALIFE.PVM,cg_begg,
SATranslation/system/EC_ALIFE.PVM,al_wseff,
SATranslation/system/EC_ALIFE.PVM,al_ws04,
SATranslation/system/EC_ALIFE.PVM,al_ws05,
SATranslation/system/EC_ALIFE.PVM,al_ws06,
SATranslation/system/EC_ALIFE.PVM,al_ws07,
SATranslation/system/EC_ALIFE.PVM,al_ws08,
SATranslation/system/EC_ALIFE.PVM,al_ws09,
SATranslation/system/EC_ALIFE.PVM,al_wsm01,
SATranslation/system/EC_ALIFE.PVM,al_wsm02,
SATranslation/system/EC_BG.PVM,ecsc_s_bkca,
SATranslation/system/EC_BG.PVM,ecsc_s_hareskyd,
SATranslation/system/EC_BG.PVM,ecsc_s_hareskyb,
SATranslation/system/EC_BG.PVM,ecsc_s_hareskya,
SATranslation/system/EC_BG.PVM,ecsc_s_bkcb,
SATranslation/system/EC_BG.PVM,ecsc_s_haresky,
SATranslation/system/EC_BG.PVM,ecsc_s_bkcc,
SATranslation/system/EC_BOAT.PVM,gele_yuka1,
SATranslation/system/EC_BOAT.PVM,box11,
SATranslation/system/EC_BOAT.PVM,belt2,
SATranslation/system/EC_BOAT.PVM,pipe_2,
SATranslation/system/EC_BOAT.PVM,tra_metal,
SATranslation/system/EC_BOAT.PVM,boatdeck0,
SATranslation/system/EC_BOAT.PVM,boat_body1,
SATranslation/system/EC_BOAT.PVM,bot_hudl0,
SATranslation/system/EC_BOAT.PVM,boat_box,
SATranslation/system/EC_BOAT.PVM,gele_tenjyo0,
SATranslation/system/EC_BOAT.PVM,kuda_so2,
SATranslation/system/EC_BOAT.PVM,paip_4,
SATranslation/system/EC_BOAT.PVM,usuaometal,
SATranslation/system/EC_BOAT.PVM,bluemetal2,
SATranslation/system/EC_BOAT.PVM,paip_1,
SATranslation/system/EC_BOAT.PVM,usuaometal4,
SATranslation/system/EC_BOAT.PVM,ss_k_4,
SATranslation/system/EC_BOAT.PVM,jyabara,
SATranslation/system/EC_BOAT.PVM,bluemetalbase,
SATranslation/system/EC_BOAT.PVM,todana10,
SATranslation/system/EC_BOAT.PVM,isu8,
SATranslation/system/EC_BOAT.PVM,isu3_5,
SATranslation/system/EC_CLOUDS.PVM,ecsc_s_cla,
SATranslation/system/EC_CLOUDS.PVM,ecsc_s_clb,
SATranslation/system/EC_CLOUDS.PVM,ecsc_s_clc,
SATranslation/system/EC_EGGLIFT.PVM,edv_K_shimayuka09,
SATranslation/system/EC_EGGLIFT.PVM,era_k_kikb,
SATranslation/system/EC_EGGLIFT.PVM,edc_k_jrokalight,
SATranslation/system/EC_EGGLIFT.PVM,edb_k_nori04,
SATranslation/system/EC_EGGLIFT.PVM,k_hkaidan003,
SATranslation/system/EC_EGGLIFT.PVM,edc_k_hliftright,
SATranslation/system/EC_EGGLIFT.PVM,edv_k_hliftuturi,
SATranslation/system/EC_IKADA.PVM,mr_032o_himo01,
SATranslation/system/EC_IKADA.PVM,mr_032o_himo02,
SATranslation/system/EC_IKADA.PVM,mr_064n_maruta,
SATranslation/system/EC_IKADA.PVM,mr_064o_maki01,
SATranslation/system/EC_IKADA.PVM,mr_064o_maki02,
SATranslation/system/EC_IKADA.PVM,mr_064o_miki01,
SATranslation/system/EC_IKADA.PVM,mr_064o_miki02,
SATranslation/system/EC_IKADA.PVM,mr_128o_miki01,
SATranslation/system/EC_LIGHT.PVM,eca_s_banal,
SATranslation/system/EC_LIGHT.PVM,eca_s_banb,
SATranslation/system/EC_LIGHT.PVM,eca_s_bwa,
SATranslation/system/EC_LIGHT.PVM,eca_s_drill,
SATranslation/system/EC_LIGHT.PVM,ecff_s_bia,
SATranslation/system/EC_LIGHT.PVM,ecff_s_bka,
SATranslation/system/EC_LIGHT.PVM,ecff_s_enga,
SATranslation/system/EC_LIGHT.PVM,ecff_s_engb,
SATranslation/system/EC_LIGHT.PVM,ecff_s_engc,
SATranslation/system/EC_LIGHT.PVM,ecff_s_heda,
SATranslation/system/EC_LIGHT.PVM,ecff_s_inta,
SATranslation/system/EC_LIGHT.PVM,ecff_s_joba,
SATranslation/system/EC_LIGHT.PVM,ecff_s_sita,
SATranslation/system/EC_LIGHT.PVM,ecff_s_yoka,
SATranslation/system/EC_LIGHT.PVM,ecff_s_yokb,
SATranslation/system/EC_LIGHT.PVM,ecf_s_inta,
SATranslation/system/EC_LIGHT.PVM,ecf_s_intb,
SATranslation/system/EC_LIGHT.PVM,era_s_enmd,
SATranslation/system/EC_LIGHT.PVM,era_s_intc,
SATranslation/system/EC_LIGHT.PVM,stg_s_bkfirec,
SATranslation/system/EC_LIGHT.PVM,stg_s_bkfired,
SATranslation/system/EC_SEA.PVM,ecsc_s_haresky,
SATranslation/system/EC_SEA.PVM,ecsc_s_hareskya,
SATranslation/system/EC_SEA.PVM,ecsc_s_hareskyb,
SATranslation/system/EC_SEA.PVM,ecsc_s_hareskyd,
SATranslation/system/EC_SEA.PVM,m128_sea001,
SATranslation/system/EC_SEA.PVM,m128_sea002,
SATranslation/system/EC_SEA.PVM,m128_sea003,
SATranslation/system/EC_SEA.PVM,m128_sea004,
SATranslation/system/EC_SEA.PVM,m128_sea005,
SATranslation/system/EC_SEA.PVM,m128_sea006,
SATranslation/system/EC_SEA.PVM,m128_sea007,
SATranslation/system/EC_SEA.PVM,m128_sea008,
SATranslation/system/EC_SEA.PVM,m128_sea009,
SATranslation/system/EC_SEA.PVM,m128_sea010,
SATranslation/system/EC_SKY.PVM,ecsc_s_bkca,
SATranslation/system/EC_SKY.PVM,ecsc_s_bkcb,
SATranslation/system/EC_SKY.PVM,ecsc_s_bkcc,
SATranslation/system/EC_SKY.PVM,ecsc_s_bkcd,
SATranslation/system/EC_SKY.PVM,stg_s_bkfirec,
SATranslation/system/EC_SKY.PVM,stg_s_bkfired,
SATranslation/system/EC_SKY.PVM,ecsc_s_cla,
SATranslation/system/EC_SKY.PVM,ecsc_s_clb,
SATranslation/system/EC_SKY.PVM,ecsc_s_clc,
SATranslation/system/EC_STATION.PVM,k_tcomp,
SATranslation/system/EC_STATION.PVM,k_hkuti2,
SATranslation/system/EC_STATION.PVM,k_hikaritubu,
SATranslation/system/EC_STATION.PVM,k_hasimoto001,
SATranslation/system/EC_STATION.PVM,era_k_kikb,
SATranslation/system/EC_STATION.PVM,edc_k_hekimon,
SATranslation/system/EC_STATION.PVM,edv_k_ekibut,
SATranslation/system/EC_STATION.PVM,edv_k_ekihikari,
SATranslation/system/EC_STATION.PVM,edv_k_keiji,
SATranslation/system/EC_STATION.PVM,k_hkaidan003,
SATranslation/system/EC_STATION.PVM,edc_k_hekidan,
SATranslation/system/EC_STATION.PVM,edv_k_ekibut2,
SATranslation/system/EC_TARAI.PVM,edc_k_jmedama,
SATranslation/system/EC_TARAI.PVM,edv_k_traingarasu,
SATranslation/system/EC_TARAI.PVM,edv_f_kagayab,
SATranslation/system/EC_TARAI.PVM,edv_f_mojia,
SATranslation/system/EC_TARAI.PVM,ecf_funa,
SATranslation/system/EC_TARAI.PVM,edv_f_nana,
SATranslation/system/EC_TARAI.PVM,era_s_intb,
SATranslation/system/EC_TARAI.PVM,k_tuekabe,
SATranslation/system/EC_TARAI.PVM,edv_f_wee,
SATranslation/system/EC_TARAI.PVM,edv_f_good,
SATranslation/system/EC_TARAI.PVM,edc_f_kemuri,
SATranslation/system/EC_TARAI.PVM,mr_032o_kasan,
SATranslation/system/EC_TARAI.PVM,edb_f_taraib,
SATranslation/system/EC_TARAI.PVM,edv_f_kagaya,
SATranslation/system/EC_TARAI.PVM,edv_f_mojie,
SATranslation/system/EC_TARAI.PVM,edv_f_mojig,
SATranslation/system/EC_TARAI.PVM,edv_f_mojim,
SATranslation/system/EC_TARAI.PVM,edv_f_mojin,
SATranslation/system/EC_TORNADO.PVM,s_edc_n_bor,
SATranslation/system/EC_TORNADO.PVM,s_t2_bodya,
SATranslation/system/EC_TORNADO.PVM,s_t2_bodyb,
SATranslation/system/EC_TORNADO.PVM,s_t2_bodyc,
SATranslation/system/EC_TORNADO.PVM,s_t2_bodyd,
SATranslation/system/EC_TORNADO.PVM,s_t2_bodye,
SATranslation/system/EC_TORNADO.PVM,s_t2_bodyf,
SATranslation/system/EC_TORNADO.PVM,s_t2_bodyg,
SATranslation/system/EC_TORNADO.PVM,s_t2_cano,
SATranslation/system/EC_TORNADO.PVM,s_t2_canob,
SATranslation/system/EC_TORNADO.PVM,s_t2_heada,
SATranslation/system/EC_TORNADO.PVM,s_t2_headb,
SATranslation/system/EC_TORNADO.PVM,s_t2_headc,
SATranslation/system/EC_TORNADO.PVM,s_t2_headd,
SATranslation/system/EC_TORNADO.PVM,s_t2_heade,
SATranslation/system/EC_TORNADO.PVM,s_t2_headf,
SATranslation/system/EC_TORNADO.PVM,s_t2_jeta,
SATranslation/system/EC_TORNADO.PVM,s_t2_jetb,
SATranslation/system/EC_TORNADO.PVM,s_t2_jetc,
SATranslation/system/EC_TORNADO.PVM,s_t2_jetd,
SATranslation/system/EC_TORNADO.PVM,s_t2_mks,
SATranslation/system/EC_TORNADO.PVM,s_t2_mkt,
SATranslation/system/EC_TORNADO.PVM,s_t2_winga,
SATranslation/system/EC_TORNADO.PVM,s_t2_wingb,
SATranslation/system/EC_TORNADO.PVM,s_t2_wingc,
SATranslation/system/EC_TRANSFORM.PVM,eca_s_banal,
SATranslation/system/EC_TRANSFORM.PVM,eca_s_banb,
SATranslation/system/EC_TRANSFORM.PVM,eca_s_bwa,
SATranslation/system/EC_TRANSFORM.PVM,eca_s_bwb,
SATranslation/system/EC_TRANSFORM.PVM,eca_s_drill,
SATranslation/system/EC_TRANSFORM.PVM,eca_s_gra,
SATranslation/system/EC_TRANSFORM.PVM,eca_s_gry,
SATranslation/system/EC_TRANSFORM.PVM,eca_s_kikb,
SATranslation/system/EC_TRANSFORM.PVM,eca_s_sitya,
SATranslation/system/EC_TRANSFORM.PVM,eca_s_whta,
SATranslation/system/EC_TRANSFORM.PVM,eca_s_wood,
SATranslation/system/EC_TRANSFORM.PVM,ecf_funa,
SATranslation/system/EC_TRANSFORM.PVM,ecf_s_aka,
SATranslation/system/EC_TRANSFORM.PVM,ecf_s_egga,
SATranslation/system/EC_TRANSFORM.PVM,ecf_s_eggb,
SATranslation/system/EC_TRANSFORM.PVM,ecf_s_gla,
SATranslation/system/EC_TRANSFORM.PVM,ecf_s_glb,
SATranslation/system/EC_TRANSFORM.PVM,ecf_s_glc,
SATranslation/system/EC_TRANSFORM.PVM,ecf_s_gld,
SATranslation/system/EC_TRANSFORM.PVM,ecf_s_gle,
SATranslation/system/EC_TRANSFORM.PVM,ecf_s_glf,
SATranslation/system/EC_TRANSFORM.PVM,ecf_s_glg,
SATranslation/system/EC_TRANSFORM.PVM,ecf_s_glh,
SATranslation/system/EC_TRANSFORM.PVM,ecf_s_gra,
SATranslation/system/EC_TRANSFORM.PVM,ecf_s_gya,
SATranslation/system/EC_TRANSFORM.PVM,ecf_s_inta,
SATranslation/system/EC_TRANSFORM.PVM,ecf_s_intb,
SATranslation/system/EC_TRANSFORM.PVM,ecf_s_kana,
SATranslation/system/EC_TRANSFORM.PVM,ecf_s_kia,
SATranslation/system/EC_TRANSFORM.PVM,ecf_s_kib,
SATranslation/system/EC_TRANSFORM.PVM,ecf_s_kic,
SATranslation/system/EC_TRANSFORM.PVM,ecf_s_kid,
SATranslation/system/EC_TRANSFORM.PVM,ecf_s_wina,
SATranslation/system/EC_TRANSFORM.PVM,ecf_s_yuka,
SATranslation/system/EC_TRANSFORM.PVM,edc_n_tank3,
SATranslation/system/EC_TRANSFORM.PVM,edv_n_yuka03,
SATranslation/system/EC_TRANSFORM.PVM,era_s_a,
SATranslation/system/EC_TRANSFORM.PVM,era_s_enmd,
SATranslation/system/EC_TRANSFORM.PVM,era_s_enus,
SATranslation/system/EC_TRANSFORM.PVM,era_s_gola,
SATranslation/system/EC_TRANSFORM.PVM,era_s_guna,
SATranslation/system/EC_TRANSFORM.PVM,era_s_inta,
SATranslation/system/EC_TRANSFORM.PVM,era_s_intc,
SATranslation/system/EC_TRANSFORM.PVM,era_s_knpb,
SATranslation/system/EC_TRANSFORM.PVM,era_s_oka,
SATranslation/system/EC_TRANSFORM.PVM,era_s_okb,
SATranslation/system/EC_TRANSFORM.PVM,era_s_oke,
SATranslation/system/EC_WATER.PVM,s_los_wt00,
SATranslation/system/EC_WATER.PVM,s_los_wt01,
SATranslation/system/EC_WATER.PVM,s_los_wt02,
SATranslation/system/EC_WATER.PVM,s_los_wt03,
SATranslation/system/EC_WATER.PVM,s_los_wt04,
SATranslation/system/EC_WATER.PVM,s_los_wt05,
SATranslation/system/EC_WATER.PVM,s_los_wt06,
SATranslation/system/EC_WATER.PVM,s_los_wt07,
SATranslation/system/EC_WATER.PVM,s_los_wt08,
SATranslation/system/EC_WATER.PVM,s_los_wt09,
SATranslation/system/EC_WATER.PVM,s_los_wt10,
SATranslation/system/EC_WATER.PVM,s_los_wt11,
SATranslation/system/EC_WATER.PVM,s_los_wt12,
SATranslation/system/EC_WATER.PVM,s_los_wt13,
SATranslation/system/EDV_K_HLIFT.PVM,edc_k_jrokalight,
SATranslation/system/EDV_K_HLIFT.PVM,edv_K_shimayuka09,
SATranslation/system/EDV_K_HLIFT.PVM,k_hkaidan003,
SATranslation/system/EDV_K_HLIFT.PVM,era_k_kikb,
SATranslation/system/EDV_K_HLIFT.PVM,edc_k_hliftright,
SATranslation/system/EDV_K_HLIFT.PVM,edb_k_nori04,
SATranslation/system/EDV_K_HLIFT.PVM,edv_k_hliftuturi,
SATranslation/system/EDV_S_STDOOR.PVM,edv_K_shimayuka09,
SATranslation/system/EDV_S_STDOOR.PVM,eca_s_hasi,
SATranslation/system/EDV_S_STDOOR.PVM,era_s_covf,
SATranslation/system/EDV_S_STDOOR.PVM,era_s_d,
SATranslation/system/EDV_S_STDOOR.PVM,k_tbgamewaku,
SATranslation/system/EDV_S_STDOOR.PVM,era_s_hedb,
SATranslation/system/EDV_S_STDOOR.PVM,edb_o_ten03,
SATranslation/system/EDV_S_STDOOR.PVM,edc_n_tobirae,
SATranslation/system/EDV_S_STDOOR.PVM,edc_n_tobirah,
SATranslation/system/EDV_S_STDOOR.PVM,era_s_gola,
SATranslation/system/EDV_S_STDOOR.PVM,era_s_okf,
SATranslation/system/EDV_S_STDOOR.PVM,era_s_enus,
SATranslation/system/EDV_S_STDOOR.PVM,era_s_guna,
SATranslation/system/EFF_C7_BUBBLE.PVM,awani01,
SATranslation/system/EFF_C7_BUBBLE.PVM,awani02,
SATranslation/system/EFF_C7_BUBBLE.PVM,awani03,
SATranslation/system/EFF_C7_BUBBLE.PVM,awani04,
SATranslation/system/EFF_C7_BUBBLE.PVM,awani05,
SATranslation/system/EFF_C7_BUBBLE.PVM,awani06,
SATranslation/system/EFF_C7_BUBBLE.PVM,awani07,
SATranslation/system/EFF_C7_BUBBLE.PVM,awani08,
SATranslation/system/EFF_C7_BUBBLE.PVM,awani09,
SATranslation/system/EFF_C7_BUBBLE.PVM,awani10,
SATranslation/system/EFF_C7_BUBBLE.PVM,awani11,
SATranslation/system/EFF_C7_BUBBLE.PVM,awani12,
SATranslation/system/EFF_C7_BUBBLE.PVM,awani13,
SATranslation/system/EFF_C7_BUBBLE.PVM,awani14,
SATranslation/system/EFF_C7_BUBBLE.PVM,awani15,
SATranslation/system/EFF_CANDLE.PVM,candle01,
SATranslation/system/EFF_CANDLE.PVM,candle02,
SATranslation/system/EFF_CANDLE.PVM,candle03,
SATranslation/system/EFF_CANDLE.PVM,candle04,
SATranslation/system/EFF_CANDLE.PVM,candle05,
SATranslation/system/EFF_CANDLE.PVM,candle06,
SATranslation/system/EFF_CANDLE.PVM,candle07,
SATranslation/system/EFF_CANDLE.PVM,candle08,
SATranslation/system/EFF_CANDLE.PVM,candle09,
SATranslation/system/EFF_CANDLE.PVM,candle10,
SATranslation/system/EFF_CANDLE.PVM,candle11,
SATranslation/system/EFF_CANDLE.PVM,candle12,
SATranslation/system/EFF_CANDLE.PVM,candle13,
SATranslation/system/EFF_CANDLE.PVM,candle14,
SATranslation/system/EFF_CANDLE.PVM,candle15,
SATranslation/system/EFF_CANDLE.PVM,candle16,
SATranslation/system/EFF_FINALEGG_POM.PVM,pom08,
SATranslation/system/EFF_FINALEGG_POM.PVM,pom02,
SATranslation/system/EFF_FINALEGG_POM.PVM,pom03,
SATranslation/system/EFF_FINALEGG_POM.PVM,pom04,
SATranslation/system/EFF_FINALEGG_POM.PVM,pom05,
SATranslation/system/EFF_FINALEGG_POM.PVM,pom06,
SATranslation/system/EFF_FINALEGG_POM.PVM,pom07,
SATranslation/system/EFF_FINALEGG_POM.PVM,pom01,
SATranslation/system/EFF_PAST.PVM,bigfire01,
SATranslation/system/EFF_PAST.PVM,bigfire02,
SATranslation/system/EFF_PAST.PVM,bigfire03,
SATranslation/system/EFF_PAST.PVM,bigfire04,
SATranslation/system/EFF_PAST.PVM,bigfire05,
SATranslation/system/EFF_PAST.PVM,bigfire06,
SATranslation/system/EFF_PAST.PVM,bigfire07,
SATranslation/system/EFF_PAST.PVM,bigfire08,
SATranslation/system/EFF_PAST.PVM,bigfire09,
SATranslation/system/EFF_PAST.PVM,bigfire10,
SATranslation/system/EFF_PAST.PVM,bigfire11,
SATranslation/system/EFF_PAST.PVM,bigfire12,
SATranslation/system/EFF_PAST.PVM,bigfire13,
SATranslation/system/EFF_PAST.PVM,bigfire14,
SATranslation/system/EFF_PAST.PVM,bigfire15,
SATranslation/system/EFF_PAST.PVM,bigfire16,
SATranslation/system/EFF_PAST.PVM,watersmoke01,
SATranslation/system/EFF_PAST.PVM,watersmoke02,
SATranslation/system/EFF_PAST.PVM,watersmoke03,
SATranslation/system/EFF_PAST.PVM,watersmoke04,
SATranslation/system/EFF_PAST.PVM,watersmoke05,
SATranslation/system/EFF_PAST.PVM,watersmoke06,
SATranslation/system/EFF_PAST.PVM,watersmoke07,
SATranslation/system/EFF_PAST.PVM,watersmoke08,
SATranslation/system/EFF_REGULAR.PVM,ring01,
SATranslation/system/EFF_REGULAR.PVM,ring02,
SATranslation/system/EFF_REGULAR.PVM,ring03,
SATranslation/system/EFF_REGULAR.PVM,ring04,
SATranslation/system/EFF_REGULAR.PVM,ring05,
SATranslation/system/EFF_REGULAR.PVM,ring06,
SATranslation/system/EFF_REGULAR.PVM,ring07,
SATranslation/system/EFF_REGULAR.PVM,ring08,
SATranslation/system/EFF_REGULAR.PVM,dust01,
SATranslation/system/EFF_REGULAR.PVM,dust02,
SATranslation/system/EFF_REGULAR.PVM,dust03,
SATranslation/system/EFF_REGULAR.PVM,dust04,
SATranslation/system/EFF_REGULAR.PVM,dust05,
SATranslation/system/EFF_REGULAR.PVM,dust06,
SATranslation/system/EFF_REGULAR.PVM,dust07,
SATranslation/system/EFF_REGULAR.PVM,dust08,
SATranslation/system/EFF_REGULAR.PVM,bomb01,
SATranslation/system/EFF_REGULAR.PVM,bomb02,
SATranslation/system/EFF_REGULAR.PVM,bomb03,
SATranslation/system/EFF_REGULAR.PVM,bomb04,
SATranslation/system/EFF_REGULAR.PVM,bomb05,
SATranslation/system/EFF_REGULAR.PVM,bomb06,
SATranslation/system/EFF_REGULAR.PVM,bomb07,
SATranslation/system/EFF_REGULAR.PVM,bomb08,
SATranslation/system/EFF_REGULAR.PVM,bomb09,
SATranslation/system/EFF_REGULAR.PVM,bomb10,
SATranslation/system/EFF_REGULAR.PVM,bomb11,
SATranslation/system/EFF_REGULAR.PVM,bomb12,
SATranslation/system/EFF_REGULAR.PVM,bomb13,
SATranslation/system/EFF_REGULAR.PVM,bomb14,
SATranslation/system/EFF_REGULAR.PVM,bomb15,
SATranslation/system/EFF_REGULAR.PVM,bomb16,
SATranslation/system/EFF_REGULAR.PVM,exp01,
SATranslation/system/EFF_REGULAR.PVM,exp02,
SATranslation/system/EFF_REGULAR.PVM,exp03,
SATranslation/system/EFF_REGULAR.PVM,exp04,
SATranslation/system/EFF_REGULAR.PVM,exp05,
SATranslation/system/EFF_REGULAR.PVM,exp06,
SATranslation/system/EFF_REGULAR.PVM,exp07,
SATranslation/system/EFF_REGULAR.PVM,exp08,
SATranslation/system/EFF_REGULAR.PVM,flame01,
SATranslation/system/EFF_REGULAR.PVM,flame02,
SATranslation/system/EFF_REGULAR.PVM,flame03,
SATranslation/system/EFF_REGULAR.PVM,flame04,
SATranslation/system/EFF_REGULAR.PVM,flame05,
SATranslation/system/EFF_REGULAR.PVM,flame06,
SATranslation/system/EFF_REGULAR.PVM,flame07,
SATranslation/system/EFF_REGULAR.PVM,flame08,
SATranslation/system/EFF_REGULAR.PVM,flame09,
SATranslation/system/EFF_REGULAR.PVM,flame10,
SATranslation/system/EFF_REGULAR.PVM,lens01,
SATranslation/system/EFF_REGULAR.PVM,lens02,
SATranslation/system/EFF_REGULAR.PVM,lens03,
SATranslation/system/EFF_REGULAR.PVM,lens04,
SATranslation/system/EFF_REGULAR.PVM,lens05,
SATranslation/system/EFF_REGULAR.PVM,lens06,
SATranslation/system/EFF_REGULAR.PVM,lens07,
SATranslation/system/EFF_REGULAR.PVM,panlight,
SATranslation/system/EFF_REGULAR.PVM,hit_l01,
SATranslation/system/EFF_REGULAR.PVM,hit_l02,
SATranslation/system/EFF_REGULAR.PVM,hit_l03,
SATranslation/system/EFF_REGULAR.PVM,hit_l04,
SATranslation/system/EFF_REGULAR.PVM,hit_l05,
SATranslation/system/EFF_REGULAR.PVM,hit_l06,
SATranslation/system/EFF_REGULAR.PVM,hit_l07,
SATranslation/system/EFF_REGULAR.PVM,hit_l08,
SATranslation/system/EFF_REGULAR.PVM,kiran01,
SATranslation/system/EFF_REGULAR.PVM,kiran02,
SATranslation/system/EFF_REGULAR.PVM,kiran03,
SATranslation/system/EFF_REGULAR.PVM,kiran04,
SATranslation/system/EFF_REGULAR.PVM,mlightning01,
SATranslation/system/EFF_REGULAR.PVM,mlightning02,
SATranslation/system/EFF_REGULAR.PVM,mlightning03,
SATranslation/system/EFF_REGULAR.PVM,mlightning04,
SATranslation/system/EFF_REGULAR.PVM,mlightning05,
SATranslation/system/EFF_REGULAR.PVM,mlightning06,
SATranslation/system/EFF_REGULAR.PVM,mlightning07,
SATranslation/system/EFF_REGULAR.PVM,mlightning08,
SATranslation/system/EFF_REGULAR.PVM,splash_a01,
SATranslation/system/EFF_REGULAR.PVM,splash_a02,
SATranslation/system/EFF_REGULAR.PVM,splash_a03,
SATranslation/system/EFF_REGULAR.PVM,splash_a04,
SATranslation/system/EFF_REGULAR.PVM,splash_a05,
SATranslation/system/EFF_REGULAR.PVM,splash_a06,
SATranslation/system/EFF_REGULAR.PVM,splash_a07,
SATranslation/system/EFF_REGULAR.PVM,splash_a08,
SATranslation/system/EFF_REGULAR.PVM,roketthrust01,
SATranslation/system/EFF_REGULAR.PVM,roketthrust02,
SATranslation/system/EFF_REGULAR.PVM,roketthrust03,
SATranslation/system/EFF_REGULAR.PVM,roketthrust04,
SATranslation/system/EFF_REGULAR.PVM,roketthrust05,
SATranslation/system/EFF_REGULAR.PVM,roketthrust06,
SATranslation/system/EFF_REGULAR.PVM,roketthrust07,
SATranslation/system/EFF_REGULAR.PVM,roketthrust08,
SATranslation/system/EFF_REGULAR.PVM,snowp01,
SATranslation/system/EFF_REGULAR.PVM,snowp02,
SATranslation/system/EFF_REGULAR.PVM,snowp03,
SATranslation/system/EFF_REGULAR.PVM,snowp04,
SATranslation/system/EFF_REGULAR.PVM,snowp05,
SATranslation/system/EFF_REGULAR.PVM,snowp06,
SATranslation/system/EFF_REGULAR.PVM,snowp07,
SATranslation/system/EFF_REGULAR.PVM,snowp08,
SATranslation/system/EFF_REGULAR.PVM,barria_t01,
SATranslation/system/EFF_REGULAR.PVM,barria_t02,
SATranslation/system/EFF_REGULAR.PVM,barria_t03,
SATranslation/system/EFF_REGULAR.PVM,barria_t04,
SATranslation/system/EFF_REGULAR.PVM,barria_t05,
SATranslation/system/EFF_REGULAR.PVM,barria_t06,
SATranslation/system/EFF_REGULAR.PVM,barria_t07,
SATranslation/system/EFF_REGULAR.PVM,barria_t08,
SATranslation/system/EFF_REGULAR.PVM,barria_t09,
SATranslation/system/EFF_REGULAR.PVM,barria_t10,
SATranslation/system/EFF_REGULAR.PVM,barria_t11,
SATranslation/system/EFF_REGULAR.PVM,barria_n01,
SATranslation/system/EFF_REGULAR.PVM,barria_n02,
SATranslation/system/EFF_REGULAR.PVM,barria_n03,
SATranslation/system/EFF_REGULAR.PVM,barria_n04,
SATranslation/system/EFF_REGULAR.PVM,barria_n05,
SATranslation/system/EFF_REGULAR.PVM,barria_n06,
SATranslation/system/EFF_REGULAR.PVM,barria_n07,
SATranslation/system/EFF_REGULAR.PVM,barria_n08,
SATranslation/system/EFF_REGULAR.PVM,muteki01,
SATranslation/system/EFF_REGULAR.PVM,muteki02,
SATranslation/system/EFF_REGULAR.PVM,muteki03,
SATranslation/system/EFF_REGULAR.PVM,muteki04,
SATranslation/system/EFF_REGULAR.PVM,muteki05,
SATranslation/system/EFF_REGULAR.PVM,muteki06,
SATranslation/system/EFF_REGULAR.PVM,muteki07,
SATranslation/system/EFF_REGULAR.PVM,muteki08,
SATranslation/system/EFF_REGULAR.PVM,p_exp,
SATranslation/system/EFF_REGULAR.PVM,bubble,
SATranslation/system/EFF_REGULAR.PVM,pan_jetb01,
SATranslation/system/EFF_REGULAR.PVM,pan_jetb02,
SATranslation/system/EFF_REGULAR.PVM,pan_jetb03,
SATranslation/system/EFF_REGULAR.PVM,hit,
SATranslation/system/EFF_REGULAR.PVM,mutekiball,
SATranslation/system/EFF_SANDBOARD.PVM,sunabokem01,
SATranslation/system/EFF_SANDBOARD.PVM,sunabokem02,
SATranslation/system/EFF_SANDBOARD.PVM,sunabokem03,
SATranslation/system/EFF_SANDBOARD.PVM,sunabokem04,
SATranslation/system/EFF_SANDBOARD.PVM,sunabokem05,
SATranslation/system/EFF_SANDBOARD.PVM,sunabokem06,
SATranslation/system/EFF_SANDBOARD.PVM,sunabokem07,
SATranslation/system/EFF_SANDBOARD.PVM,sunabokem08,
SATranslation/system/EFF_SANDBOARD.PVM,sunabokem09,
SATranslation/system/EFF_SANDBOARD.PVM,sunabokem10,
SATranslation/system/EFF_SANDBOARD.PVM,sunabokem11,
SATranslation/system/EFF_SANDBOARD.PVM,sunabokem12,
SATranslation/system/EFF_SANDBOARD.PVM,sunabokem13,
SATranslation/system/EFF_SANDBOARD.PVM,sunabokem14,
SATranslation/system/EFF_SANDBOARD.PVM,sunabokem15,
SATranslation/system/EFF_SANDBOARD.PVM,sunabokem16,
SATranslation/system/EFF_SANDBOARD.PVM,snabop01,
SATranslation/system/EFF_SANDBOARD.PVM,snabop02,
SATranslation/system/EFF_SANDBOARD.PVM,snabop03,
SATranslation/system/EFF_SANDBOARD.PVM,snabop04,
SATranslation/system/EFF_SANDBOARD.PVM,snabop05,
SATranslation/system/EFF_SANDBOARD.PVM,snabop06,
SATranslation/system/EFF_SANDBOARD.PVM,snabop07,
SATranslation/system/EFF_SANDBOARD.PVM,snabop08,
SATranslation/system/EFF_TWINKLE.PVM,tp_kira01,
SATranslation/system/EFF_TWINKLE.PVM,tp_kira02,
SATranslation/system/EFF_TWINKLE.PVM,tp_kira03,
SATranslation/system/EFF_WT_COLUMN.PVM,c4_column01,
SATranslation/system/EFF_WT_COLUMN.PVM,c4_column02,
SATranslation/system/EFF_WT_COLUMN.PVM,c4_column03,
SATranslation/system/EFF_WT_COLUMN.PVM,c4_column04,
SATranslation/system/EFF_WT_COLUMN.PVM,c4_column05,
SATranslation/system/EGG_MISSILE.PVM,ref_white,
SATranslation/system/EGG_MISSILE.PVM,ref_black,
SATranslation/system/EGG_MISSILE.PVM,ref_crome,
SATranslation/system/EGG_MISSILE.PVM,hg01,
SATranslation/system/EGG_MISSILE.PVM,st_cornerlight,
SATranslation/system/EGG_MISSILE.PVM,esc_01,
SATranslation/system/EGG_MISSILE.PVM,eggss,
SATranslation/system/EGGMAN.PVM,e_fuku01,
SATranslation/system/EGGMAN.PVM,e_fuku02,
SATranslation/system/EGGMAN.PVM,e_fuku03,
SATranslation/system/EGGMAN.PVM,e_fuku04,
SATranslation/system/EGGMAN.PVM,e_hige,
SATranslation/system/EGGMAN.PVM,e_koshi01,
SATranslation/system/EGGMAN.PVM,e_kutu01,
SATranslation/system/EGGMAN.PVM,e_kutu02,
SATranslation/system/EGGMAN.PVM,e_kutu03,
SATranslation/system/EGGMAN.PVM,eghada,
SATranslation/system/EGGMAN.PVM,eghana,
SATranslation/system/EGGMAN.PVM,egsiro,
SATranslation/system/EGGMAN.PVM,kan_g,DE
SATranslation/system/EGGMAN.PVM,kan_m,
SATranslation/system/EGGMAN.PVM,kan_s,ES
SATranslation/system/EGGMAN.PVM,kan_y,
SATranslation/system/EGGMAN.PVM,s_hando2,
SATranslation/system/EGGMAN.PVM,s_testhand,
SATranslation/system/EGGROB.PVM,ertx_black0,
SATranslation/system/EGGROB.PVM,ertx_en,EN
SATranslation/system/EGGROB.PVM,ertx_eyes,
SATranslation/system/EGGROB.PVM,ertx_green1,
SATranslation/system/EGGROB.PVM,ertx_green3,
SATranslation/system/EGGROB.PVM,ertx_green4,
SATranslation/system/EGGROB.PVM,ertx_green5,
SATranslation/system/EGGROB.PVM,ertx_green7,
SATranslation/system/EGGROB.PVM,ertx_head,
SATranslation/system/EGGROB.PVM,ertx_head3,
SATranslation/system/EGGROB.PVM,ertx_iat0,
SATranslation/system/EGGROB.PVM,ertx_kosi0,
SATranslation/system/EGGROB.PVM,ertx_metal0,
SATranslation/system/EGGROB.PVM,ertx_paipe,
SATranslation/system/EGGROB.PVM,ertx_red0,
SATranslation/system/EGGROB.PVM,ertx_red1,
SATranslation/system/EGGROB.PVM,ertx_right0,
SATranslation/system/EGGROB.PVM,ertx_right1,
SATranslation/system/EGGROB.PVM,ertx_right2,
SATranslation/system/EGGROB.PVM,ertx_te0,
SATranslation/system/EGGROB.PVM,ertx_yellow0,
SATranslation/system/EGGROB.PVM,zero_shock01,
SATranslation/system/EGGROB.PVM,zero_shock02,
SATranslation/system/EGGROB.PVM,er_hatena0,
SATranslation/system/EGGROB.PVM,er_hatena1,
SATranslation/system/EGGROB.PVM,er_hatena2,
SATranslation/system/EGGROB.PVM,er_hirame0,
SATranslation/system/EGGROB.PVM,er_hirame1,
SATranslation/system/EGGROB.PVM,er_hirame2,
SATranslation/system/EGM1.PVM,eg_neji,
SATranslation/system/EGM1.PVM,egm_m1,
SATranslation/system/EGM1.PVM,eg_b201,
SATranslation/system/EGM1.PVM,egm_r02,
SATranslation/system/EGM1.PVM,sno_k01,
SATranslation/system/EGM1.PVM,eg_jyoin,
SATranslation/system/EGM1.PVM,sky_ref,
SATranslation/system/EGM1.PVM,egm1_mark,
SATranslation/system/EGM1.PVM,blackm2,
SATranslation/system/EGM1.PVM,whit_s,ES
SATranslation/system/EGM1.PVM,eg_rbrack,
SATranslation/system/EGM1.PVM,eg_seet01,
SATranslation/system/EGM1.PVM,eg_b03,
SATranslation/system/EGM1.PVM,eg_b033,
SATranslation/system/EGM1.PVM,eg_waku01,
SATranslation/system/EGM1.PVM,console2,
SATranslation/system/EGM1.PVM,sno_ref11,
SATranslation/system/EGM1.PVM,egm_r01,
SATranslation/system/EGM1.PVM,sor_whit,
SATranslation/system/EGM1.PVM,snolight,
SATranslation/system/EGM1.PVM,egm_b02,
SATranslation/system/EGM1.PVM,egm_m01,
SATranslation/system/EGM1.PVM,eg_b02,
SATranslation/system/EGM1.PVM,orenge,
SATranslation/system/EGM1.PVM,eg_b01,
SATranslation/system/EGM1BARRIER.PVM,egm1barrier01,
SATranslation/system/EGM1BARRIER.PVM,egm1barrier02,
SATranslation/system/EGM1BARRIER.PVM,egm1barrier03,
SATranslation/system/EGM1BARRIER.PVM,egm1barrier04,
SATranslation/system/EGM1BARRIER.PVM,egm1barrier05,
SATranslation/system/EGM1BARRIER.PVM,egm1barrier06,
SATranslation/system/EGM1BARRIER.PVM,egm1barrier07,
SATranslation/system/EGM1BARRIER.PVM,egm1barrier08,
SATranslation/system/EGM1EGGMAN.PVM,e_fuku03,
SATranslation/system/EGM1EGGMAN.PVM,e_fuku02,
SATranslation/system/EGM1EGGMAN.PVM,e_koshi01,
SATranslation/system/EGM1EGGMAN.PVM,kan_g,DE
SATranslation/system/EGM1EGGMAN.PVM,kan_m,
SATranslation/system/EGM1EGGMAN.PVM,e_hige,
SATranslation/system/EGM1EGGMAN.PVM,e_fuku04,
SATranslation/system/EGM1EGGMAN.PVM,e_fuku01,
SATranslation/system/EGM1EGGMAN.PVM,e_te01,
SATranslation/system/EGM1EGGMAN.PVM,s_hando2,
SATranslation/system/EGM1EGGMAN.PVM,s_testhand,
SATranslation/system/EGM1EGGMAN.PVM,kan_s,ES
SATranslation/system/EGM1EGGMAN.PVM,eghada,
SATranslation/system/EGM1EGGMAN.PVM,eghana,
SATranslation/system/EGM1JET.PVM,egm01_jet01,
SATranslation/system/EGM1JET.PVM,egm01_jet02,
SATranslation/system/EGM1JET.PVM,egm01_jet03,
SATranslation/system/EGM1JETB.PVM,pan_jetb01,
SATranslation/system/EGM1JETB.PVM,pan_jetb02,
SATranslation/system/EGM1JETB.PVM,pan_jetb03,
SATranslation/system/EGM1LAND.PVM,kawaisc,
SATranslation/system/EGM1LAND.PVM,kawaisf,
SATranslation/system/EGM1LAND.PVM,kawaisie,
SATranslation/system/EGM1LAND.PVM,mr_008o_kuro,
SATranslation/system/EGM1LAND.PVM,mr_016o_hagu,
SATranslation/system/EGM1LAND.PVM,mr_016o_tank3,
SATranslation/system/EGM1LAND.PVM,mr_016o_yane,
SATranslation/system/EGM1LAND.PVM,mr_032f_asi,
SATranslation/system/EGM1LAND.PVM,mr_032o_gold,
SATranslation/system/EGM1LAND.PVM,mr_032o_hagu01,
SATranslation/system/EGM1LAND.PVM,mr_032o_handl2,
SATranslation/system/EGM1LAND.PVM,mr_032o_handl3,
SATranslation/system/EGM1LAND.PVM,mr_032o_handl4,
SATranslation/system/EGM1LAND.PVM,mr_032o_kbn01,
SATranslation/system/EGM1LAND.PVM,mr_032o_kdan,
SATranslation/system/EGM1LAND.PVM,mr_032o_kdan2,
SATranslation/system/EGM1LAND.PVM,mr_032o_kdan3,
SATranslation/system/EGM1LAND.PVM,mr_032o_kmn,
SATranslation/system/EGM1LAND.PVM,mr_032o_reel02,
SATranslation/system/EGM1LAND.PVM,mr_032o_reel03,
SATranslation/system/EGM1LAND.PVM,mr_032o_reel04,
SATranslation/system/EGM1LAND.PVM,mr_064f_kiri,
SATranslation/system/EGM1LAND.PVM,mr_064n_maruta,
SATranslation/system/EGM1LAND.PVM,mr_064n_mikid,
SATranslation/system/EGM1LAND.PVM,mr_064n_yasia,
SATranslation/system/EGM1LAND.PVM,mr_064o_asb,
SATranslation/system/EGM1LAND.PVM,mr_064o_hagu01,
SATranslation/system/EGM1LAND.PVM,mr_064o_hagu02,
SATranslation/system/EGM1LAND.PVM,mr_064o_heavy,
SATranslation/system/EGM1LAND.PVM,mr_064o_heavy2,
SATranslation/system/EGM1LAND.PVM,mr_064o_heavy3,
SATranslation/system/EGM1LAND.PVM,mr_064o_kbn01,
SATranslation/system/EGM1LAND.PVM,mr_064o_kdan01,
SATranslation/system/EGM1LAND.PVM,mr_064o_kdan02,
SATranslation/system/EGM1LAND.PVM,mr_064o_kdoa,
SATranslation/system/EGM1LAND.PVM,mr_064o_kiso01,
SATranslation/system/EGM1LAND.PVM,mr_064o_kiso02,
SATranslation/system/EGM1LAND.PVM,mr_064o_kiso03,
SATranslation/system/EGM1LAND.PVM,mr_064o_kiso04,
SATranslation/system/EGM1LAND.PVM,mr_064o_kiso05,
SATranslation/system/EGM1LAND.PVM,mr_064o_kiso06,
SATranslation/system/EGM1LAND.PVM,mr_064o_kiso07,
SATranslation/system/EGM1LAND.PVM,mr_064o_kiso08,
SATranslation/system/EGM1LAND.PVM,mr_064o_kiso09,
SATranslation/system/EGM1LAND.PVM,mr_064o_kiso10,
SATranslation/system/EGM1LAND.PVM,mr_064o_maki01,
SATranslation/system/EGM1LAND.PVM,mr_064o_maki02,
SATranslation/system/EGM1LAND.PVM,mr_064o_miki01,
SATranslation/system/EGM1LAND.PVM,mr_064o_mrt,
SATranslation/system/EGM1LAND.PVM,mr_064o_rsen02,
SATranslation/system/EGM1LAND.PVM,mr_064o_rsen03,
SATranslation/system/EGM1LAND.PVM,mr_064o_stop,
SATranslation/system/EGM1LAND.PVM,mr_064o_tank,
SATranslation/system/EGM1LAND.PVM,mr_064o_tank2,
SATranslation/system/EGM1LAND.PVM,mr_064o_tkyo01,
SATranslation/system/EGM1LAND.PVM,mr_064o_tkyo02,
SATranslation/system/EGM1LAND.PVM,mr_064o_yane,
SATranslation/system/EGM1LAND.PVM,mr_064s_makiku,
SATranslation/system/EGM1LAND.PVM,mr_064s_miki,
SATranslation/system/EGM1LAND.PVM,mr_064s_mikib,
SATranslation/system/EGM1LAND.PVM,mr_064s_umiiwaa,
SATranslation/system/EGM1LAND.PVM,mr_064s_umiiwab,
SATranslation/system/EGM1LAND.PVM,mr_128k_kuzure,
SATranslation/system/EGM1LAND.PVM,mr_128o_hagu01,
SATranslation/system/EGM1LAND.PVM,mr_128o_itaita,
SATranslation/system/EGM1LAND.PVM,mr_128o_kbn02,
SATranslation/system/EGM1LAND.PVM,mr_128o_kiso01,
SATranslation/system/EGM1LAND.PVM,mr_128o_kiso02,
SATranslation/system/EGM1LAND.PVM,mr_128o_kmn,
SATranslation/system/EGM1LAND.PVM,mr_128o_miki01,
SATranslation/system/EGM1LAND.PVM,mr_128o_rng,
SATranslation/system/EGM1LAND.PVM,mr_128o_rodge,
SATranslation/system/EGM1LAND.PVM,mr_128o_rodge3,
SATranslation/system/EGM1LAND.PVM,mr_128o_rodge4,
SATranslation/system/EGM1LAND.PVM,mr_128o_rodge5,
SATranslation/system/EGM1LAND.PVM,mr_128o_tkyo01,
SATranslation/system/EGM1LAND.PVM,mr_128o_tkyo02,
SATranslation/system/EGM1LAND.PVM,mr_128o_ttn01,
SATranslation/system/EGM1LAND.PVM,mr_128o_ttn02,
SATranslation/system/EGM1LAND.PVM,mr_128o_ttn03,
SATranslation/system/EGM1LAND.PVM,mr_128s_ueiwaa,
SATranslation/system/EGM1LAND.PVM,mr_128s_ueiwab,
SATranslation/system/EGM1LAND.PVM,mr_64s_kawa,
SATranslation/system/EGM1LAND.PVM,mra_128s_akagd,
SATranslation/system/EGM1LAND.PVM,mra_128s_gd,
SATranslation/system/EGM1LAND.PVM,mra_128s_gdkusa,
SATranslation/system/EGM1LAND.PVM,mra_128s_kusa,
SATranslation/system/EGM1LAND.PVM,mra_128s_kusa2,
SATranslation/system/EGM1LAND.PVM,mra_128s_sigekusa2,
SATranslation/system/EGM1LAND.PVM,mra_256s_eikaba,
SATranslation/system/EGM1LAND.PVM,mra_256s_kabc,
SATranslation/system/EGM1LAND.PVM,mra_256s_kianaa,
SATranslation/system/EGM1LAND.PVM,mra_256s_kianab,
SATranslation/system/EGM1LAND.PVM,mra_256s_kianad,
SATranslation/system/EGM1LAND.PVM,mra_256s_sitkabb,
SATranslation/system/EGM1LAND.PVM,mra_256s_sitkabc,
SATranslation/system/EGM1LAND.PVM,mra_256s_uekaba,
SATranslation/system/EGM1LAND.PVM,mra_384s_doukabe,
SATranslation/system/EGM1LAND.PVM,s_m128_wavemr001,
SATranslation/system/EGM1LAND.PVM,mr_128s_eda,
SATranslation/system/EGM1LAND.PVM,salt_tev00_00,
SATranslation/system/EGM1LAND.PVM,salt_tev01_00,
SATranslation/system/EGM1LAND.PVM,salt_tev02,
SATranslation/system/EGM1LAND.PVM,mrs_064s_uetuti,
SATranslation/system/EGM1LAND.PVM,mr_064s_los031,
SATranslation/system/EGM1MIS.PVM,reon_tt01,
SATranslation/system/EGM1MIS.PVM,eg_neji,
SATranslation/system/EGM1MIS.PVM,egm_m1,
SATranslation/system/EGM1MIS.PVM,egm_r01,
SATranslation/system/EGM1SORA.PVM,mrasc_256s_hirusoraa,
SATranslation/system/EGM1SORA.PVM,mrasc_016s_hiruumi,
SATranslation/system/EGM1SORA.PVM,mra_008s_hirusorab,
SATranslation/system/EGM1TSUCHI.PVM,egm01tsuchi02,
SATranslation/system/EGM1TSUCHI.PVM,egm01tsuchi01,
SATranslation/system/EGM2.PVM,catarp,
SATranslation/system/EGM2.PVM,blackm2,
SATranslation/system/EGM2.PVM,eg_jyoin,
SATranslation/system/EGM2.PVM,eg_neji,
SATranslation/system/EGM2.PVM,eg_rbrack,
SATranslation/system/EGM2.PVM,egm_b02,
SATranslation/system/EGM2.PVM,egm_m1,
SATranslation/system/EGM2.PVM,egm_r01,
SATranslation/system/EGM2.PVM,egm_r02,
SATranslation/system/EGM2.PVM,egm2_b01,
SATranslation/system/EGM2.PVM,egm2_b02,
SATranslation/system/EGM2.PVM,egm_bule,
SATranslation/system/EGM2.PVM,sky_ref,
SATranslation/system/EGM2.PVM,snolight,
SATranslation/system/EGM2.PVM,sor_whit,
SATranslation/system/EGM2.PVM,d_asi,
SATranslation/system/EGM2.PVM,console2,
SATranslation/system/EGM2.PVM,eg_b03,
SATranslation/system/EGM2.PVM,eg_b201,
SATranslation/system/EGM2.PVM,eg_seet01,
SATranslation/system/EGM2.PVM,eg_waku01,
SATranslation/system/EGM2.PVM,sno_ref11,
SATranslation/system/EGM2.PVM,egm2_b03,
SATranslation/system/EGM2.PVM,egm2_g02,
SATranslation/system/EGM2.PVM,supi_ana,
SATranslation/system/EGM2.PVM,egm2_g01,
SATranslation/system/EGM2.PVM,reon_ana,
SATranslation/system/EGM2_BAKU.PVM,mpoliexp06,
SATranslation/system/EGM2_BAKU.PVM,mpoliexp02,
SATranslation/system/EGM2_BAKU.PVM,mpoliexp03,
SATranslation/system/EGM2_BAKU.PVM,mpoliexp04,
SATranslation/system/EGM2_BAKU.PVM,mpoliexp05,
SATranslation/system/EGM2_BAKU.PVM,mpoliexp01,
SATranslation/system/EGM2_BAKU.PVM,mpoliexp07,
SATranslation/system/EGM2_BAKU.PVM,mpoliexp08,
SATranslation/system/EGM2_CAR.PVM,front_g,DE
SATranslation/system/EGM2_CAR.PVM,front_gl,
SATranslation/system/EGM2_CAR.PVM,light1,
SATranslation/system/EGM2_CAR.PVM,light2,
SATranslation/system/EGM2_CAR.PVM,ref_black,
SATranslation/system/EGM2_CAR.PVM,ref_sscar,
SATranslation/system/EGM2_CAR.PVM,sscar_dnob,
SATranslation/system/EGM2_CAR.PVM,ssheadlight0,
SATranslation/system/EGM2_CAR.PVM,tirepattern_ss,
SATranslation/system/EGM2_CAR.PVM,tyre_all,
SATranslation/system/EGM2_CAR.PVM,ref_yellow,
SATranslation/system/EGM2_CAR.PVM,lmk_cartexj,
SATranslation/system/EGM2_CAR.PVM,lmk_car_hra,
SATranslation/system/EGM2_CAR.PVM,lmk_carhrb,
SATranslation/system/EGM2_CAR.PVM,lmk_carmac,
SATranslation/system/EGM2_CAR.PVM,lmk_cartexd,
SATranslation/system/EGM2_CAR.PVM,lmk_cartexf,
SATranslation/system/EGM2_CAR.PVM,lmk_cartir,
SATranslation/system/EGM2_CAR.PVM,lmk_carin,
SATranslation/system/EGM2_CAR.PVM,lmk_carla,
SATranslation/system/EGM2_CAR.PVM,lmk_cartexg,
SATranslation/system/EGM2_CAR.PVM,lmk_cartexh,
SATranslation/system/EGM2_CAR.PVM,lmk_cartexi,
SATranslation/system/EGM2_CAR.PVM,lmk_carbase,
SATranslation/system/EGM2_CAR.PVM,lmk_carfr,
SATranslation/system/EGM2_CAR.PVM,lmk_carglas,
SATranslation/system/EGM2_CAR.PVM,lmk_carmacb,
SATranslation/system/EGM2_CAR.PVM,lmk_cartex_nob,
SATranslation/system/EGM2_CAR.PVM,lmk_cartexc,
SATranslation/system/EGM2_CAR.PVM,lmk_cartexe,
SATranslation/system/EGM2_COMMON.PVM,bombbody,
SATranslation/system/EGM2_COMMON.PVM,fuse,
SATranslation/system/EGM2_COMMON.PVM,eg_neji,
SATranslation/system/EGM2_COMMON.PVM,sky_ref,
SATranslation/system/EGM2_COMMON.PVM,e_fuku03,
SATranslation/system/EGM2_COMMON.PVM,e_fuku02,
SATranslation/system/EGM2_COMMON.PVM,e_koshi01,
SATranslation/system/EGM2_COMMON.PVM,kan_g,DE
SATranslation/system/EGM2_COMMON.PVM,kan_m,
SATranslation/system/EGM2_COMMON.PVM,e_hige,
SATranslation/system/EGM2_COMMON.PVM,e_fuku04,
SATranslation/system/EGM2_COMMON.PVM,e_fuku01,
SATranslation/system/EGM2_COMMON.PVM,e_te01,
SATranslation/system/EGM2_COMMON.PVM,s_hando2,
SATranslation/system/EGM2_COMMON.PVM,s_testhand,
SATranslation/system/EGM2_COMMON.PVM,blackm2,
SATranslation/system/EGM2_COMMON.PVM,eg_rbrack,
SATranslation/system/EGM2_COMMON.PVM,eg_seet01,
SATranslation/system/EGM2_COMMON.PVM,catarp,
SATranslation/system/EGM2_COMMON.PVM,eg_b03,
SATranslation/system/EGM2_COMMON.PVM,eg_waku01,
SATranslation/system/EGM2_COMMON.PVM,eg_jyoin,
SATranslation/system/EGM2_COMMON.PVM,console2,
SATranslation/system/EGM2_COMMON.PVM,sno_ref11,
SATranslation/system/EGM2_COMMON.PVM,egm_m1,
SATranslation/system/EGM2_COMMON.PVM,egm_r01,
SATranslation/system/EGM2_COMMON.PVM,sor_whit,
SATranslation/system/EGM2_COMMON.PVM,egm_r02,
SATranslation/system/EGM2_COMMON.PVM,snolight,
SATranslation/system/EGM2_COMMON.PVM,egm_b02,
SATranslation/system/EGM2_COMMON.PVM,egm2_b01,
SATranslation/system/EGM2_COMMON.PVM,egm2_b02,
SATranslation/system/EGM2_COMMON.PVM,egm_bule,
SATranslation/system/EGM2_COMMON.PVM,d_asi,
SATranslation/system/EGM2_COMMON.PVM,eg_b201,
SATranslation/system/EGM2_COMMON.PVM,egm2_b03,
SATranslation/system/EGM2_COMMON.PVM,egm2_g02,
SATranslation/system/EGM2_COMMON.PVM,supi_ana,
SATranslation/system/EGM2_COMMON.PVM,egm2_g01,
SATranslation/system/EGM2_COMMON.PVM,reon_ana,
SATranslation/system/EGM2_EFFECT.PVM,chaoseme_b01,
SATranslation/system/EGM2_EFFECT.PVM,chaoseme_b02,
SATranslation/system/EGM2_EFFECT.PVM,chaoseme_b03,
SATranslation/system/EGM2_FIRE.PVM,bigfire08,
SATranslation/system/EGM2_FIRE.PVM,bigfire02,
SATranslation/system/EGM2_FIRE.PVM,bigfire03,
SATranslation/system/EGM2_FIRE.PVM,bigfire04,
SATranslation/system/EGM2_FIRE.PVM,bigfire05,
SATranslation/system/EGM2_FIRE.PVM,bigfire06,
SATranslation/system/EGM2_FIRE.PVM,bigfire07,
SATranslation/system/EGM2_FIRE.PVM,bigfire01,
SATranslation/system/EGM2_FIRE.PVM,bigfire09,
SATranslation/system/EGM2_FIRE.PVM,bigfire10,
SATranslation/system/EGM2_FIRE.PVM,bigfire11,
SATranslation/system/EGM2_FIRE.PVM,bigfire12,
SATranslation/system/EGM2_FIRE.PVM,bigfire13,
SATranslation/system/EGM2_FIRE.PVM,bigfire14,
SATranslation/system/EGM2_FIRE.PVM,bigfire15,
SATranslation/system/EGM2_FIRE.PVM,bigfire16,
SATranslation/system/EGM2_HAMON.PVM,egm2_shock,
SATranslation/system/EGM2_MINE.PVM,bombbody,
SATranslation/system/EGM2_MINE.PVM,fuse,
SATranslation/system/EGM2_MISSILE.PVM,roketthrust02,
SATranslation/system/EGM2_MISSILE.PVM,roketthrust01,
SATranslation/system/EGM2_MISSILE.PVM,roketthrust03,
SATranslation/system/EGM2_MISSILE.PVM,roketthrust04,
SATranslation/system/EGM2_MISSILE.PVM,roketthrust05,
SATranslation/system/EGM2_MISSILE.PVM,roketthrust06,
SATranslation/system/EGM2_MISSILE.PVM,roketthrust07,
SATranslation/system/EGM2_MISSILE.PVM,roketthrust08,
SATranslation/system/EGM2_SKY.PVM,obj_sssky_n,
SATranslation/system/EGM2_SKY.PVM,obj_ssskyb_n,
SATranslation/system/EGM2_TIKEI.PVM,aca_cload,
SATranslation/system/EGM2_TIKEI.PVM,aca_wload01,
SATranslation/system/EGM2_TIKEI.PVM,aca_wload02,
SATranslation/system/EGM2_TIKEI.PVM,ast_hasi01,
SATranslation/system/EGM2_TIKEI.PVM,ast_hasi02,
SATranslation/system/EGM2_TIKEI.PVM,ast_hasi03,
SATranslation/system/EGM2_TIKEI.PVM,ast_hasi04,
SATranslation/system/EGM2_TIKEI.PVM,ast_hasi05,
SATranslation/system/EGM2_TIKEI.PVM,ast_hasi06,
SATranslation/system/EGM2_TIKEI.PVM,ast_hasi07,
SATranslation/system/EGM2_TIKEI.PVM,ast_hasi08,
SATranslation/system/EGM2_TIKEI.PVM,ast_hasi09,
SATranslation/system/EGM2_TIKEI.PVM,ast_hasi10,
SATranslation/system/EGM2_TIKEI.PVM,ast_hasi12,
SATranslation/system/EGM2_TIKEI.PVM,ast_hasi13,
SATranslation/system/EGM2_TIKEI.PVM,ast_hasi14,
SATranslation/system/EGM2_TIKEI.PVM,ast_hasi16,
SATranslation/system/EGM2_TIKEI.PVM,ast_hasi17,
SATranslation/system/EGM2_TIKEI.PVM,ast_hasi18,
SATranslation/system/EGM2_TIKEI.PVM,ast_hasi19,
SATranslation/system/EGM2_TIKEI.PVM,ast_hasi20,
SATranslation/system/EGM2_TIKEI.PVM,ast_hasi21,
SATranslation/system/EGM2_TIKEI.PVM,ast_hasi22,
SATranslation/system/EGM2_TIKEI.PVM,ast_hasi23,
SATranslation/system/EGM2_TIKEI.PVM,ast_hasi25,
SATranslation/system/EGM2_TIKEI.PVM,ast_hasi26,
SATranslation/system/EGM2_TIKEI.PVM,ast_hasi27,
SATranslation/system/EGM2_TIKEI.PVM,ast_hasi28,
SATranslation/system/EGM2_TIKEI.PVM,ast_hasi29,
SATranslation/system/EGM2_TIKEI.PVM,ast_hasi31,
SATranslation/system/EGM2_TIKEI.PVM,ast_hasi34,
SATranslation/system/EGM2_TIKEI.PVM,ast_hasira01,
SATranslation/system/EGM2_TIKEI.PVM,ast_hasira02,
SATranslation/system/EGM2_TIKEI.PVM,ast_hasira04,
SATranslation/system/EGM2_TIKEI.PVM,ast_kabe01,
SATranslation/system/EGM2_TIKEI.PVM,ast_kabe03,
SATranslation/system/EGM2_TIKEI.PVM,ast_kabe04,
SATranslation/system/EGM2_TIKEI.PVM,ast_kabe05,
SATranslation/system/EGM2_TIKEI.PVM,ast_kabe09,
SATranslation/system/EGM2_TIKEI.PVM,ast_kabe10,
SATranslation/system/EGM2_TIKEI.PVM,ast_kabe11,
SATranslation/system/EGM2_TIKEI.PVM,ast_kabe12,
SATranslation/system/EGM2_TIKEI.PVM,ast_kabe13,
SATranslation/system/EGM2_TIKEI.PVM,ast_kabe14,
SATranslation/system/EGM2_TIKEI.PVM,ast_kabe15,
SATranslation/system/EGM2_TIKEI.PVM,ast_kabe17,
SATranslation/system/EGM2_TIKEI.PVM,ast_kabe18,
SATranslation/system/EGM2_TIKEI.PVM,ast_kabe19,
SATranslation/system/EGM2_TIKEI.PVM,ast_kabe20,
SATranslation/system/EGM2_TIKEI.PVM,ast_kabe21,
SATranslation/system/EGM2_TIKEI.PVM,ast_kabe22,
SATranslation/system/EGM2_TIKEI.PVM,ast_kabe23,
SATranslation/system/EGM2_TIKEI.PVM,ast_kabe24,
SATranslation/system/EGM2_TIKEI.PVM,ast_kabe27,
SATranslation/system/EGM2_TIKEI.PVM,ast_kabe28,
SATranslation/system/EGM2_TIKEI.PVM,ast_kabe29,
SATranslation/system/EGM2_TIKEI.PVM,ast_kabe30,
SATranslation/system/EGM2_TIKEI.PVM,ast_kabe32,
SATranslation/system/EGM2_TIKEI.PVM,ast_kabe33,
SATranslation/system/EGM2_TIKEI.PVM,ast_kabe34,
SATranslation/system/EGM2_TIKEI.PVM,ast_kabe35,
SATranslation/system/EGM2_TIKEI.PVM,ast_kabe36,
SATranslation/system/EGM2_TIKEI.PVM,ast_kabe40,
SATranslation/system/EGM2_TIKEI.PVM,ast_kabe41,
SATranslation/system/EGM2_TIKEI.PVM,ast_kabe43,
SATranslation/system/EGM2_TIKEI.PVM,ast_kabe46,
SATranslation/system/EGM2_TIKEI.PVM,ast_kabe47,
SATranslation/system/EGM2_TIKEI.PVM,ast_kabe50,
SATranslation/system/EGM2_TIKEI.PVM,ast_kabe55,
SATranslation/system/EGM2_TIKEI.PVM,ast_mado01,
SATranslation/system/EGM2_TIKEI.PVM,ast_mado03,
SATranslation/system/EGM2_TIKEI.PVM,ast_mado04,
SATranslation/system/EGM2_TIKEI.PVM,ast_mado05,
SATranslation/system/EGM2_TIKEI.PVM,ast_mado06,
SATranslation/system/EGM2_TIKEI.PVM,ast_mado07,
SATranslation/system/EGM2_TIKEI.PVM,ast_mado08,
SATranslation/system/EGM2_TIKEI.PVM,ast_mado09,
SATranslation/system/EGM2_TIKEI.PVM,ast_mado10,
SATranslation/system/EGM2_TIKEI.PVM,ast_mado11,
SATranslation/system/EGM2_TIKEI.PVM,ast_mado12,
SATranslation/system/EGM2_TIKEI.PVM,ast_mado13,
SATranslation/system/EGM2_TIKEI.PVM,ast_mado14,
SATranslation/system/EGM2_TIKEI.PVM,ast_mado15,
SATranslation/system/EGM2_TIKEI.PVM,ast_mado16,
SATranslation/system/EGM2_TIKEI.PVM,ast_mado17,
SATranslation/system/EGM2_TIKEI.PVM,ast_mado18,
SATranslation/system/EGM2_TIKEI.PVM,ast_mado19,
SATranslation/system/EGM2_TIKEI.PVM,ast_mado20,
SATranslation/system/EGM2_TIKEI.PVM,bst_ana,
SATranslation/system/EGM2_TIKEI.PVM,bst_chari,
SATranslation/system/EGM2_TIKEI.PVM,bst_chubea,
SATranslation/system/EGM2_TIKEI.PVM,bst_chubeb,
SATranslation/system/EGM2_TIKEI.PVM,bst_chubec,
SATranslation/system/EGM2_TIKEI.PVM,bst_cwa,
SATranslation/system/EGM2_TIKEI.PVM,bst_cwc,
SATranslation/system/EGM2_TIKEI.PVM,bst_cwd,
SATranslation/system/EGM2_TIKEI.PVM,bst_cwdb,
SATranslation/system/EGM2_TIKEI.PVM,bst_cwf,
SATranslation/system/EGM2_TIKEI.PVM,bst_cwg,
SATranslation/system/EGM2_TIKEI.PVM,bst_cwh,
SATranslation/system/EGM2_TIKEI.PVM,bst_cwi,
SATranslation/system/EGM2_TIKEI.PVM,bst_cwk,
SATranslation/system/EGM2_TIKEI.PVM,bst_cwl,
SATranslation/system/EGM2_TIKEI.PVM,bst_cwm,
SATranslation/system/EGM2_TIKEI.PVM,bst_cwn,
SATranslation/system/EGM2_TIKEI.PVM,bst_cwo,
SATranslation/system/EGM2_TIKEI.PVM,bst_cwp,
SATranslation/system/EGM2_TIKEI.PVM,bst_cwq,
SATranslation/system/EGM2_TIKEI.PVM,bst_cwr,
SATranslation/system/EGM2_TIKEI.PVM,bst_doora,
SATranslation/system/EGM2_TIKEI.PVM,bst_doorb,
SATranslation/system/EGM2_TIKEI.PVM,bst_doord,
SATranslation/system/EGM2_TIKEI.PVM,bst_doorf,
SATranslation/system/EGM2_TIKEI.PVM,bst_doorg,
SATranslation/system/EGM2_TIKEI.PVM,bst_enta,
SATranslation/system/EGM2_TIKEI.PVM,bst_entc,
SATranslation/system/EGM2_TIKEI.PVM,bst_fan,
SATranslation/system/EGM2_TIKEI.PVM,bst_fanb,
SATranslation/system/EGM2_TIKEI.PVM,bst_gfina,
SATranslation/system/EGM2_TIKEI.PVM,bst_gfinb,
SATranslation/system/EGM2_TIKEI.PVM,bst_hasira02,
SATranslation/system/EGM2_TIKEI.PVM,bst_horo,
SATranslation/system/EGM2_TIKEI.PVM,bst_horob,
SATranslation/system/EGM2_TIKEI.PVM,bst_kabew,
SATranslation/system/EGM2_TIKEI.PVM,bst_kaia,
SATranslation/system/EGM2_TIKEI.PVM,bst_kaib,
SATranslation/system/EGM2_TIKEI.PVM,bst_kaic,
SATranslation/system/EGM2_TIKEI.PVM,bst_madoa,
SATranslation/system/EGM2_TIKEI.PVM,bst_madob,
SATranslation/system/EGM2_TIKEI.PVM,bst_madoc,
SATranslation/system/EGM2_TIKEI.PVM,bst_madod,
SATranslation/system/EGM2_TIKEI.PVM,bst_noren,
SATranslation/system/EGM2_TIKEI.PVM,bst_norenb,
SATranslation/system/EGM2_TIKEI.PVM,bst_refa,
SATranslation/system/EGM2_TIKEI.PVM,bst_refc,
SATranslation/system/EGM2_TIKEI.PVM,bst_refd,
SATranslation/system/EGM2_TIKEI.PVM,bst_sswin,
SATranslation/system/EGM2_TIKEI.PVM,bst_sswinb,
SATranslation/system/EGM2_TIKEI.PVM,bst_swa,
SATranslation/system/EGM2_TIKEI.PVM,bst_swb,
SATranslation/system/EGM2_TIKEI.PVM,bst_swc,
SATranslation/system/EGM2_TIKEI.PVM,bst_swcb,
SATranslation/system/EGM2_TIKEI.PVM,bst_swd,
SATranslation/system/EGM2_TIKEI.PVM,bst_swf,
SATranslation/system/EGM2_TIKEI.PVM,bst_tesiria,
SATranslation/system/EGM2_TIKEI.PVM,bst_tesirib,
SATranslation/system/EGM2_TIKEI.PVM,bst_tesiric,
SATranslation/system/EGM2_TIKEI.PVM,bst_wa,
SATranslation/system/EGM2_TIKEI.PVM,bst_wab,
SATranslation/system/EGM2_TIKEI.PVM,bst_wakub,
SATranslation/system/EGM2_TIKEI.PVM,bst_wakuc,
SATranslation/system/EGM2_TIKEI.PVM,bst_wakud,
SATranslation/system/EGM2_TIKEI.PVM,bst_wakue,
SATranslation/system/EGM2_TIKEI.PVM,bst_wakuf,
SATranslation/system/EGM2_TIKEI.PVM,bst_wakug,
SATranslation/system/EGM2_TIKEI.PVM,bst_wakugb,
SATranslation/system/EGM2_TIKEI.PVM,bst_wakuh,
SATranslation/system/EGM2_TIKEI.PVM,bst_wakui,
SATranslation/system/EGM2_TIKEI.PVM,bst_wakuk,
SATranslation/system/EGM2_TIKEI.PVM,bst_wakul,
SATranslation/system/EGM2_TIKEI.PVM,bst_wb,
SATranslation/system/EGM2_TIKEI.PVM,bst_wc,
SATranslation/system/EGM2_TIKEI.PVM,bst_wd,
SATranslation/system/EGM2_TIKEI.PVM,bst_we,
SATranslation/system/EGM2_TIKEI.PVM,bst_wf,
SATranslation/system/EGM2_TIKEI.PVM,bst_wg,
SATranslation/system/EGM2_TIKEI.PVM,bst_wh,
SATranslation/system/EGM2_TIKEI.PVM,bst_wi,
SATranslation/system/EGM2_TIKEI.PVM,bst_wj,
SATranslation/system/EGM2_TIKEI.PVM,bst_wk,
SATranslation/system/EGM2_TIKEI.PVM,bst_wl,
SATranslation/system/EGM2_TIKEI.PVM,bst_wn,
SATranslation/system/EGM2_TIKEI.PVM,bst_wo,
SATranslation/system/EGM2_TIKEI.PVM,bst_wp,
SATranslation/system/EGM2_TIKEI.PVM,bst_wq,
SATranslation/system/EGM2_TIKEI.PVM,bst_yaneb,
SATranslation/system/EGM2_TIKEI.PVM,bst_yanec,
SATranslation/system/EGM2_TIKEI.PVM,bst_yuka,
SATranslation/system/EGM2_TIKEI.PVM,bst_yukab,
SATranslation/system/EGM2_TIKEI.PVM,bstente,
SATranslation/system/EGM2_TIKEI.PVM,bstwakua,
SATranslation/system/EGM2_TIKEI.PVM,casinom_kanban,
SATranslation/system/EGM2_TIKEI.PVM,casinom_kanban2,
SATranslation/system/EGM2_TIKEI.PVM,cat_hasira04,
SATranslation/system/EGM2_TIKEI.PVM,cat_hasira05,
SATranslation/system/EGM2_TIKEI.PVM,cat_hasira06,
SATranslation/system/EGM2_TIKEI.PVM,cat_hasira07,
SATranslation/system/EGM2_TIKEI.PVM,cat_hasira08,
SATranslation/system/EGM2_TIKEI.PVM,chaoinspace,
SATranslation/system/EGM2_TIKEI.PVM,cst_cajino11,
SATranslation/system/EGM2_TIKEI.PVM,cst_cajino12,
SATranslation/system/EGM2_TIKEI.PVM,cst_cajino14,
SATranslation/system/EGM2_TIKEI.PVM,cst_cajino16,
SATranslation/system/EGM2_TIKEI.PVM,cst_cajinoin01,
SATranslation/system/EGM2_TIKEI.PVM,cst_cajinoin02,
SATranslation/system/EGM2_TIKEI.PVM,cst_hasi01,
SATranslation/system/EGM2_TIKEI.PVM,cst_hasi02,
SATranslation/system/EGM2_TIKEI.PVM,cst_hasi03,
SATranslation/system/EGM2_TIKEI.PVM,cst_kabe02,
SATranslation/system/EGM2_TIKEI.PVM,cst_kabe07,
SATranslation/system/EGM2_TIKEI.PVM,cst_kabe09,
SATranslation/system/EGM2_TIKEI.PVM,cst_kabe10,
SATranslation/system/EGM2_TIKEI.PVM,cst_kabe12,
SATranslation/system/EGM2_TIKEI.PVM,cst_kaidan02,
SATranslation/system/EGM2_TIKEI.PVM,cst_kaidan03,
SATranslation/system/EGM2_TIKEI.PVM,cst_kaidan07,
SATranslation/system/EGM2_TIKEI.PVM,cst_kaidan_01,
SATranslation/system/EGM2_TIKEI.PVM,cst_moyou05,
SATranslation/system/EGM2_TIKEI.PVM,cst_tesuri01,
SATranslation/system/EGM2_TIKEI.PVM,cst_yuka01,
SATranslation/system/EGM2_TIKEI.PVM,cst_yuka02,
SATranslation/system/EGM2_TIKEI.PVM,denkou,
SATranslation/system/EGM2_TIKEI.PVM,hoteldoor_ref,
SATranslation/system/EGM2_TIKEI.PVM,kabe_03g,
SATranslation/system/EGM2_TIKEI.PVM,s_w37,
SATranslation/system/EGM2_TIKEI.PVM,shuchib,
SATranslation/system/EGM2_TIKEI.PVM,ss_hoteldoor,
SATranslation/system/EGM2_TIKEI.PVM,ss_hotelline0,
SATranslation/system/EGM2_TIKEI.PVM,ss_hotelmado1,
SATranslation/system/EGM2_TIKEI.PVM,ss_hoteltenjyo0,
SATranslation/system/EGM2_TIKEI.PVM,sshotelpink0,
SATranslation/system/EGM2_TIKEI.PVM,st3_100,
SATranslation/system/EGM2_TIKEI.PVM,tokeiyoko,
SATranslation/system/EGM2_TIKEI.PVM,yuka_01w,
SATranslation/system/EGM2_TIKEI.PVM,ca_haikeiyane,
SATranslation/system/EGM2_TIKEI.PVM,GATE,
SATranslation/system/EGM3CHIKEI.PVM,d64tunagi1f,
SATranslation/system/EGM3CHIKEI.PVM,tm128gateja,
SATranslation/system/EGM3CHIKEI.PVM,tm32bk1,
SATranslation/system/EGM3CHIKEI.PVM,tm128uega,
SATranslation/system/EGM3CHIKEI.PVM,tm64bk1,
SATranslation/system/EGM3CHIKEI.PVM,tm64bl3,
SATranslation/system/EGM3CHIKEI.PVM,d128side2f,
SATranslation/system/EGM3CHIKEI.PVM,tm64puci,
SATranslation/system/EGM3CHIKEI.PVM,tm64sabig_al,
SATranslation/system/EGM3CHIKEI.PVM,d128side3f,
SATranslation/system/EGM3CHIKEI.PVM,d128side4f,
SATranslation/system/EGM3CHIKEI.PVM,d256suimen,
SATranslation/system/EGM3CHIKEI.PVM,d64accent1f,
SATranslation/system/EGM3CHIKEI.PVM,fq128pipesabi01,
SATranslation/system/EGM3CHIKEI.PVM,fq128sabitile01,
SATranslation/system/EGM3CHIKEI.PVM,fq64kabelight03,
SATranslation/system/EGM3CHIKEI.PVM,fq64wall17,
SATranslation/system/EGM3CHIKEI.PVM,fq64wall18_5,
SATranslation/system/EGM3CHIKEI.PVM,tm126garab,
SATranslation/system/EGM3CHIKEI.PVM,tm128gata,
SATranslation/system/EGM3CHIKEI.PVM,tm128gripaa,
SATranslation/system/EGM3CHIKEI.PVM,tm128gtai,
SATranslation/system/EGM3CHIKEI.PVM,tm128wall09,
SATranslation/system/EGM3CHIKEI.PVM,tm128wall12,
SATranslation/system/EGM3CHIKEI.PVM,tm64amyuka,
SATranslation/system/EGM3CHIKEI.PVM,tm64blgrip,
SATranslation/system/EGM3CHIKEI.PVM,d128side9f,
SATranslation/system/EGM3CHIKEI.PVM,fq128wall03,
SATranslation/system/EGM3CHIKEI.PVM,fq128wall04,
SATranslation/system/EGM3CHIKEI.PVM,d64hasira1alpha,
SATranslation/system/EGM3CHIKEI.PVM,fq128wall11,
SATranslation/system/EGM3CHIKEI.PVM,fq32ami_orng01,
SATranslation/system/EGM3CHIKEI.PVM,fq32tlight01,
SATranslation/system/EGM3CHIKEI.PVM,d128side15a,
SATranslation/system/EGM3CHIKEI.PVM,d128tunagi7f,
SATranslation/system/EGM3CHIKEI.PVM,d64kouji2a,
SATranslation/system/EGM3CHIKEI.PVM,d128gata1b,
SATranslation/system/EGM3CHIKEI.PVM,d128gata1a,
SATranslation/system/EGM3CHIKEI.PVM,d64kankyou2f,
SATranslation/system/EGM3CHIKEI.PVM,d64dor1f,
SATranslation/system/EGM3CHIKEI.PVM,d32kouji1a,
SATranslation/system/EGM3CHIKEI.PVM,fr32lightbl01,
SATranslation/system/EGM3CHIKEI.PVM,d8green_alpha,
SATranslation/system/EGM3CHIKEI.PVM,naiherkialp01,
SATranslation/system/EGM3CHIKEI.PVM,d64gum1f,
SATranslation/system/EGM3CHIKEI.PVM,fq128panane02,
SATranslation/system/EGM3CHIKEI.PVM,fq128wgomu01,
SATranslation/system/EGM3CHIKEI.PVM,fq32yukaami01,
SATranslation/system/EGM3CHIKEI.PVM,fq64wall13,
SATranslation/system/EGM3MDL.PVM,fq32yukaami01,
SATranslation/system/EGM3MDL.PVM,fq128pipesabi01,
SATranslation/system/EGM3MDL.PVM,fq64kabelight03,
SATranslation/system/EGM3MDL.PVM,fq128panane02,
SATranslation/system/EGM3MDL.PVM,fq128wgomu01,
SATranslation/system/EGM3MDL.PVM,ai128box06,
SATranslation/system/EGM3MDL.PVM,fq64wall13,
SATranslation/system/EGM3MDL.PVM,d128kemuri1alfa,
SATranslation/system/EGM3MDL.PVM,mpoliexp01,
SATranslation/system/EGM3MDL.PVM,mpoliexp02,
SATranslation/system/EGM3MDL.PVM,mpoliexp03,
SATranslation/system/EGM3MDL.PVM,mpoliexp04,
SATranslation/system/EGM3MDL.PVM,mpoliexp05,
SATranslation/system/EGM3MDL.PVM,mpoliexp06,
SATranslation/system/EGM3MDL.PVM,mpoliexp07,
SATranslation/system/EGM3MDL.PVM,mpoliexp08,
SATranslation/system/EGM3MDL.PVM,egm3_energyband,
SATranslation/system/EGM3MDL.PVM,egm3_laser,
SATranslation/system/EGM3MDL.PVM,egm3_laserwa01,
SATranslation/system/EGM3MDL.PVM,egm3_laserwa02,
SATranslation/system/EGM3MDL.PVM,egm3_lpillar01,
SATranslation/system/EGM3MDL.PVM,e_fuku03,
SATranslation/system/EGM3MDL.PVM,e_fuku02,
SATranslation/system/EGM3MDL.PVM,e_koshi01,
SATranslation/system/EGM3MDL.PVM,kan_g,DE
SATranslation/system/EGM3MDL.PVM,kan_m,
SATranslation/system/EGM3MDL.PVM,e_hige,
SATranslation/system/EGM3MDL.PVM,e_fuku04,
SATranslation/system/EGM3MDL.PVM,e_fuku01,
SATranslation/system/EGM3MDL.PVM,e_te01,
SATranslation/system/EGM3MDL.PVM,s_hando2,
SATranslation/system/EGM3MDL.PVM,egm3_seet01,
SATranslation/system/EGM3MDL.PVM,egm3_body_02,
SATranslation/system/EGM3MDL.PVM,egm3_body_03,
SATranslation/system/EGM3MDL.PVM,egm3_body_04,
SATranslation/system/EGM3MDL.PVM,egm3_body_05,
SATranslation/system/EGM3MDL.PVM,egm3_body_06,
SATranslation/system/EGM3MDL.PVM,egm3_body_07,
SATranslation/system/EGM3MDL.PVM,egm3_body_08,
SATranslation/system/EGM3MDL.PVM,egm3_body_09,
SATranslation/system/EGM3MDL.PVM,egm3_body_10,
SATranslation/system/EGM3MDL.PVM,egm3_body_11,
SATranslation/system/EGM3MDL.PVM,egm3_body_12,
SATranslation/system/EGM3MDL.PVM,egm3_console2,
SATranslation/system/EGM3MDL.PVM,egm3_front_01,
SATranslation/system/EGM3MDL.PVM,egm3_front_03,
SATranslation/system/EGM3MDL.PVM,egm3_hane_01,
SATranslation/system/EGM3MDL.PVM,egm3_hane_02,
SATranslation/system/EGM3MDL.PVM,egm3_hane_03,
SATranslation/system/EGM3MDL.PVM,egm3_hane_04,
SATranslation/system/EGM3MDL.PVM,egm3_hunsya_01,
SATranslation/system/EGM3MDL.PVM,egm3_hunsya_02,
SATranslation/system/EGM3MDL.PVM,egm3_hunsya_03,
SATranslation/system/EGM3MDL.PVM,egm3_kankyou1,
SATranslation/system/EGM3MDL.PVM,egm3_koma_bottom,
SATranslation/system/EGM3MDL.PVM,egm3_koma_side,
SATranslation/system/EGM3MDL.PVM,egm3_kuro,
SATranslation/system/EGM3MDL.PVM,egm3_light_01,
SATranslation/system/EGM3MDL.PVM,egm3_light_02,
SATranslation/system/EGM3MDL.PVM,egm3_body_01,
SATranslation/system/EGM3MDL.PVM,egm3_sippo_tukene_huta,
SATranslation/system/EGM3MDL.PVM,egm3_sno_ref11,
SATranslation/system/EGM3MDL.PVM,egm3_syuyoku_01,
SATranslation/system/EGM3MDL.PVM,egm3_syuyoku_02,
SATranslation/system/EGM3MDL.PVM,egm3_toge,
SATranslation/system/EGM3MDL.PVM,egm3_toge2,
SATranslation/system/EGM3MDL.PVM,egm3_tunagi_01,
SATranslation/system/EGM3MDL.PVM,egm3_tunagi_02,
SATranslation/system/EGM3MDL.PVM,egm3_tunagi_03,
SATranslation/system/EGM3MDL.PVM,egm3_waku01,
SATranslation/system/EGM3MDL.PVM,emg3_cockpitGin,
SATranslation/system/EGM3MDL.PVM,emg3_houdaiside,
SATranslation/system/EGM3MDL.PVM,emg3_shippoGin64,
SATranslation/system/EGM3MDL.PVM,emg3_togeaka,
SATranslation/system/EGM3MDL.PVM,egm3_front_02,
SATranslation/system/EGM3SPR.PVM,egm3_mpillar01,
SATranslation/system/EGM3SPR.PVM,egm3_mpillar02,
SATranslation/system/EGM3SPR.PVM,egm3_mpillar03,
SATranslation/system/EGM3SPR.PVM,egm3_mpillar04,
SATranslation/system/EGM3SPR.PVM,egm3_mpillar05,
SATranslation/system/EGM3SPR.PVM,egm3_mpillar06,
SATranslation/system/EGM3SPR.PVM,egm3_mpillar07,
SATranslation/system/EGM3SPR.PVM,egm3_mpillar08,
SATranslation/system/EGM3SPR.PVM,egm3_laserkoge,
SATranslation/system/EGM3SPR.PVM,egm3_energyl,
SATranslation/system/EGM3SPR.PVM,egm3_energym,
SATranslation/system/EGM3SPR.PVM,egm3_thunder01,
SATranslation/system/EGM3SPR.PVM,egm3_thunder02,
SATranslation/system/EGM3SPR.PVM,egm3_thunder03,
SATranslation/system/EGM3SPR.PVM,egm3_thunder04,
SATranslation/system/EGM3SPR.PVM,egm3_thunder05,
SATranslation/system/EGM3SPR.PVM,egm3_thunder06,
SATranslation/system/EGM3SPR.PVM,egm3_thunder07,
SATranslation/system/EGM3SPR.PVM,egm3_thunder08,
SATranslation/system/EGM3SPR.PVM,egm3_bast01,
SATranslation/system/EGM3SPR.PVM,egm3_bast02,
SATranslation/system/EGM3SPR.PVM,egm3_bast03,
SATranslation/system/EGM3SPR.PVM,egm3_bast04,
SATranslation/system/EGM3SPR.PVM,egm3_bast05,
SATranslation/system/EGM3SPR.PVM,egm3_bast06,
SATranslation/system/EGM3SPR.PVM,egm3_bast07,
SATranslation/system/EGM3SPR.PVM,egm3_bast08,
SATranslation/system/EGM3SPR.PVM,bthunder01,
SATranslation/system/EGM3SPR.PVM,bthunder02,
SATranslation/system/EGM3SPR.PVM,bthunder03,
SATranslation/system/EGM3SPR.PVM,bthunder04,
SATranslation/system/EGM3SPR.PVM,bthunder05,
SATranslation/system/EGM3SPR.PVM,bthunder06,
SATranslation/system/EGM3SPR.PVM,bthunder07,
SATranslation/system/EGM3SPR.PVM,bthunder08,
SATranslation/system/EMBLEM.PVM,sonic_emblm01,
SATranslation/system/EMBLEM.PVM,sonic_emblm03,
SATranslation/system/EMBLEM.PVM,sonic_emblm04,
SATranslation/system/EMBLEM.PVM,sonic_emblm05,
SATranslation/system/EMBLEM.PVM,sstx_body,
SATranslation/system/EME_KIRAN.PVM,k_eme_kiran01,
SATranslation/system/EME_KIRAN.PVM,k_eme_kiran02,
SATranslation/system/EME_KIRAN.PVM,k_eme_kiran03,
SATranslation/system/EME_KIRAN.PVM,k_eme_kiran04,
SATranslation/system/ENDBG_AMY_0.PVM,amy_01,
SATranslation/system/ENDBG_AMY_0.PVM,amy_02,
SATranslation/system/ENDBG_AMY_0.PVM,amy_03,
SATranslation/system/ENDBG_AMY_0.PVM,amy_04,
SATranslation/system/ENDBG_AMY_0.PVM,amy_05,
SATranslation/system/ENDBG_AMY_0.PVM,amy_06,
SATranslation/system/ENDBG_AMY_0.PVM,amy_07,
SATranslation/system/ENDBG_AMY_0.PVM,amy_08,
SATranslation/system/ENDBG_AMY_0.PVM,amy_09,
SATranslation/system/ENDBG_AMY_1.PVM,amy_10,
SATranslation/system/ENDBG_AMY_1.PVM,amy_11,
SATranslation/system/ENDBG_AMY_1.PVM,amy_12,
SATranslation/system/ENDBG_AMY_1.PVM,amy_13,
SATranslation/system/ENDBG_AMY_1.PVM,amy_14,
SATranslation/system/ENDBG_AMY_1.PVM,amy_15,
SATranslation/system/ENDBG_AMY_1.PVM,amy_16,
SATranslation/system/ENDBG_AMY_1.PVM,amy_17,
SATranslation/system/ENDBG_AMY_1.PVM,amy_18,
SATranslation/system/ENDBG_AMY_2.PVM,amy_19,
SATranslation/system/ENDBG_AMY_2.PVM,amy_20,
SATranslation/system/ENDBG_AMY_2.PVM,amy_21,
SATranslation/system/ENDBG_AMY_2.PVM,amy_22,
SATranslation/system/ENDBG_AMY_2.PVM,amy_23,
SATranslation/system/ENDBG_BIG_0.PVM,big_01,
SATranslation/system/ENDBG_BIG_0.PVM,big_02,
SATranslation/system/ENDBG_BIG_0.PVM,big_03,
SATranslation/system/ENDBG_BIG_0.PVM,big_04,
SATranslation/system/ENDBG_BIG_0.PVM,big_05,
SATranslation/system/ENDBG_BIG_0.PVM,big_06,
SATranslation/system/ENDBG_BIG_0.PVM,big_07,
SATranslation/system/ENDBG_BIG_0.PVM,big_08,
SATranslation/system/ENDBG_BIG_0.PVM,big_09,
SATranslation/system/ENDBG_BIG_1.PVM,big_10,
SATranslation/system/ENDBG_BIG_1.PVM,big_11,
SATranslation/system/ENDBG_BIG_1.PVM,big_12,
SATranslation/system/ENDBG_BIG_1.PVM,big_13,
SATranslation/system/ENDBG_BIG_1.PVM,big_14,
SATranslation/system/ENDBG_BIG_1.PVM,big_15,
SATranslation/system/ENDBG_BIG_1.PVM,big_16,
SATranslation/system/ENDBG_BIG_1.PVM,big_17,
SATranslation/system/ENDBG_BIG_1.PVM,big_18,
SATranslation/system/ENDBG_BIG_1.PVM,big_19,
SATranslation/system/ENDBG_BIG_2.PVM,big_20,
SATranslation/system/ENDBG_BIG_2.PVM,big_21,
SATranslation/system/ENDBG_BIG_2.PVM,big_22,
SATranslation/system/ENDBG_BIG_2.PVM,big_23,
SATranslation/system/ENDBG_BIG_2.PVM,big_24,
SATranslation/system/ENDBG_E102_0.PVM,e_01,
SATranslation/system/ENDBG_E102_0.PVM,e_02,
SATranslation/system/ENDBG_E102_0.PVM,e_03,
SATranslation/system/ENDBG_E102_0.PVM,e_04,
SATranslation/system/ENDBG_E102_0.PVM,e_05,
SATranslation/system/ENDBG_E102_0.PVM,e_06,
SATranslation/system/ENDBG_E102_0.PVM,e_07,
SATranslation/system/ENDBG_E102_0.PVM,e_08,
SATranslation/system/ENDBG_E102_0.PVM,e_09,
SATranslation/system/ENDBG_E102_1.PVM,e_10,
SATranslation/system/ENDBG_E102_1.PVM,e_11,
SATranslation/system/ENDBG_E102_1.PVM,e_12,
SATranslation/system/ENDBG_E102_1.PVM,e_13,
SATranslation/system/ENDBG_E102_1.PVM,e_14,
SATranslation/system/ENDBG_E102_1.PVM,e_15,
SATranslation/system/ENDBG_E102_1.PVM,e_16,
SATranslation/system/ENDBG_E102_1.PVM,e_17,
SATranslation/system/ENDBG_E102_1.PVM,e_18,
SATranslation/system/ENDBG_E102_1.PVM,e_19,
SATranslation/system/ENDBG_E102_2.PVM,e_20,
SATranslation/system/ENDBG_E102_2.PVM,e_21,
SATranslation/system/ENDBG_E102_2.PVM,e_22,
SATranslation/system/ENDBG_E102_2.PVM,e_23,
SATranslation/system/ENDBG_E102_2.PVM,e_24,
SATranslation/system/ENDBG_E102_2.PVM,e_25,
SATranslation/system/ENDBG_E102_2.PVM,e_26,
SATranslation/system/ENDBG_KNUCKLES_0.PVM,knuckles_01,
SATranslation/system/ENDBG_KNUCKLES_0.PVM,knuckles_02,
SATranslation/system/ENDBG_KNUCKLES_0.PVM,knuckles_03,
SATranslation/system/ENDBG_KNUCKLES_0.PVM,knuckles_04,
SATranslation/system/ENDBG_KNUCKLES_0.PVM,knuckles_05,
SATranslation/system/ENDBG_KNUCKLES_0.PVM,knuckles_06,
SATranslation/system/ENDBG_KNUCKLES_0.PVM,knuckles_07,
SATranslation/system/ENDBG_KNUCKLES_0.PVM,knuckles_08,
SATranslation/system/ENDBG_KNUCKLES_0.PVM,knuckles_09,
SATranslation/system/ENDBG_KNUCKLES_1.PVM,knuckles_10,
SATranslation/system/ENDBG_KNUCKLES_1.PVM,knuckles_11,
SATranslation/system/ENDBG_KNUCKLES_1.PVM,knuckles_12,
SATranslation/system/ENDBG_KNUCKLES_1.PVM,knuckles_13,
SATranslation/system/ENDBG_KNUCKLES_1.PVM,knuckles_14,
SATranslation/system/ENDBG_KNUCKLES_1.PVM,knuckles_15,
SATranslation/system/ENDBG_KNUCKLES_1.PVM,knuckles_16,
SATranslation/system/ENDBG_KNUCKLES_1.PVM,knuckles_17,
SATranslation/system/ENDBG_KNUCKLES_1.PVM,knuckles_18,
SATranslation/system/ENDBG_KNUCKLES_1.PVM,knuckles_19,
SATranslation/system/ENDBG_KNUCKLES_2.PVM,knuckles_20,
SATranslation/system/ENDBG_KNUCKLES_2.PVM,knuckles_21,
SATranslation/system/ENDBG_KNUCKLES_2.PVM,knuckles_22,
SATranslation/system/ENDBG_KNUCKLES_2.PVM,knuckles_23,
SATranslation/system/ENDBG_KNUCKLES_2.PVM,knuckles_24,
SATranslation/system/ENDBG_KNUCKLES_2.PVM,knuckles_25,
SATranslation/system/ENDBG_KNUCKLES_2.PVM,knuckles_26,
SATranslation/system/ENDBG_KNUCKLES_2.PVM,knuckles_27,
SATranslation/system/ENDBG_LAST_AMY.PVM,a_last01,
SATranslation/system/ENDBG_LAST_AMY.PVM,a_last02,
SATranslation/system/ENDBG_LAST_AMY.PVM,a_last03,
SATranslation/system/ENDBG_LAST_AMY.PVM,a_last04,
SATranslation/system/ENDBG_LAST_AMY.PVM,a_last05,
SATranslation/system/ENDBG_LAST_AMY.PVM,a_last06,
SATranslation/system/ENDBG_LAST_AMY.PVM,a_last07,
SATranslation/system/ENDBG_LAST_AMY.PVM,a_last08,
SATranslation/system/ENDBG_LAST_BIG.PVM,b_last01,
SATranslation/system/ENDBG_LAST_BIG.PVM,b_last02,
SATranslation/system/ENDBG_LAST_BIG.PVM,b_last03,
SATranslation/system/ENDBG_LAST_BIG.PVM,b_last04,
SATranslation/system/ENDBG_LAST_BIG.PVM,b_last05,
SATranslation/system/ENDBG_LAST_BIG.PVM,b_last06,
SATranslation/system/ENDBG_LAST_BIG.PVM,b_last07,
SATranslation/system/ENDBG_LAST_BIG.PVM,b_last08,
SATranslation/system/ENDBG_LAST_E102.PVM,e_last01,
SATranslation/system/ENDBG_LAST_E102.PVM,e_last02,
SATranslation/system/ENDBG_LAST_E102.PVM,e_last03,
SATranslation/system/ENDBG_LAST_E102.PVM,e_last04,
SATranslation/system/ENDBG_LAST_E102.PVM,e_last05,
SATranslation/system/ENDBG_LAST_E102.PVM,e_last06,
SATranslation/system/ENDBG_LAST_E102.PVM,e_last07,
SATranslation/system/ENDBG_LAST_E102.PVM,e_last08,
SATranslation/system/ENDBG_LAST_KNUCKLES.PVM,k_last01,
SATranslation/system/ENDBG_LAST_KNUCKLES.PVM,k_last02,
SATranslation/system/ENDBG_LAST_KNUCKLES.PVM,k_last03,
SATranslation/system/ENDBG_LAST_KNUCKLES.PVM,k_last04,
SATranslation/system/ENDBG_LAST_KNUCKLES.PVM,k_last05,
SATranslation/system/ENDBG_LAST_KNUCKLES.PVM,k_last06,
SATranslation/system/ENDBG_LAST_KNUCKLES.PVM,k_last07,
SATranslation/system/ENDBG_LAST_KNUCKLES.PVM,k_last08,
SATranslation/system/ENDBG_LAST_SONIC.PVM,s_last01,
SATranslation/system/ENDBG_LAST_SONIC.PVM,s_last02,
SATranslation/system/ENDBG_LAST_SONIC.PVM,s_last03,
SATranslation/system/ENDBG_LAST_SONIC.PVM,s_last04,
SATranslation/system/ENDBG_LAST_SONIC.PVM,s_last05,
SATranslation/system/ENDBG_LAST_SONIC.PVM,s_last06,
SATranslation/system/ENDBG_LAST_SONIC.PVM,s_last07,
SATranslation/system/ENDBG_LAST_SONIC.PVM,s_last08,
SATranslation/system/ENDBG_LAST_SUPERSONIC.PVM,ss_last01,
SATranslation/system/ENDBG_LAST_SUPERSONIC.PVM,ss_last02,
SATranslation/system/ENDBG_LAST_SUPERSONIC.PVM,ss_last03,
SATranslation/system/ENDBG_LAST_SUPERSONIC.PVM,ss_last04,
SATranslation/system/ENDBG_LAST_SUPERSONIC.PVM,ss_last05,
SATranslation/system/ENDBG_LAST_SUPERSONIC.PVM,ss_last06,
SATranslation/system/ENDBG_LAST_SUPERSONIC.PVM,ss_last07,
SATranslation/system/ENDBG_LAST_SUPERSONIC.PVM,ss_last08,
SATranslation/system/ENDBG_LAST_TAILS.PVM,m_last01,
SATranslation/system/ENDBG_LAST_TAILS.PVM,m_last02,
SATranslation/system/ENDBG_LAST_TAILS.PVM,m_last03,
SATranslation/system/ENDBG_LAST_TAILS.PVM,m_last04,
SATranslation/system/ENDBG_LAST_TAILS.PVM,m_last05,
SATranslation/system/ENDBG_LAST_TAILS.PVM,m_last06,
SATranslation/system/ENDBG_LAST_TAILS.PVM,m_last07,
SATranslation/system/ENDBG_LAST_TAILS.PVM,m_last08,
SATranslation/system/ENDBG_LOGO.PVM,adx_rogo,
SATranslation/system/ENDBG_LOGO.PVM,end_teamlogo,
SATranslation/system/ENDBG_LOGO.PVM,mpeg_rogo,
SATranslation/system/ENDBG_LOGO.PVM,studio_rogo,
SATranslation/system/ENDBG_SONIC_0.PVM,sonic_01,
SATranslation/system/ENDBG_SONIC_0.PVM,sonic_02,
SATranslation/system/ENDBG_SONIC_0.PVM,sonic_03,
SATranslation/system/ENDBG_SONIC_0.PVM,sonic_04,
SATranslation/system/ENDBG_SONIC_0.PVM,sonic_05,
SATranslation/system/ENDBG_SONIC_0.PVM,sonic_06,
SATranslation/system/ENDBG_SONIC_0.PVM,sonic_07,
SATranslation/system/ENDBG_SONIC_0.PVM,sonic_08,
SATranslation/system/ENDBG_SONIC_0.PVM,sonic_09,
SATranslation/system/ENDBG_SONIC_1.PVM,sonic_10,
SATranslation/system/ENDBG_SONIC_1.PVM,sonic_11,
SATranslation/system/ENDBG_SONIC_1.PVM,sonic_12,
SATranslation/system/ENDBG_SONIC_1.PVM,sonic_13,
SATranslation/system/ENDBG_SONIC_1.PVM,sonic_14,
SATranslation/system/ENDBG_SONIC_1.PVM,sonic_15,
SATranslation/system/ENDBG_SONIC_1.PVM,sonic_16,
SATranslation/system/ENDBG_SONIC_1.PVM,sonic_17,
SATranslation/system/ENDBG_SONIC_1.PVM,sonic_18,
SATranslation/system/ENDBG_SONIC_1.PVM,sonic_19,
SATranslation/system/ENDBG_SONIC_2.PVM,sonic_20,
SATranslation/system/ENDBG_SONIC_2.PVM,sonic_21,
SATranslation/system/ENDBG_SONIC_2.PVM,sonic_22,
SATranslation/system/ENDBG_SONIC_2.PVM,sonic_23,
SATranslation/system/ENDBG_SONIC_2.PVM,sonic_24,
SATranslation/system/ENDBG_SONIC_2.PVM,sonic_25,
SATranslation/system/ENDBG_SONIC_2.PVM,sonic_26,
SATranslation/system/ENDBG_SONIC_2.PVM,sonic_27,
SATranslation/system/ENDBG_SUPERSONIC_0.PVM,supersonic_01,
SATranslation/system/ENDBG_SUPERSONIC_0.PVM,supersonic_02,
SATranslation/system/ENDBG_SUPERSONIC_0.PVM,supersonic_03,
SATranslation/system/ENDBG_SUPERSONIC_0.PVM,supersonic_04,
SATranslation/system/ENDBG_SUPERSONIC_0.PVM,supersonic_05,
SATranslation/system/ENDBG_SUPERSONIC_0.PVM,supersonic_06,
SATranslation/system/ENDBG_SUPERSONIC_0.PVM,supersonic_07,
SATranslation/system/ENDBG_SUPERSONIC_0.PVM,supersonic_08,
SATranslation/system/ENDBG_SUPERSONIC_1.PVM,supersonic_09,
SATranslation/system/ENDBG_SUPERSONIC_1.PVM,supersonic_10,
SATranslation/system/ENDBG_SUPERSONIC_1.PVM,supersonic_11,
SATranslation/system/ENDBG_SUPERSONIC_1.PVM,supersonic_12,
SATranslation/system/ENDBG_SUPERSONIC_1.PVM,supersonic_13,
SATranslation/system/ENDBG_SUPERSONIC_1.PVM,supersonic_14,
SATranslation/system/ENDBG_SUPERSONIC_2.PVM,supersonic_15,
SATranslation/system/ENDBG_SUPERSONIC_2.PVM,supersonic_16,
SATranslation/system/ENDBG_SUPERSONIC_2.PVM,supersonic_17,
SATranslation/system/ENDBG_SUPERSONIC_2.PVM,supersonic_18,
SATranslation/system/ENDBG_SUPERSONIC_2.PVM,supersonic_19,
SATranslation/system/ENDBG_SUPERSONIC_2.PVM,supersonic_20,
SATranslation/system/ENDBG_SUPERSONIC_2.PVM,supersonic_21,
SATranslation/system/ENDBG_SUPERSONIC_2.PVM,supersonic_22,
SATranslation/system/ENDBG_SUPERSONIC_2.PVM,supersonic_23,
SATranslation/system/ENDBG_SUPERSONIC_2.PVM,supersonic_24,
SATranslation/system/ENDBG_SUPERSONIC_3.PVM,supersonic_25,
SATranslation/system/ENDBG_SUPERSONIC_3.PVM,supersonic_26,
SATranslation/system/ENDBG_SUPERSONIC_3.PVM,supersonic_27,
SATranslation/system/ENDBG_TAILS_0.PVM,tails_01,
SATranslation/system/ENDBG_TAILS_0.PVM,tails_02,
SATranslation/system/ENDBG_TAILS_0.PVM,tails_03,
SATranslation/system/ENDBG_TAILS_0.PVM,tails_04,
SATranslation/system/ENDBG_TAILS_0.PVM,tails_05,
SATranslation/system/ENDBG_TAILS_0.PVM,tails_06,
SATranslation/system/ENDBG_TAILS_0.PVM,tails_07,
SATranslation/system/ENDBG_TAILS_0.PVM,tails_08,
SATranslation/system/ENDBG_TAILS_0.PVM,tails_09,
SATranslation/system/ENDBG_TAILS_1.PVM,tails_10,
SATranslation/system/ENDBG_TAILS_1.PVM,tails_11,
SATranslation/system/ENDBG_TAILS_1.PVM,tails_12,
SATranslation/system/ENDBG_TAILS_1.PVM,tails_13,
SATranslation/system/ENDBG_TAILS_1.PVM,tails_14,
SATranslation/system/ENDBG_TAILS_1.PVM,tails_15,
SATranslation/system/ENDBG_TAILS_1.PVM,tails_16,
SATranslation/system/ENDBG_TAILS_1.PVM,tails_17,
SATranslation/system/ENDBG_TAILS_1.PVM,tails_18,
SATranslation/system/ENDBG_TAILS_1.PVM,tails_19,
SATranslation/system/ENDBG_TAILS_2.PVM,tails_20,
SATranslation/system/ENDBG_TAILS_2.PVM,tails_21,
SATranslation/system/ENDBG_TAILS_2.PVM,tails_22,
SATranslation/system/ENDBG_TAILS_2.PVM,tails_23,
SATranslation/system/ER_9000_EGGMANROBO.PVM,ertx_metal0,
SATranslation/system/ER_9000_EGGMANROBO.PVM,ertx_en,EN
SATranslation/system/ER_9000_EGGMANROBO.PVM,ertx_eyes,
SATranslation/system/ER_9000_EGGMANROBO.PVM,ertx_green1,
SATranslation/system/ER_9000_EGGMANROBO.PVM,ertx_green3,
SATranslation/system/ER_9000_EGGMANROBO.PVM,ertx_green4,
SATranslation/system/ER_9000_EGGMANROBO.PVM,ertx_green5,
SATranslation/system/ER_9000_EGGMANROBO.PVM,ertx_green7,
SATranslation/system/ER_9000_EGGMANROBO.PVM,ertx_head,
SATranslation/system/ER_9000_EGGMANROBO.PVM,ertx_head3,
SATranslation/system/ER_9000_EGGMANROBO.PVM,ertx_iat0,
SATranslation/system/ER_9000_EGGMANROBO.PVM,ertx_kosi0,
SATranslation/system/ER_9000_EGGMANROBO.PVM,ertx_black0,
SATranslation/system/ER_9000_EGGMANROBO.PVM,ertx_paipe,
SATranslation/system/ER_9000_EGGMANROBO.PVM,ertx_red0,
SATranslation/system/ER_9000_EGGMANROBO.PVM,ertx_red1,
SATranslation/system/ER_9000_EGGMANROBO.PVM,ertx_right0,
SATranslation/system/ER_9000_EGGMANROBO.PVM,ertx_right1,
SATranslation/system/ER_9000_EGGMANROBO.PVM,ertx_right2,
SATranslation/system/ER_9000_EGGMANROBO.PVM,ertx_te0,
SATranslation/system/ER_9000_EGGMANROBO.PVM,ertx_yellow0,
SATranslation/system/EROBO.PVM,mpoliexp01,
SATranslation/system/EROBO.PVM,mpoliexp02,
SATranslation/system/EROBO.PVM,mpoliexp03,
SATranslation/system/EROBO.PVM,mpoliexp04,
SATranslation/system/EROBO.PVM,mpoliexp05,
SATranslation/system/EROBO.PVM,mpoliexp06,
SATranslation/system/EROBO.PVM,mpoliexp07,
SATranslation/system/EROBO.PVM,lpoliexp01,
SATranslation/system/EROBO.PVM,lpoliexp02,
SATranslation/system/EROBO.PVM,bthunder01,
SATranslation/system/EROBO.PVM,bthunder02,
SATranslation/system/EROBO.PVM,bthunder03,
SATranslation/system/EROBO.PVM,bthunder04,
SATranslation/system/EROBO.PVM,bthunder05,
SATranslation/system/EROBO.PVM,bthunder06,
SATranslation/system/EROBO.PVM,bthunder07,
SATranslation/system/EROBO.PVM,bthunder08,
SATranslation/system/EROBO.PVM,zero_kan01,
SATranslation/system/EROBO.PVM,zero_kan02,
SATranslation/system/EROBO.PVM,zero_kan03,
SATranslation/system/EROBO.PVM,zero_kandb01,
SATranslation/system/EROBO.PVM,zero_kandb02,
SATranslation/system/EROBO.PVM,zero_kandb03,
SATranslation/system/EROBO.PVM,zero_kandb04,
SATranslation/system/EROBO.PVM,zero_kandb05,
SATranslation/system/EROBO.PVM,zero_kandb06,
SATranslation/system/EROBO.PVM,zero_kandb07,
SATranslation/system/EROBO.PVM,zero_kandb08,
SATranslation/system/EROBO.PVM,zero_thunder01,
SATranslation/system/EROBO.PVM,zero_thunder02,
SATranslation/system/EROBO.PVM,zero_thunder03,
SATranslation/system/EROBO.PVM,zero_thunder04,
SATranslation/system/EROBO.PVM,zero_thunder05,
SATranslation/system/EROBO.PVM,zero_thunder06,
SATranslation/system/EROBO.PVM,zero_shock01,
SATranslation/system/EROBO.PVM,zero_shock02,
SATranslation/system/EROBO.PVM,zero_spark01,
SATranslation/system/EROBO.PVM,zero_spark02,
SATranslation/system/EROBO.PVM,zero_spark03,
SATranslation/system/EROBO.PVM,zero_spark04,
SATranslation/system/EROBO.PVM,zero_spark05,
SATranslation/system/EROBO.PVM,zero_spark06,
SATranslation/system/EROBO.PVM,ertx_metal0,
SATranslation/system/EROBO.PVM,ertx_black0,
SATranslation/system/EROBO.PVM,ertx_en,EN
SATranslation/system/EROBO.PVM,ertx_eyes,
SATranslation/system/EROBO.PVM,ertx_green1,
SATranslation/system/EROBO.PVM,ertx_green3,
SATranslation/system/EROBO.PVM,ertx_green4,
SATranslation/system/EROBO.PVM,ertx_green5,
SATranslation/system/EROBO.PVM,ertx_green7,
SATranslation/system/EROBO.PVM,ertx_head,
SATranslation/system/EROBO.PVM,ertx_head3,
SATranslation/system/EROBO.PVM,ertx_iat0,
SATranslation/system/EROBO.PVM,ertx_kosi0,
SATranslation/system/EROBO.PVM,ertx_paipe,
SATranslation/system/EROBO.PVM,ertx_red0,
SATranslation/system/EROBO.PVM,ertx_red1,
SATranslation/system/EROBO.PVM,ertx_right0,
SATranslation/system/EROBO.PVM,ertx_right1,
SATranslation/system/EROBO.PVM,ertx_right2,
SATranslation/system/EROBO.PVM,ertx_te0,
SATranslation/system/EROBO.PVM,ertx_yellow0,
SATranslation/system/EROBO.PVM,ertx_32x10,
SATranslation/system/EROBO.PVM,ertx_32x2,
SATranslation/system/EROBO.PVM,ertx_32x30,
SATranslation/system/EROBO.PVM,ertx_32x4,
SATranslation/system/EROBO.PVM,ertx_64x1,
SATranslation/system/EROBO.PVM,ertx_64x2,
SATranslation/system/EROBO.PVM,ertx_32x1,
SATranslation/system/EROBO.PVM,ertx_32x3,
SATranslation/system/EV_ALIFE.PVM,al_bodyb,
SATranslation/system/EV_ALIFE.PVM,al_body,
SATranslation/system/EV_ALIFE.PVM,al_eye,
SATranslation/system/EV_ALIFE.PVM,al_mouth,
SATranslation/system/EV_ALIFE.PVM,al_tama,
SATranslation/system/EV_ALIFE.PVM,al_wing,
SATranslation/system/EV_ALIFE.PVM,al_joy,
SATranslation/system/EV_ALIFE.PVM,al_angrry,
SATranslation/system/EV_ALIFE.PVM,al_merry,
SATranslation/system/EV_ALIFE.PVM,al_sing,
SATranslation/system/EV_ALIFE.PVM,al_worry,
SATranslation/system/EV_CHAOS0_MANJU.PVM,c0tx_warter,
SATranslation/system/EV_CHAOS1.PVM,c2tx_mizu0,
SATranslation/system/EV_CHAOS1.PVM,c2tx_eye1,
SATranslation/system/EV_CHAOS1.PVM,c2tx_brain,
SATranslation/system/EV_CHAOS1.PVM,c2tx_brain1,
SATranslation/system/EV_CHAOS1.PVM,c2_hone0,
SATranslation/system/EV_CHAOS1.PVM,eme_purple,
SATranslation/system/EV_E101_BODY.PVM,etx_metal2,
SATranslation/system/EV_E101_BODY.PVM,etx_pype1,
SATranslation/system/EV_E101_BODY.PVM,etx_line1,
SATranslation/system/EV_E101_BODY.PVM,etx_red7,
SATranslation/system/EV_E101_BODY.PVM,etx_right,
SATranslation/system/EV_E101_BODY.PVM,etx_right1,
SATranslation/system/EV_E101_BODY.PVM,etx_right3,
SATranslation/system/EV_E101_BODY.PVM,etx_se,
SATranslation/system/EV_E101_BODY.PVM,etx_te1,
SATranslation/system/EV_E101_BODY.PVM,etx_tiya,
SATranslation/system/EV_E101_BODY.PVM,etx_yellow0,
SATranslation/system/EV_E101_BODY.PVM,etx_yellow1,
SATranslation/system/EV_E101_BODY.PVM,etx_yellow2,
SATranslation/system/EV_E101_BODY.PVM,etx_yline,
SATranslation/system/EV_E101_BODY.PVM,etx_asi2,
SATranslation/system/EV_E101_BODY.PVM,etx_bline,
SATranslation/system/EV_E101_BODY.PVM,etx_bluck1,
SATranslation/system/EV_E101_BODY.PVM,etx_enn1,
SATranslation/system/EV_E101_BODY.PVM,etx_enn2,
SATranslation/system/EV_E101_BODY.PVM,etx_eyes,
SATranslation/system/EV_E101_BODY.PVM,etx_green,
SATranslation/system/EV_E101_BODY.PVM,etx_guno,
SATranslation/system/EV_E101_BODY.PVM,etx_kosi0,
SATranslation/system/EV_E101_BODY.PVM,03tx_gun_usi,
SATranslation/system/EV_E101_BODY.PVM,03tx_gun_yoko2,
SATranslation/system/EV_E101_BODY.PVM,01tx_gun_mae,
SATranslation/system/EV_E101_BODY.PVM,01tx_gun_ue,
SATranslation/system/EV_E101_BODY.PVM,01tx_gun_yoko,
SATranslation/system/EV_E101_BODY.PVM,e101_101,
SATranslation/system/EV_E101_BODY.PVM,e101_asi1,
SATranslation/system/EV_E101_BODY.PVM,e101_b2,
SATranslation/system/EV_E101_BODY.PVM,e101_b4,
SATranslation/system/EV_E101_BODY.PVM,e101_b6,
SATranslation/system/EV_E101_BODY.PVM,e101_b7,
SATranslation/system/EV_E101_BODY.PVM,e101_gard2,
SATranslation/system/EV_E101_FUN.PVM,etx_asi2,
SATranslation/system/EV_E101_FUN.PVM,etx_enn2,
SATranslation/system/EV_E101_FUN.PVM,e101_b2,
SATranslation/system/EV_E101_FUN.PVM,e101_b4,
SATranslation/system/EV_E101_FUN.PVM,e101_b6,
SATranslation/system/EV_E101_FUN.PVM,e101_fun2,
SATranslation/system/EV_E101KAI.PVM,01tx_dou_aka,
SATranslation/system/EV_E101KAI.PVM,01tx_dou_aka2,
SATranslation/system/EV_E101KAI.PVM,01tx_dou_ana,
SATranslation/system/EV_E101KAI.PVM,01tx_dou_ana2,
SATranslation/system/EV_E101KAI.PVM,01tx_dou_ana3,
SATranslation/system/EV_E101KAI.PVM,01tx_dou_ao,
SATranslation/system/EV_E101KAI.PVM,01tx_dou_kuro,
SATranslation/system/EV_E101KAI.PVM,01tx_dou_metal,
SATranslation/system/EV_E101KAI.PVM,01tx_dou_neji,
SATranslation/system/EV_E101KAI.PVM,01tx_hako_mae,
SATranslation/system/EV_E101KAI.PVM,01tx_hako_ue,
SATranslation/system/EV_E101KAI.PVM,01tx_houdai,
SATranslation/system/EV_E101KAI.PVM,01tx_me3,
SATranslation/system/EV_E101KAI.PVM,01tx_me4,
SATranslation/system/EV_E101KAI.PVM,01tx_pipe,
SATranslation/system/EV_E101KAI.PVM,01tx_pipe2,
SATranslation/system/EV_E101KAI.PVM,01tx_pipe3,
SATranslation/system/EV_E101KAI.PVM,01tx_pipe4,
SATranslation/system/EV_E101KAI.PVM,etx_bluck1,
SATranslation/system/EV_E101KAI.PVM,01tx_dou_futa,
SATranslation/system/EV_E101KAI.PVM,01tx_dou_kiro,
SATranslation/system/EV_E101KAI.PVM,01tx_dou_kuro2,
SATranslation/system/EV_E101KAI.PVM,01tx_dou_sita,
SATranslation/system/EV_E101KAI.PVM,01tx_dou_ue,
SATranslation/system/EV_E101KAI.PVM,01tx_houdai2,
SATranslation/system/EV_E101KAI.PVM,01tx_me,
SATranslation/system/EV_E101KAI.PVM,01tx_me2,
SATranslation/system/EV_E101KAI.PVM,01tx_siri,
SATranslation/system/EV_E101KAI.PVM,01tx_te,
SATranslation/system/EV_E101KAI.PVM,01tx_te2,
SATranslation/system/EV_E101KAI.PVM,01tx_ude,
SATranslation/system/EV_E101KAI.PVM,e101_101,
SATranslation/system/EV_E103_BODY.PVM,etx_metal2,
SATranslation/system/EV_E103_BODY.PVM,etx_pype1,
SATranslation/system/EV_E103_BODY.PVM,etx_line1,
SATranslation/system/EV_E103_BODY.PVM,etx_red7,
SATranslation/system/EV_E103_BODY.PVM,etx_right,
SATranslation/system/EV_E103_BODY.PVM,etx_right1,
SATranslation/system/EV_E103_BODY.PVM,etx_right3,
SATranslation/system/EV_E103_BODY.PVM,etx_se,
SATranslation/system/EV_E103_BODY.PVM,etx_te1,
SATranslation/system/EV_E103_BODY.PVM,etx_tiya,
SATranslation/system/EV_E103_BODY.PVM,etx_yellow0,
SATranslation/system/EV_E103_BODY.PVM,etx_yellow1,
SATranslation/system/EV_E103_BODY.PVM,etx_yellow2,
SATranslation/system/EV_E103_BODY.PVM,etx_yline,
SATranslation/system/EV_E103_BODY.PVM,etx_asi2,
SATranslation/system/EV_E103_BODY.PVM,etx_bline,
SATranslation/system/EV_E103_BODY.PVM,etx_bluck1,
SATranslation/system/EV_E103_BODY.PVM,etx_enn1,
SATranslation/system/EV_E103_BODY.PVM,etx_enn2,
SATranslation/system/EV_E103_BODY.PVM,etx_eyes,
SATranslation/system/EV_E103_BODY.PVM,etx_green,
SATranslation/system/EV_E103_BODY.PVM,etx_gun1,
SATranslation/system/EV_E103_BODY.PVM,etx_gun2,
SATranslation/system/EV_E103_BODY.PVM,etx_guno,
SATranslation/system/EV_E103_BODY.PVM,etx_kosi0,
SATranslation/system/EV_E103_BODY.PVM,e103_gard2,
SATranslation/system/EV_E103_BODY.PVM,e103tx_103,
SATranslation/system/EV_E103_BODY.PVM,e103tx_asi1,
SATranslation/system/EV_E103_BODY.PVM,e103tx_b2,
SATranslation/system/EV_E103_BODY.PVM,e103tx_b4,
SATranslation/system/EV_E103_BODY.PVM,e103tx_b6,
SATranslation/system/EV_E103_BODY.PVM,e103tx_b7,
SATranslation/system/EV_E103_FUN.PVM,etx_asi2,
SATranslation/system/EV_E103_FUN.PVM,etx_enn2,
SATranslation/system/EV_E103_FUN.PVM,e103tx_b2,
SATranslation/system/EV_E103_FUN.PVM,e103tx_b4,
SATranslation/system/EV_E103_FUN.PVM,e103tx_b6,
SATranslation/system/EV_E103_FUN.PVM,e103tx_fun2,
SATranslation/system/EV_E104_BODY.PVM,etx_metal2,
SATranslation/system/EV_E104_BODY.PVM,etx_pype1,
SATranslation/system/EV_E104_BODY.PVM,etx_line1,
SATranslation/system/EV_E104_BODY.PVM,etx_red7,
SATranslation/system/EV_E104_BODY.PVM,etx_right,
SATranslation/system/EV_E104_BODY.PVM,etx_right1,
SATranslation/system/EV_E104_BODY.PVM,etx_right3,
SATranslation/system/EV_E104_BODY.PVM,etx_se,
SATranslation/system/EV_E104_BODY.PVM,etx_te1,
SATranslation/system/EV_E104_BODY.PVM,etx_tiya,
SATranslation/system/EV_E104_BODY.PVM,etx_yellow0,
SATranslation/system/EV_E104_BODY.PVM,etx_yellow1,
SATranslation/system/EV_E104_BODY.PVM,etx_yellow2,
SATranslation/system/EV_E104_BODY.PVM,etx_yline,
SATranslation/system/EV_E104_BODY.PVM,etx_asi2,
SATranslation/system/EV_E104_BODY.PVM,etx_bline,
SATranslation/system/EV_E104_BODY.PVM,etx_bluck1,
SATranslation/system/EV_E104_BODY.PVM,etx_enn1,
SATranslation/system/EV_E104_BODY.PVM,etx_enn2,
SATranslation/system/EV_E104_BODY.PVM,etx_eyes,
SATranslation/system/EV_E104_BODY.PVM,etx_green,
SATranslation/system/EV_E104_BODY.PVM,etx_gun1,
SATranslation/system/EV_E104_BODY.PVM,etx_gun2,
SATranslation/system/EV_E104_BODY.PVM,etx_guno,
SATranslation/system/EV_E104_BODY.PVM,etx_kosi0,
SATranslation/system/EV_E104_BODY.PVM,e104_104,
SATranslation/system/EV_E104_BODY.PVM,e104_asi1,
SATranslation/system/EV_E104_BODY.PVM,e104_gard2,
SATranslation/system/EV_E104_BODY.PVM,e104_o2,
SATranslation/system/EV_E104_BODY.PVM,e104_o4,
SATranslation/system/EV_E104_BODY.PVM,e104_o6,
SATranslation/system/EV_E104_BODY.PVM,e104_o7,
SATranslation/system/EV_E104_FUN.PVM,etx_asi2,
SATranslation/system/EV_E104_FUN.PVM,etx_enn2,
SATranslation/system/EV_E104_FUN.PVM,e104_fun2,
SATranslation/system/EV_E104_FUN.PVM,e104_o2,
SATranslation/system/EV_E104_FUN.PVM,e104_o4,
SATranslation/system/EV_E104_FUN.PVM,e104_o6,
SATranslation/system/EV_E105_BODY.PVM,etx_metal2,
SATranslation/system/EV_E105_BODY.PVM,etx_pype1,
SATranslation/system/EV_E105_BODY.PVM,etx_line1,
SATranslation/system/EV_E105_BODY.PVM,etx_red7,
SATranslation/system/EV_E105_BODY.PVM,etx_right,
SATranslation/system/EV_E105_BODY.PVM,etx_right1,
SATranslation/system/EV_E105_BODY.PVM,etx_right3,
SATranslation/system/EV_E105_BODY.PVM,etx_se,
SATranslation/system/EV_E105_BODY.PVM,etx_te1,
SATranslation/system/EV_E105_BODY.PVM,etx_tiya,
SATranslation/system/EV_E105_BODY.PVM,etx_yellow0,
SATranslation/system/EV_E105_BODY.PVM,etx_yellow1,
SATranslation/system/EV_E105_BODY.PVM,etx_yellow2,
SATranslation/system/EV_E105_BODY.PVM,etx_yline,
SATranslation/system/EV_E105_BODY.PVM,05etx_asi1,
SATranslation/system/EV_E105_BODY.PVM,05etx_105,
SATranslation/system/EV_E105_BODY.PVM,05etx_gard2,
SATranslation/system/EV_E105_BODY.PVM,05etx_red2,
SATranslation/system/EV_E105_BODY.PVM,05etx_red4,
SATranslation/system/EV_E105_BODY.PVM,05etx_red6,
SATranslation/system/EV_E105_BODY.PVM,05etx_red7,
SATranslation/system/EV_E105_BODY.PVM,etx_asi2,
SATranslation/system/EV_E105_BODY.PVM,etx_bline,
SATranslation/system/EV_E105_BODY.PVM,etx_bluck1,
SATranslation/system/EV_E105_BODY.PVM,etx_enn1,
SATranslation/system/EV_E105_BODY.PVM,etx_enn2,
SATranslation/system/EV_E105_BODY.PVM,etx_eyes,
SATranslation/system/EV_E105_BODY.PVM,etx_green,
SATranslation/system/EV_E105_BODY.PVM,etx_gun1,
SATranslation/system/EV_E105_BODY.PVM,etx_gun2,
SATranslation/system/EV_E105_BODY.PVM,etx_guno,
SATranslation/system/EV_E105_BODY.PVM,etx_kosi0,
SATranslation/system/EV_E105_FUN.PVM,05etx_red2,
SATranslation/system/EV_E105_FUN.PVM,05etx_red4,
SATranslation/system/EV_E105_FUN.PVM,05etx_red6,
SATranslation/system/EV_E105_FUN.PVM,etx_asi2,
SATranslation/system/EV_E105_FUN.PVM,etx_enn2,
SATranslation/system/EV_E105_FUN.PVM,05etx_fun2,
SATranslation/system/EV_ECCLOUD.PVM,ecsc_s_cla,
SATranslation/system/EV_ECCLOUD.PVM,ecsc_s_clb,
SATranslation/system/EV_ECCLOUD.PVM,ecsc_s_clc,
SATranslation/system/EV_EGGMAN_BODY.PVM,s_hando2,
SATranslation/system/EV_EGGMAN_BODY.PVM,e_fuku01,
SATranslation/system/EV_EGGMAN_BODY.PVM,e_fuku02,
SATranslation/system/EV_EGGMAN_BODY.PVM,e_fuku03,
SATranslation/system/EV_EGGMAN_BODY.PVM,e_fuku04,
SATranslation/system/EV_EGGMAN_BODY.PVM,e_hige,
SATranslation/system/EV_EGGMAN_BODY.PVM,e_koshi01,
SATranslation/system/EV_EGGMAN_BODY.PVM,e_te01,
SATranslation/system/EV_EGGMAN_BODY.PVM,eghada,
SATranslation/system/EV_EGGMAN_BODY.PVM,eghana,
SATranslation/system/EV_EGGMAN_BODY.PVM,kan_g,DE
SATranslation/system/EV_EGGMAN_BODY.PVM,kan_m,
SATranslation/system/EV_EGGMAN_BODY.PVM,s_testhand,
SATranslation/system/EV_EGGMAN_BODY.PVM,kan_s,ES
SATranslation/system/EV_EGGMOBILE1.PVM,kan_g,DE
SATranslation/system/EV_EGGMOBILE1.PVM,sor_whit,
SATranslation/system/EV_EGGMOBILE1.PVM,snolight,
SATranslation/system/EV_EGGMOBILE1.PVM,sno_ref11,
SATranslation/system/EV_EGGMOBILE1.PVM,s_testhand,
SATranslation/system/EV_EGGMOBILE1.PVM,s_hando2,
SATranslation/system/EV_EGGMOBILE1.PVM,orenge,
SATranslation/system/EV_EGGMOBILE1.PVM,kan_y,
SATranslation/system/EV_EGGMOBILE1.PVM,kan_m,
SATranslation/system/EV_EGGMOBILE1.PVM,whit_s,ES
SATranslation/system/EV_EGGMOBILE1.PVM,egm_r01,
SATranslation/system/EV_EGGMOBILE1.PVM,egm_m01,
SATranslation/system/EV_EGGMOBILE1.PVM,egm_b02,
SATranslation/system/EV_EGGMOBILE1.PVM,eg_waku01,
SATranslation/system/EV_EGGMOBILE1.PVM,eg_seet01,
SATranslation/system/EV_EGGMOBILE1.PVM,eg_rbrack,
SATranslation/system/EV_EGGMOBILE1.PVM,eg_b033,
SATranslation/system/EV_EGGMOBILE1.PVM,eg_b03,
SATranslation/system/EV_EGGMOBILE1.PVM,eg_b02,
SATranslation/system/EV_EGGMOBILE1.PVM,eg_b01,
SATranslation/system/EV_EGGMOBILE1.PVM,e_te01,
SATranslation/system/EV_EGGMOBILE1.PVM,e_kutu03,
SATranslation/system/EV_EGGMOBILE1.PVM,e_kutu02,
SATranslation/system/EV_EGGMOBILE1.PVM,e_koshi01,
SATranslation/system/EV_EGGMOBILE1.PVM,e_hige,
SATranslation/system/EV_EGGMOBILE1.PVM,e_fuku04,
SATranslation/system/EV_EGGMOBILE1.PVM,e_fuku03,
SATranslation/system/EV_EGGMOBILE1.PVM,e_fuku02,
SATranslation/system/EV_EGGMOBILE1.PVM,e_fuku01,
SATranslation/system/EV_EGGMOBILE1.PVM,console2,
SATranslation/system/EV_EGGMOBILE1.PVM,blackm2,
SATranslation/system/EV_EGGMOBLE0.PVM,blackm2,
SATranslation/system/EV_EGGMOBLE0.PVM,console2,
SATranslation/system/EV_EGGMOBLE0.PVM,e_fuku01,
SATranslation/system/EV_EGGMOBLE0.PVM,e_fuku02,
SATranslation/system/EV_EGGMOBLE0.PVM,e_fuku03,
SATranslation/system/EV_EGGMOBLE0.PVM,e_fuku04,
SATranslation/system/EV_EGGMOBLE0.PVM,e_hige,
SATranslation/system/EV_EGGMOBLE0.PVM,e_koshi01,
SATranslation/system/EV_EGGMOBLE0.PVM,e_kutu01,
SATranslation/system/EV_EGGMOBLE0.PVM,e_kutu02,
SATranslation/system/EV_EGGMOBLE0.PVM,e_kutu03,
SATranslation/system/EV_EGGMOBLE0.PVM,eg_b01,
SATranslation/system/EV_EGGMOBLE0.PVM,eg_b02,
SATranslation/system/EV_EGGMOBLE0.PVM,eg_b03,
SATranslation/system/EV_EGGMOBLE0.PVM,eg_b033,
SATranslation/system/EV_EGGMOBLE0.PVM,eg_rbrack,
SATranslation/system/EV_EGGMOBLE0.PVM,eg_seet01,
SATranslation/system/EV_EGGMOBLE0.PVM,eg_waku01,
SATranslation/system/EV_EGGMOBLE0.PVM,eghada,
SATranslation/system/EV_EGGMOBLE0.PVM,eghana,
SATranslation/system/EV_EGGMOBLE0.PVM,egm_b02,
SATranslation/system/EV_EGGMOBLE0.PVM,egm_m01,
SATranslation/system/EV_EGGMOBLE0.PVM,egm_r01,
SATranslation/system/EV_EGGMOBLE0.PVM,egsiro,
SATranslation/system/EV_EGGMOBLE0.PVM,kan_g,DE
SATranslation/system/EV_EGGMOBLE0.PVM,kan_m,
SATranslation/system/EV_EGGMOBLE0.PVM,kan_s,ES
SATranslation/system/EV_EGGMOBLE0.PVM,kan_y,
SATranslation/system/EV_EGGMOBLE0.PVM,orenge,
SATranslation/system/EV_EGGMOBLE0.PVM,s_hando2,
SATranslation/system/EV_EGGMOBLE0.PVM,s_testhand,
SATranslation/system/EV_EGGMOBLE0.PVM,sno_ref11,
SATranslation/system/EV_EGGMOBLE0.PVM,snolight,
SATranslation/system/EV_EGGMOBLE0.PVM,sor_whit,
SATranslation/system/EV_EGGMOBLE0.PVM,whit_s,ES
SATranslation/system/EV_EGGMOBLE0DM.PVM,console2,
SATranslation/system/EV_EGGMOBLE0DM.PVM,e_koshi01,
SATranslation/system/EV_EGGMOBLE0DM.PVM,e_kutu02,
SATranslation/system/EV_EGGMOBLE0DM.PVM,e_kutu03,
SATranslation/system/EV_EGGMOBLE0DM.PVM,eg_b01,
SATranslation/system/EV_EGGMOBLE0DM.PVM,eg_b02,
SATranslation/system/EV_EGGMOBLE0DM.PVM,eg_b03,
SATranslation/system/EV_EGGMOBLE0DM.PVM,eg_b033,
SATranslation/system/EV_EGGMOBLE0DM.PVM,eg_rbrack,
SATranslation/system/EV_EGGMOBLE0DM.PVM,eg_seet01,
SATranslation/system/EV_EGGMOBLE0DM.PVM,eg_waku01,
SATranslation/system/EV_EGGMOBLE0DM.PVM,egm_b02,
SATranslation/system/EV_EGGMOBLE0DM.PVM,egm_m01,
SATranslation/system/EV_EGGMOBLE0DM.PVM,egm_r01,
SATranslation/system/EV_EGGMOBLE0DM.PVM,kan_g,DE
SATranslation/system/EV_EGGMOBLE0DM.PVM,orenge,
SATranslation/system/EV_EGGMOBLE0DM.PVM,blackm2,
SATranslation/system/EV_EGGMOBLE0DM.PVM,s_testhand,
SATranslation/system/EV_EGGMOBLE0DM.PVM,sno_ref11,
SATranslation/system/EV_EGGMOBLE0DM.PVM,snolight,
SATranslation/system/EV_EGGMOBLE0DM.PVM,sor_whit,
SATranslation/system/EV_EGGMOBLE0DM.PVM,whit_s,ES
SATranslation/system/EV_EGGMOBLE0DM.PVM,e_fuku022,
SATranslation/system/EV_EGGMOBLE0DM.PVM,e_fuku032,
SATranslation/system/EV_EGGMOBLE0DM.PVM,e_hige2,
SATranslation/system/EV_EGGMOBLE0DM.PVM,kan_m2,
SATranslation/system/EV_EGGMOBLE0DM.PVM,kaokoge,
SATranslation/system/EV_EGGMOBLE1.PVM,eg_b03,
SATranslation/system/EV_EGGMOBLE1.PVM,blackm2,
SATranslation/system/EV_EGGMOBLE1.PVM,console2,
SATranslation/system/EV_EGGMOBLE1.PVM,eg_b01,
SATranslation/system/EV_EGGMOBLE1.PVM,eg_b02,
SATranslation/system/EV_EGGMOBLE1.PVM,eg_b033,
SATranslation/system/EV_EGGMOBLE1.PVM,eg_b201,
SATranslation/system/EV_EGGMOBLE1.PVM,eg_jyoin,
SATranslation/system/EV_EGGMOBLE1.PVM,eg_neji,
SATranslation/system/EV_EGGMOBLE1.PVM,eg_rbrack,
SATranslation/system/EV_EGGMOBLE1.PVM,eg_seet01,
SATranslation/system/EV_EGGMOBLE1.PVM,eg_waku01,
SATranslation/system/EV_EGGMOBLE1.PVM,egm_m01,
SATranslation/system/EV_EGGMOBLE1.PVM,egm_r01,
SATranslation/system/EV_EGGMOBLE1.PVM,egm_r02,
SATranslation/system/EV_EGGMOBLE1.PVM,egm1_mark,
SATranslation/system/EV_EGGMOBLE1.PVM,orenge,
SATranslation/system/EV_EGGMOBLE1.PVM,sky_ref,
SATranslation/system/EV_EGGMOBLE1.PVM,snolight,
SATranslation/system/EV_EGGMOBLE1.PVM,sor_whit,
SATranslation/system/EV_EGGMOBLE1.PVM,whit_s,ES
SATranslation/system/EV_EGGMOBLE1.PVM,sno_ref11,
SATranslation/system/EV_EGGMOBLE1.PVM,egm_m1,
SATranslation/system/EV_EGGMOBLE1.PVM,sno_k01,
SATranslation/system/EV_EGGMOBLE1.PVM,egm_b02,
SATranslation/system/EV_EGGMOBLE2.PVM,console2,
SATranslation/system/EV_EGGMOBLE2.PVM,catarp,
SATranslation/system/EV_EGGMOBLE2.PVM,blackm2,
SATranslation/system/EV_EGGMOBLE2.PVM,d_asi,
SATranslation/system/EV_EGGMOBLE2.PVM,eg_b03,
SATranslation/system/EV_EGGMOBLE2.PVM,eg_b201,
SATranslation/system/EV_EGGMOBLE2.PVM,eg_jyoin,
SATranslation/system/EV_EGGMOBLE2.PVM,eg_neji,
SATranslation/system/EV_EGGMOBLE2.PVM,eg_rbrack,
SATranslation/system/EV_EGGMOBLE2.PVM,eg_seet01,
SATranslation/system/EV_EGGMOBLE2.PVM,eg_waku01,
SATranslation/system/EV_EGGMOBLE2.PVM,egm_b02,
SATranslation/system/EV_EGGMOBLE2.PVM,egm_bule,
SATranslation/system/EV_EGGMOBLE2.PVM,egm_m1,
SATranslation/system/EV_EGGMOBLE2.PVM,egm_r01,
SATranslation/system/EV_EGGMOBLE2.PVM,egm_r02,
SATranslation/system/EV_EGGMOBLE2.PVM,egm2_b01,
SATranslation/system/EV_EGGMOBLE2.PVM,egm2_b02,
SATranslation/system/EV_EGGMOBLE2.PVM,egm2_b03,
SATranslation/system/EV_EGGMOBLE2.PVM,egm2_g01,
SATranslation/system/EV_EGGMOBLE2.PVM,egm2_g02,
SATranslation/system/EV_EGGMOBLE2.PVM,reon_ana,
SATranslation/system/EV_EGGMOBLE2.PVM,sky_ref,
SATranslation/system/EV_EGGMOBLE2.PVM,sno_ref11,
SATranslation/system/EV_EGGMOBLE2.PVM,snolight,
SATranslation/system/EV_EGGMOBLE2.PVM,sor_whit,
SATranslation/system/EV_EGGMOBLE2.PVM,supi_ana,
SATranslation/system/EV_HELI.PVM,yakei_ref,
SATranslation/system/EV_HELI.PVM,yakei_ref_b,
SATranslation/system/EV_HELI.PVM,yakei_ref_w,
SATranslation/system/EV_HELI.PVM,light1,
SATranslation/system/EV_HELI.PVM,yakei_ref_orange,
SATranslation/system/EV_HELI.PVM,board_ura,
SATranslation/system/EV_HELI.PVM,rock_panel3,
SATranslation/system/EV_HELI.PVM,ref_crome,
SATranslation/system/EV_HELI.PVM,patlight_b,
SATranslation/system/EV_HELI.PVM,smokelight,
SATranslation/system/EV_HELI.PVM,patlight_a,
SATranslation/system/EV_HELI.PVM,sspd,
SATranslation/system/EV_K_PATYA.PVM,610011,
SATranslation/system/EV_K_PATYA.PVM,610015,
SATranslation/system/EV_K_PATYA.PVM,610018,
SATranslation/system/EV_K_PATYA.PVM,610021,
SATranslation/system/EV_K_PATYA.PVM,610023,
SATranslation/system/EV_K_PATYA.PVM,610025,
SATranslation/system/EV_K_PATYA.PVM,610026,
SATranslation/system/EV_K_PATYA.PVM,610027,
SATranslation/system/EV_K_PATYA.PVM,610032,
SATranslation/system/EV_K_PATYA.PVM,610033,
SATranslation/system/EV_K_PATYA.PVM,610034,
SATranslation/system/EV_K_PATYA.PVM,610036,
SATranslation/system/EV_K_PATYA.PVM,610041,
SATranslation/system/EV_K_PATYA.PVM,610042,
SATranslation/system/EV_K_PATYA.PVM,610050,
SATranslation/system/EV_K_PATYA.PVM,610022,
SATranslation/system/EV_K_PATYA.PVM,610024,
SATranslation/system/EV_K_PATYA.PVM,610028,
SATranslation/system/EV_K_PATYA.PVM,610029,
SATranslation/system/EV_K_PATYA.PVM,610030,
SATranslation/system/EV_K_PATYA.PVM,610031,
SATranslation/system/EV_S_MSBODY.PVM,stg_s_bkfire,
SATranslation/system/EV_S_MSBODY.PVM,stg_s_bkfireb,
SATranslation/system/EV_S_MSBODY.PVM,mrd_032s_msana,
SATranslation/system/EV_S_MSBODY.PVM,mrd_032s_msbis,
SATranslation/system/EV_S_MSBODY.PVM,mrd_032s_mseye,
SATranslation/system/EV_S_MSBODY.PVM,mrd_064s_msblack,
SATranslation/system/EV_S_MSBODY.PVM,mrd_064s_msblue,
SATranslation/system/EV_S_MSBODY.PVM,mrd_064s_msred,
SATranslation/system/EV_S_MSBODY.PVM,mrd_064s_msslv,
SATranslation/system/EV_S_MSBODY.PVM,mrd_064s_mswhite,
SATranslation/system/EV_S_MSBODY.PVM,mrd_064s_msyelw,
SATranslation/system/EV_S_T2C_BODY.PVM,mtx_eye3,
SATranslation/system/EV_S_T2C_BODY.PVM,mtx_f_kuchi0,
SATranslation/system/EV_S_T2C_BODY.PVM,mtx_kuchinaka0,
SATranslation/system/EV_S_T2C_BODY.PVM,mtx_kuchinaka1,
SATranslation/system/EV_S_T2C_BODY.PVM,mtx_kutusoko0,
SATranslation/system/EV_S_T2C_BODY.PVM,mtx_ring,
SATranslation/system/EV_S_T2C_BODY.PVM,mtx_shitahara,
SATranslation/system/EV_S_T2C_BODY.PVM,mtx_shoose0,
SATranslation/system/EV_S_T2C_BODY.PVM,mtx_shoose1,
SATranslation/system/EV_S_T2C_BODY.PVM,mtx_tail,
SATranslation/system/EV_S_T2C_BODY.PVM,mtx_white,
SATranslation/system/EV_S_T2C_BODY.PVM,mtx_yellow0,
SATranslation/system/EV_S_T2C_BODY.PVM,s_anakage,
SATranslation/system/EV_S_T2C_BODY.PVM,s_hando2,
SATranslation/system/EV_S_T2C_BODY.PVM,s_t2t_bodya,
SATranslation/system/EV_S_T2C_BODY.PVM,s_t2t_bodyb,
SATranslation/system/EV_S_T2C_BODY.PVM,s_t2t_bodyc,
SATranslation/system/EV_S_T2C_BODY.PVM,s_t2t_bodyd,
SATranslation/system/EV_S_T2C_BODY.PVM,s_t2t_bodye,
SATranslation/system/EV_S_T2C_BODY.PVM,s_t2t_bodyf,
SATranslation/system/EV_S_T2C_BODY.PVM,s_t2t_bodyg,
SATranslation/system/EV_S_T2C_BODY.PVM,s_t2t_cano,
SATranslation/system/EV_S_T2C_BODY.PVM,s_t2t_canob,
SATranslation/system/EV_S_T2C_BODY.PVM,s_t2t_eme1,
SATranslation/system/EV_S_T2C_BODY.PVM,s_t2t_eme2,
SATranslation/system/EV_S_T2C_BODY.PVM,s_t2t_engine,
SATranslation/system/EV_S_T2C_BODY.PVM,s_t2t_heada,
SATranslation/system/EV_S_T2C_BODY.PVM,s_t2t_headb,
SATranslation/system/EV_S_T2C_BODY.PVM,s_t2t_headc,
SATranslation/system/EV_S_T2C_BODY.PVM,s_t2t_headd,
SATranslation/system/EV_S_T2C_BODY.PVM,s_t2t_heade,
SATranslation/system/EV_S_T2C_BODY.PVM,s_t2t_headf,
SATranslation/system/EV_S_T2C_BODY.PVM,s_t2t_jet,
SATranslation/system/EV_S_T2C_BODY.PVM,s_t2t_pera,
SATranslation/system/EV_S_T2C_BODY.PVM,s_t2t_sityu,
SATranslation/system/EV_S_T2C_BODY.PVM,s_t2t_swingb,
SATranslation/system/EV_S_T2C_BODY.PVM,s_t2t_winga,
SATranslation/system/EV_S_T2C_BODY.PVM,s_t2t_wingb,
SATranslation/system/EV_S_T2C_BODY.PVM,s_testhand,
SATranslation/system/EV_S_T2C_BODY.PVM,stx_hanasaki,
SATranslation/system/EV_S_T2C_BODY.PVM,mtx_whiteeye,
SATranslation/system/EV_SPOTLIGHT.PVM,patlight_b,
SATranslation/system/EV_SPOTLIGHT.PVM,patlight_a,
SATranslation/system/EV_SPOTLIGHT.PVM,yakei_ref_b,
SATranslation/system/EV_SPOTLIGHT.PVM,smokelight,
SATranslation/system/EV_SPOTLIGHT.PVM,ref_crome,
SATranslation/system/EV_TR1.PVM,s_t1_asi,
SATranslation/system/EV_TR1.PVM,s_t1_body_ga,
SATranslation/system/EV_TR1.PVM,s_t1_body_gb,
SATranslation/system/EV_TR1.PVM,s_t1_body_gc,
SATranslation/system/EV_TR1.PVM,s_t1_body_gd,
SATranslation/system/EV_TR1.PVM,s_t1_body_mk,
SATranslation/system/EV_TR1.PVM,s_t1_body_mksl,
SATranslation/system/EV_TR1.PVM,s_t1_body_mksr,
SATranslation/system/EV_TR1.PVM,s_t1_body_r,
SATranslation/system/EV_TR1.PVM,s_t1_body_rc,
SATranslation/system/EV_TR1.PVM,s_t1_body_rf,
SATranslation/system/EV_TR1.PVM,s_t1_body_rg,
SATranslation/system/EV_TR1.PVM,s_t1_body_rh,
SATranslation/system/EV_TR1.PVM,s_t1_body_ri,
SATranslation/system/EV_TR1.PVM,s_t1_cano,
SATranslation/system/EV_TR1.PVM,s_t1_engine,
SATranslation/system/EV_TR1.PVM,s_t1_heada,
SATranslation/system/EV_TR1.PVM,s_t1_headb,
SATranslation/system/EV_TR1.PVM,s_t1_headc,
SATranslation/system/EV_TR1.PVM,s_t1_headd,
SATranslation/system/EV_TR1.PVM,s_t1_heade,
SATranslation/system/EV_TR1.PVM,s_t1_jet,
SATranslation/system/EV_TR1.PVM,s_t1_kyaku,
SATranslation/system/EV_TR1.PVM,s_t1_pera,
SATranslation/system/EV_TR1.PVM,s_t1_sityu,
SATranslation/system/EV_TR1.PVM,s_t1_spin,
SATranslation/system/EV_TR1.PVM,s_t1_swinga,
SATranslation/system/EV_TR1.PVM,s_t1_swingb,
SATranslation/system/EV_TR1.PVM,s_t1_wheel,
SATranslation/system/EV_TR1.PVM,s_t1_winga,
SATranslation/system/EV_TR1.PVM,s_t1_wingc,
SATranslation/system/EV_TR1_WITH_SONIC.PVM,mtx_body01,
SATranslation/system/EV_TR1_WITH_SONIC.PVM,mtx_eye,
SATranslation/system/EV_TR1_WITH_SONIC.PVM,mtx_hand01,
SATranslation/system/EV_TR1_WITH_SONIC.PVM,mtx_head01,
SATranslation/system/EV_TR1_WITH_SONIC.PVM,mtx_white,
SATranslation/system/EV_TR1_WITH_SONIC.PVM,s_anakage1,
SATranslation/system/EV_TR1_WITH_SONIC.PVM,s_hando2,
SATranslation/system/EV_TR1_WITH_SONIC.PVM,s_hando3,
SATranslation/system/EV_TR1_WITH_SONIC.PVM,s_t1_asi,
SATranslation/system/EV_TR1_WITH_SONIC.PVM,s_t1_body_ga,
SATranslation/system/EV_TR1_WITH_SONIC.PVM,s_t1_body_gb,
SATranslation/system/EV_TR1_WITH_SONIC.PVM,s_t1_body_gc,
SATranslation/system/EV_TR1_WITH_SONIC.PVM,s_t1_body_gd,
SATranslation/system/EV_TR1_WITH_SONIC.PVM,s_t1_body_mk,
SATranslation/system/EV_TR1_WITH_SONIC.PVM,s_t1_body_mksl,
SATranslation/system/EV_TR1_WITH_SONIC.PVM,s_t1_body_mksr,
SATranslation/system/EV_TR1_WITH_SONIC.PVM,s_t1_body_r,
SATranslation/system/EV_TR1_WITH_SONIC.PVM,s_t1_body_rc,
SATranslation/system/EV_TR1_WITH_SONIC.PVM,s_t1_body_rf,
SATranslation/system/EV_TR1_WITH_SONIC.PVM,s_t1_body_rg,
SATranslation/system/EV_TR1_WITH_SONIC.PVM,s_t1_body_rh,
SATranslation/system/EV_TR1_WITH_SONIC.PVM,s_t1_body_ri,
SATranslation/system/EV_TR1_WITH_SONIC.PVM,s_t1_cano,
SATranslation/system/EV_TR1_WITH_SONIC.PVM,s_t1_engine,
SATranslation/system/EV_TR1_WITH_SONIC.PVM,s_t1_heada,
SATranslation/system/EV_TR1_WITH_SONIC.PVM,s_t1_headb,
SATranslation/system/EV_TR1_WITH_SONIC.PVM,s_t1_headc,
SATranslation/system/EV_TR1_WITH_SONIC.PVM,s_t1_headd,
SATranslation/system/EV_TR1_WITH_SONIC.PVM,s_t1_heade,
SATranslation/system/EV_TR1_WITH_SONIC.PVM,s_t1_jet,
SATranslation/system/EV_TR1_WITH_SONIC.PVM,s_t1_kyaku,
SATranslation/system/EV_TR1_WITH_SONIC.PVM,s_t1_pera,
SATranslation/system/EV_TR1_WITH_SONIC.PVM,s_t1_sityu,
SATranslation/system/EV_TR1_WITH_SONIC.PVM,s_t1_spin,
SATranslation/system/EV_TR1_WITH_SONIC.PVM,s_t1_swinga,
SATranslation/system/EV_TR1_WITH_SONIC.PVM,s_t1_swingb,
SATranslation/system/EV_TR1_WITH_SONIC.PVM,s_t1_wheel,
SATranslation/system/EV_TR1_WITH_SONIC.PVM,s_t1_winga,
SATranslation/system/EV_TR1_WITH_SONIC.PVM,s_t1_wingc,
SATranslation/system/EV_TR1_WITH_SONIC.PVM,s_testhand,
SATranslation/system/EV_TR1_WITH_SONIC.PVM,stg_s_bkfire,
SATranslation/system/EV_TR1_WITH_SONIC.PVM,stg_s_bkfireb,
SATranslation/system/EV_TR1_WITH_SONIC.PVM,stx_btest1,
SATranslation/system/EV_TR1_WITH_SONIC.PVM,stx_eye2,
SATranslation/system/EV_TR1_WITH_SONIC.PVM,stx_hara,
SATranslation/system/EV_TR1_WITH_SONIC.PVM,stx_hoho,
SATranslation/system/EV_TR1_WITH_SONIC.PVM,stx_kanagu,
SATranslation/system/EV_TR1_WITH_SONIC.PVM,ym_sjppse,
SATranslation/system/EV_TR2_BIG.PVM,b_beruto3,
SATranslation/system/EV_TR2_BIG.PVM,b_beruto,
SATranslation/system/EV_TR2_BIG.PVM,b_beruto5,
SATranslation/system/EV_TR2_BIG.PVM,b_eye0,
SATranslation/system/EV_TR2_BIG.PVM,b_hand0,
SATranslation/system/EV_TR2_BIG.PVM,b_hand1,
SATranslation/system/EV_TR2_BIG.PVM,b_hand2,
SATranslation/system/EV_TR2_BIG.PVM,b_ring3,
SATranslation/system/EV_TR2_BIG.PVM,b_sao00,
SATranslation/system/EV_TR2_BIG.PVM,b_sao01,
SATranslation/system/EV_TR2_BIG.PVM,b_sao02,
SATranslation/system/EV_TR2_BIG.PVM,b_sao03,
SATranslation/system/EV_TR2_BIG.PVM,btx_atama,
SATranslation/system/EV_TR2_BIG.PVM,btx_eye1,
SATranslation/system/EV_TR2_BIG.PVM,btx_gara,
SATranslation/system/EV_TR2_BIG.PVM,btx_hada0,
SATranslation/system/EV_TR2_BIG.PVM,btx_hara1,
SATranslation/system/EV_TR2_BIG.PVM,btx_kuchi,
SATranslation/system/EV_TR2_BIG.PVM,btx_kutu0,
SATranslation/system/EV_TR2_BIG.PVM,btx_mimi,
SATranslation/system/EV_TR2_BIG.PVM,btx_panda,
SATranslation/system/EV_TR2_BIG.PVM,btx_senaka,
SATranslation/system/EV_TR2_BIG.PVM,btx_sims,
SATranslation/system/EV_TR2_BIG.PVM,btx_soko,
SATranslation/system/EV_TR2_BIG.PVM,btx_white0,
SATranslation/system/EV_TR2_BIG.PVM,btx_white1,
SATranslation/system/EV_TR2_BIG.PVM,s_edc_n_bor,
SATranslation/system/EV_TR2_BIG.PVM,s_t2_bodya,
SATranslation/system/EV_TR2_BIG.PVM,s_t2_bodyb,
SATranslation/system/EV_TR2_BIG.PVM,s_t2_bodyc,
SATranslation/system/EV_TR2_BIG.PVM,s_t2_bodyd,
SATranslation/system/EV_TR2_BIG.PVM,s_t2_bodye,
SATranslation/system/EV_TR2_BIG.PVM,s_t2_bodyf,
SATranslation/system/EV_TR2_BIG.PVM,s_t2_bodyg,
SATranslation/system/EV_TR2_BIG.PVM,s_t2_cano,
SATranslation/system/EV_TR2_BIG.PVM,s_t2_canob,
SATranslation/system/EV_TR2_BIG.PVM,s_t2_heada,
SATranslation/system/EV_TR2_BIG.PVM,s_t2_headb,
SATranslation/system/EV_TR2_BIG.PVM,s_t2_headc,
SATranslation/system/EV_TR2_BIG.PVM,s_t2_headd,
SATranslation/system/EV_TR2_BIG.PVM,s_t2_heade,
SATranslation/system/EV_TR2_BIG.PVM,s_t2_headf,
SATranslation/system/EV_TR2_BIG.PVM,s_t2_jeta,
SATranslation/system/EV_TR2_BIG.PVM,s_t2_jetb,
SATranslation/system/EV_TR2_BIG.PVM,s_t2_jetc,
SATranslation/system/EV_TR2_BIG.PVM,s_t2_jetd,
SATranslation/system/EV_TR2_BIG.PVM,s_t2_mks,
SATranslation/system/EV_TR2_BIG.PVM,s_t2_mkt,
SATranslation/system/EV_TR2_BIG.PVM,s_t2_winga,
SATranslation/system/EV_TR2_BIG.PVM,s_t2_wingb,
SATranslation/system/EV_TR2_BIG.PVM,s_t2_wingc,
SATranslation/system/EV_TR2_BIG.PVM,stg_s_bkfirec,
SATranslation/system/EV_TR2_BIG.PVM,stg_s_bkfired,
SATranslation/system/EV_TR2_BIG.PVM,stx_hanasaki,
SATranslation/system/EV_TR2BEFORE_WITH_SONIC.PVM,mtx_body01,
SATranslation/system/EV_TR2BEFORE_WITH_SONIC.PVM,mtx_eye,
SATranslation/system/EV_TR2BEFORE_WITH_SONIC.PVM,mtx_hand01,
SATranslation/system/EV_TR2BEFORE_WITH_SONIC.PVM,mtx_head01,
SATranslation/system/EV_TR2BEFORE_WITH_SONIC.PVM,mtx_white,
SATranslation/system/EV_TR2BEFORE_WITH_SONIC.PVM,s_anakage1,
SATranslation/system/EV_TR2BEFORE_WITH_SONIC.PVM,s_edc_n_bor,
SATranslation/system/EV_TR2BEFORE_WITH_SONIC.PVM,s_hando2,
SATranslation/system/EV_TR2BEFORE_WITH_SONIC.PVM,s_hando3,
SATranslation/system/EV_TR2BEFORE_WITH_SONIC.PVM,s_t1_engine,
SATranslation/system/EV_TR2BEFORE_WITH_SONIC.PVM,s_t1_pera,
SATranslation/system/EV_TR2BEFORE_WITH_SONIC.PVM,s_t1_swingb,
SATranslation/system/EV_TR2BEFORE_WITH_SONIC.PVM,s_t2_bodyd,
SATranslation/system/EV_TR2BEFORE_WITH_SONIC.PVM,s_t2_bodye,
SATranslation/system/EV_TR2BEFORE_WITH_SONIC.PVM,s_t2_bodyf,
SATranslation/system/EV_TR2BEFORE_WITH_SONIC.PVM,s_t2_bodyg,
SATranslation/system/EV_TR2BEFORE_WITH_SONIC.PVM,s_t2_cano,
SATranslation/system/EV_TR2BEFORE_WITH_SONIC.PVM,s_t2_canob,
SATranslation/system/EV_TR2BEFORE_WITH_SONIC.PVM,s_t2_heada,
SATranslation/system/EV_TR2BEFORE_WITH_SONIC.PVM,s_t2_headb,
SATranslation/system/EV_TR2BEFORE_WITH_SONIC.PVM,s_t2_headc,
SATranslation/system/EV_TR2BEFORE_WITH_SONIC.PVM,s_t2_headd,
SATranslation/system/EV_TR2BEFORE_WITH_SONIC.PVM,s_t2_heade,
SATranslation/system/EV_TR2BEFORE_WITH_SONIC.PVM,s_t2_headf,
SATranslation/system/EV_TR2BEFORE_WITH_SONIC.PVM,s_t2_mks,
SATranslation/system/EV_TR2BEFORE_WITH_SONIC.PVM,s_t2_mkt,
SATranslation/system/EV_TR2BEFORE_WITH_SONIC.PVM,s_t2b_bodya,
SATranslation/system/EV_TR2BEFORE_WITH_SONIC.PVM,s_t2b_bodyb,
SATranslation/system/EV_TR2BEFORE_WITH_SONIC.PVM,s_t2b_bodyc,
SATranslation/system/EV_TR2BEFORE_WITH_SONIC.PVM,s_t2b_jet,
SATranslation/system/EV_TR2BEFORE_WITH_SONIC.PVM,s_t2b_sityu,
SATranslation/system/EV_TR2BEFORE_WITH_SONIC.PVM,s_t2b_winga,
SATranslation/system/EV_TR2BEFORE_WITH_SONIC.PVM,s_t2b_wingb,
SATranslation/system/EV_TR2BEFORE_WITH_SONIC.PVM,s_t2b_wingc,
SATranslation/system/EV_TR2BEFORE_WITH_SONIC.PVM,s_testhand,
SATranslation/system/EV_TR2BEFORE_WITH_SONIC.PVM,stg_s_bkfire,
SATranslation/system/EV_TR2BEFORE_WITH_SONIC.PVM,stg_s_bkfireb,
SATranslation/system/EV_TR2BEFORE_WITH_SONIC.PVM,stx_btest1,
SATranslation/system/EV_TR2BEFORE_WITH_SONIC.PVM,stx_eye2,
SATranslation/system/EV_TR2BEFORE_WITH_SONIC.PVM,stx_hara,
SATranslation/system/EV_TR2BEFORE_WITH_SONIC.PVM,stx_hoho,
SATranslation/system/EV_TR2BEFORE_WITH_SONIC.PVM,stx_kanagu,
SATranslation/system/EV_TR2BEFORE_WITH_SONIC.PVM,ym_sjppse,
SATranslation/system/EV_TR2CHANGE_WITH_SONIC.PVM,mtx_body01,
SATranslation/system/EV_TR2CHANGE_WITH_SONIC.PVM,mtx_eye,
SATranslation/system/EV_TR2CHANGE_WITH_SONIC.PVM,mtx_hand01,
SATranslation/system/EV_TR2CHANGE_WITH_SONIC.PVM,mtx_head01,
SATranslation/system/EV_TR2CHANGE_WITH_SONIC.PVM,mtx_white,
SATranslation/system/EV_TR2CHANGE_WITH_SONIC.PVM,s_anakage1,
SATranslation/system/EV_TR2CHANGE_WITH_SONIC.PVM,s_edc_n_bor,
SATranslation/system/EV_TR2CHANGE_WITH_SONIC.PVM,s_hando2,
SATranslation/system/EV_TR2CHANGE_WITH_SONIC.PVM,s_hando3,
SATranslation/system/EV_TR2CHANGE_WITH_SONIC.PVM,s_t2_bodya,
SATranslation/system/EV_TR2CHANGE_WITH_SONIC.PVM,s_t2_bodyb,
SATranslation/system/EV_TR2CHANGE_WITH_SONIC.PVM,s_t2_bodyc,
SATranslation/system/EV_TR2CHANGE_WITH_SONIC.PVM,s_t2_bodyd,
SATranslation/system/EV_TR2CHANGE_WITH_SONIC.PVM,s_t2_bodye,
SATranslation/system/EV_TR2CHANGE_WITH_SONIC.PVM,s_t2_bodyf,
SATranslation/system/EV_TR2CHANGE_WITH_SONIC.PVM,s_t2_bodyg,
SATranslation/system/EV_TR2CHANGE_WITH_SONIC.PVM,s_t2_cano,
SATranslation/system/EV_TR2CHANGE_WITH_SONIC.PVM,s_t2_canob,
SATranslation/system/EV_TR2CHANGE_WITH_SONIC.PVM,s_t2_heada,
SATranslation/system/EV_TR2CHANGE_WITH_SONIC.PVM,s_t2_headb,
SATranslation/system/EV_TR2CHANGE_WITH_SONIC.PVM,s_t2_headc,
SATranslation/system/EV_TR2CHANGE_WITH_SONIC.PVM,s_t2_headd,
SATranslation/system/EV_TR2CHANGE_WITH_SONIC.PVM,s_t2_heade,
SATranslation/system/EV_TR2CHANGE_WITH_SONIC.PVM,s_t2_headf,
SATranslation/system/EV_TR2CHANGE_WITH_SONIC.PVM,s_t2_jeta,
SATranslation/system/EV_TR2CHANGE_WITH_SONIC.PVM,s_t2_jetb,
SATranslation/system/EV_TR2CHANGE_WITH_SONIC.PVM,s_t2_jetc,
SATranslation/system/EV_TR2CHANGE_WITH_SONIC.PVM,s_t2_jetd,
SATranslation/system/EV_TR2CHANGE_WITH_SONIC.PVM,s_t2_mks,
SATranslation/system/EV_TR2CHANGE_WITH_SONIC.PVM,s_t2_mkt,
SATranslation/system/EV_TR2CHANGE_WITH_SONIC.PVM,s_t2_winga,
SATranslation/system/EV_TR2CHANGE_WITH_SONIC.PVM,s_t2_wingb,
SATranslation/system/EV_TR2CHANGE_WITH_SONIC.PVM,s_t2_wingc,
SATranslation/system/EV_TR2CHANGE_WITH_SONIC.PVM,s_testhand,
SATranslation/system/EV_TR2CHANGE_WITH_SONIC.PVM,stg_s_bkfirec,
SATranslation/system/EV_TR2CHANGE_WITH_SONIC.PVM,stg_s_bkfired,
SATranslation/system/EV_TR2CHANGE_WITH_SONIC.PVM,stx_btest1,
SATranslation/system/EV_TR2CHANGE_WITH_SONIC.PVM,stx_eye2,
SATranslation/system/EV_TR2CHANGE_WITH_SONIC.PVM,stx_hara,
SATranslation/system/EV_TR2CHANGE_WITH_SONIC.PVM,stx_hoho,
SATranslation/system/EV_TR2CHANGE_WITH_SONIC.PVM,stx_kanagu,
SATranslation/system/EV_TR2CHANGE_WITH_SONIC.PVM,ym_sjppse,
SATranslation/system/EXTRA.PVM,icon_goma,
SATranslation/system/EXTRA.PVM,icon_pen,
SATranslation/system/EXTRA.PVM,icon_rak,
SATranslation/system/EXTRA.PVM,icon_kuj,
SATranslation/system/EXTRA.PVM,icon_tuba,
SATranslation/system/EXTRA.PVM,icon_oum,
SATranslation/system/EXTRA.PVM,icon_banb,
SATranslation/system/EXTRA.PVM,icon_usa,
SATranslation/system/EXTRA.PVM,icon_wara,
SATranslation/system/EXTRA.PVM,icon_gori,
SATranslation/system/EXTRA.PVM,icon_lion,
SATranslation/system/EXTRA.PVM,icon_zou,
SATranslation/system/EXTRA.PVM,icon_mog,
SATranslation/system/EXTRA.PVM,icon_koa,
SATranslation/system/EXTRA.PVM,icon_suka,
SATranslation/system/F0000_FROG.PVM,kaeru06,
SATranslation/system/F0000_FROG.PVM,kaeru03,
SATranslation/system/F0000_FROG.PVM,kaeru04,
SATranslation/system/F0000_FROG.PVM,kaeru05,
SATranslation/system/F0000_FROG.PVM,kaeru01,
SATranslation/system/F0000_FROG.PVM,kaeru07,
SATranslation/system/F0000_FROG.PVM,kaeru08,
SATranslation/system/F0000_FROG.PVM,kaeru09,
SATranslation/system/F_EGG_ZANGAI.PVM,fq64gumblue02,
SATranslation/system/F_EGG_ZANGAI.PVM,d128side2f,
SATranslation/system/F_EGG_ZANGAI.PVM,fq64kabelight03,
SATranslation/system/F_EGG_ZANGAI.PVM,fq64wall17,
SATranslation/system/F_EGG_ZANGAI.PVM,fq128wall03,
SATranslation/system/F_EGG_ZANGAI.PVM,fq128wall04,
SATranslation/system/F_EGG_ZANGAI.PVM,fq128wall09,
SATranslation/system/F_EGG_ZANGAI.PVM,fq64kabelight02,
SATranslation/system/F_EGG_ZANGAI.PVM,fq128wall10,
SATranslation/system/F_EGG_ZANGAI.PVM,fq128wall12,
SATranslation/system/FAT_B.PVM,6140012,
SATranslation/system/FAT_B.PVM,614003,
SATranslation/system/FAT_B.PVM,614004,
SATranslation/system/FAT_B.PVM,614006,
SATranslation/system/FAT_B.PVM,614008,
SATranslation/system/FAT_B.PVM,614009,
SATranslation/system/FAT_B.PVM,614010,
SATranslation/system/FAT_B.PVM,botan,
SATranslation/system/FAT_B.PVM,hada,
SATranslation/system/FAT_B.PVM,kutu,
SATranslation/system/FINALEGG1.PVM,ai128box05,
SATranslation/system/FINALEGG1.PVM,ai128box06,
SATranslation/system/FINALEGG1.PVM,ai128box10,
SATranslation/system/FINALEGG1.PVM,ai128kabe03,
SATranslation/system/FINALEGG1.PVM,ai128kabe04,
SATranslation/system/FINALEGG1.PVM,ai128kabe05,
SATranslation/system/FINALEGG1.PVM,ai128kabe06,
SATranslation/system/FINALEGG1.PVM,ai128kabe07,
SATranslation/system/FINALEGG1.PVM,ai128yuka02,
SATranslation/system/FINALEGG1.PVM,ai32box,
SATranslation/system/FINALEGG1.PVM,ai32futa01,
SATranslation/system/FINALEGG1.PVM,ai32hou04,
SATranslation/system/FINALEGG1.PVM,ai32hou05,
SATranslation/system/FINALEGG1.PVM,ai32hou06,
SATranslation/system/FINALEGG1.PVM,ai32kabe,
SATranslation/system/FINALEGG1.PVM,ai32kabe02,
SATranslation/system/FINALEGG1.PVM,ai32kanki,
SATranslation/system/FINALEGG1.PVM,ai64aamu05,
SATranslation/system/FINALEGG1.PVM,ai64aamu10,
SATranslation/system/FINALEGG1.PVM,ai64door,
SATranslation/system/FINALEGG1.PVM,ai64hika01,
SATranslation/system/FINALEGG1.PVM,ai64kabe,
SATranslation/system/FINALEGG1.PVM,ai64kabe04,
SATranslation/system/FINALEGG1.PVM,ai64kabe06,
SATranslation/system/FINALEGG1.PVM,ai64kabe07,
SATranslation/system/FINALEGG1.PVM,ai64kabe08,
SATranslation/system/FINALEGG1.PVM,ai64mizo,
SATranslation/system/FINALEGG1.PVM,d128_lv1_1b,
SATranslation/system/FINALEGG1.PVM,d128_lv1_1ere,
SATranslation/system/FINALEGG1.PVM,d128_lv1_1gl,
SATranslation/system/FINALEGG1.PVM,d128_lv1_2a,
SATranslation/system/FINALEGG1.PVM,d128gata1a,
SATranslation/system/FINALEGG1.PVM,d128gata1b,
SATranslation/system/FINALEGG1.PVM,d128side11f,
SATranslation/system/FINALEGG1.PVM,d128side12f,
SATranslation/system/FINALEGG1.PVM,d128side13f,
SATranslation/system/FINALEGG1.PVM,d128side15a,
SATranslation/system/FINALEGG1.PVM,d128side16f,
SATranslation/system/FINALEGG1.PVM,d128side1f,
SATranslation/system/FINALEGG1.PVM,d128side2f,
SATranslation/system/FINALEGG1.PVM,d128side2ff,
SATranslation/system/FINALEGG1.PVM,d128side6f,
SATranslation/system/FINALEGG1.PVM,d128side9f,
SATranslation/system/FINALEGG1.PVM,d128side9fe,
SATranslation/system/FINALEGG1.PVM,d128tenjou3f,
SATranslation/system/FINALEGG1.PVM,d128tenjou4f,
SATranslation/system/FINALEGG1.PVM,d128tunagi6f,
SATranslation/system/FINALEGG1.PVM,d128tunagi7f,
SATranslation/system/FINALEGG1.PVM,d128under1f,
SATranslation/system/FINALEGG1.PVM,d16hikari1alfa,
SATranslation/system/FINALEGG1.PVM,d16hikari2alfa,
SATranslation/system/FINALEGG1.PVM,d16hikari3alfa,
SATranslation/system/FINALEGG1.PVM,d256sc1f,
SATranslation/system/FINALEGG1.PVM,d256sc2f,
SATranslation/system/FINALEGG1.PVM,d64accent1f,
SATranslation/system/FINALEGG1.PVM,d64belcon1a,
SATranslation/system/FINALEGG1.PVM,d64belt1a,
SATranslation/system/FINALEGG1.PVM,d64ikedahikarialfa,
SATranslation/system/FINALEGG1.PVM,d64kouji2a,
SATranslation/system/FINALEGG1.PVM,d64metal1f,
SATranslation/system/FINALEGG1.PVM,d64pipe1a,
SATranslation/system/FINALEGG1.PVM,d64side8fe,
SATranslation/system/FINALEGG1.PVM,d64tenjou2f,
SATranslation/system/FINALEGG1.PVM,d64tenjou5slpha,
SATranslation/system/FINALEGG1.PVM,d64tunagi1f,
SATranslation/system/FINALEGG1.PVM,d64tunagi2f,
SATranslation/system/FINALEGG1.PVM,d64tunagi5alpha,
SATranslation/system/FINALEGG1.PVM,d64tunagi5f,
SATranslation/system/FINALEGG1.PVM,d64yuka1f,
SATranslation/system/FINALEGG1.PVM,d8black,
SATranslation/system/FINALEGG1.PVM,fg01_floor,
SATranslation/system/FINALEGG1.PVM,fq128wall10,
SATranslation/system/FINALEGG1.PVM,fq128wall12,
SATranslation/system/FINALEGG1.PVM,fq128wall200,
SATranslation/system/FINALEGG1.PVM,fq64kabelight02,
SATranslation/system/FINALEGG1.PVM,fq64kabelight03,
SATranslation/system/FINALEGG1.PVM,tm128gata,
SATranslation/system/FINALEGG1.PVM,tm128gripaa,
SATranslation/system/FINALEGG1.PVM,tm64bl3,
SATranslation/system/FINALEGG1.PVM,tm64puci,
SATranslation/system/FINALEGG1.PVM,ai32ami,
SATranslation/system/FINALEGG1.PVM,zfq128wall200,
SATranslation/system/FINALEGG2.PVM,d64tunagi1f,
SATranslation/system/FINALEGG2.PVM,d64tunagi5f,
SATranslation/system/FINALEGG2.PVM,fq128wall21,
SATranslation/system/FINALEGG2.PVM,fq32floormeca02,
SATranslation/system/FINALEGG2.PVM,d128_lv1_1b,
SATranslation/system/FINALEGG2.PVM,d8black,
SATranslation/system/FINALEGG2.PVM,fq64gumblue02,
SATranslation/system/FINALEGG2.PVM,tm64bk1,
SATranslation/system/FINALEGG2.PVM,tm64bl3,
SATranslation/system/FINALEGG2.PVM,d128side2f,
SATranslation/system/FINALEGG2.PVM,d128side_moto,
SATranslation/system/FINALEGG2.PVM,tm64puci,
SATranslation/system/FINALEGG2.PVM,d64accent1f,
SATranslation/system/FINALEGG2.PVM,d64tunagi2f,
SATranslation/system/FINALEGG2.PVM,fq128pipesabi01,
SATranslation/system/FINALEGG2.PVM,fq128sabitile01,
SATranslation/system/FINALEGG2.PVM,fq128sabitile02,
SATranslation/system/FINALEGG2.PVM,fq64kabelight03,
SATranslation/system/FINALEGG2.PVM,fq64wall17,
SATranslation/system/FINALEGG2.PVM,fq64wall18,
SATranslation/system/FINALEGG2.PVM,fqevambent01,
SATranslation/system/FINALEGG2.PVM,tm128gata,
SATranslation/system/FINALEGG2.PVM,tm128gripaa,
SATranslation/system/FINALEGG2.PVM,tm128sbox,
SATranslation/system/FINALEGG2.PVM,tm128tai,
SATranslation/system/FINALEGG2.PVM,tm64blgrip,
SATranslation/system/FINALEGG2.PVM,d256sc1f,
SATranslation/system/FINALEGG2.PVM,d256sc2f,
SATranslation/system/FINALEGG2.PVM,fq128wall03,
SATranslation/system/FINALEGG2.PVM,fq128wall04,
SATranslation/system/FINALEGG2.PVM,d64tenjou2f,
SATranslation/system/FINALEGG2.PVM,d64hasira1alpha,
SATranslation/system/FINALEGG2.PVM,fq128rack,
SATranslation/system/FINALEGG2.PVM,fq128sabitile03,
SATranslation/system/FINALEGG2.PVM,fq128wall10,
SATranslation/system/FINALEGG2.PVM,fq128wall11,
SATranslation/system/FINALEGG2.PVM,fq128wall20,
SATranslation/system/FINALEGG2.PVM,fq128wall22,
SATranslation/system/FINALEGG2.PVM,fq128wgomu01,
SATranslation/system/FINALEGG2.PVM,fq16bllight01,
SATranslation/system/FINALEGG2.PVM,fq16matblu01,
SATranslation/system/FINALEGG2.PVM,fq32ami_orng01,
SATranslation/system/FINALEGG2.PVM,fq32wanigum01,
SATranslation/system/FINALEGG2.PVM,fq64hamwall01,
SATranslation/system/FINALEGG2.PVM,ai128box06,
SATranslation/system/FINALEGG2.PVM,fq64wall13,
SATranslation/system/FINALEGG2.PVM,fq64wall16,
SATranslation/system/FINALEGG2.PVM,fq64yb,
SATranslation/system/FINALEGG2.PVM,fq128pipesabi02,
SATranslation/system/FINALEGG2.PVM,ai128box10,
SATranslation/system/FINALEGG2.PVM,ai128kabe04,
SATranslation/system/FINALEGG2.PVM,d128tunagi7f,
SATranslation/system/FINALEGG2.PVM,d64hqri1f,
SATranslation/system/FINALEGG2.PVM,d64kouji2a,
SATranslation/system/FINALEGG2.PVM,d64pipe1a,
SATranslation/system/FINALEGG2.PVM,d64yuka1f,
SATranslation/system/FINALEGG2.PVM,d128gata1b,
SATranslation/system/FINALEGG2.PVM,d128gata1a,
SATranslation/system/FINALEGG2.PVM,fq128newall01,
SATranslation/system/FINALEGG2.PVM,d128shatter3f,
SATranslation/system/FINALEGG2.PVM,d128shatter2f,
SATranslation/system/FINALEGG2.PVM,fr32lightbl01,
SATranslation/system/FINALEGG2.PVM,tm64gripy,
SATranslation/system/FINALEGG2.PVM,fq128lv2fan2,
SATranslation/system/FINALEGG2.PVM,fr64lightmot01,
SATranslation/system/FINALEGG2.PVM,naiherkialp01,
SATranslation/system/FINALEGG2.PVM,fq128newall03,
SATranslation/system/FINALEGG2.PVM,fq128newall02,
SATranslation/system/FINALEGG2.PVM,d128side11f,
SATranslation/system/FINALEGG2.PVM,d128side6f,
SATranslation/system/FINALEGG2.PVM,d256sc3f,
SATranslation/system/FINALEGG2.PVM,d256sc4f,
SATranslation/system/FINALEGG2.PVM,d32amife2alpha,
SATranslation/system/FINALEGG2.PVM,fq128phead,
SATranslation/system/FINALEGG2.PVM,fr64lightbl01,
SATranslation/system/FINALEGG2.PVM,tm128koma,
SATranslation/system/FINALEGG3.PVM,d64tunagi1f,
SATranslation/system/FINALEGG3.PVM,tm32gars,
SATranslation/system/FINALEGG3.PVM,tm64ginp,
SATranslation/system/FINALEGG3.PVM,tm64green,
SATranslation/system/FINALEGG3.PVM,tm64grnx,
SATranslation/system/FINALEGG3.PVM,tm64limo,
SATranslation/system/FINALEGG3.PVM,tm128tec,
SATranslation/system/FINALEGG3.PVM,fq64mtl_base01,
SATranslation/system/FINALEGG3.PVM,tm128gateja,
SATranslation/system/FINALEGG3.PVM,tm32bk1,
SATranslation/system/FINALEGG3.PVM,tm16yel,
SATranslation/system/FINALEGG3.PVM,tm64objgr2,
SATranslation/system/FINALEGG3.PVM,d64tunagi5f,
SATranslation/system/FINALEGG3.PVM,tm32red,
SATranslation/system/FINALEGG3.PVM,d128_lv1_1b,
SATranslation/system/FINALEGG3.PVM,tm128saba,
SATranslation/system/FINALEGG3.PVM,tm16beam2,
SATranslation/system/FINALEGG3.PVM,tm16bkbk,
SATranslation/system/FINALEGG3.PVM,tm32black,
SATranslation/system/FINALEGG3.PVM,d8black,
SATranslation/system/FINALEGG3.PVM,fq64gumblue02,
SATranslation/system/FINALEGG3.PVM,tm128uega,
SATranslation/system/FINALEGG3.PVM,tm32yelvv,
SATranslation/system/FINALEGG3.PVM,tm32yelz,
SATranslation/system/FINALEGG3.PVM,tm64bk1,
SATranslation/system/FINALEGG3.PVM,tm64bl3,
SATranslation/system/FINALEGG3.PVM,tm64grip,
SATranslation/system/FINALEGG3.PVM,d128side2f,
SATranslation/system/FINALEGG3.PVM,tm128sabis,
SATranslation/system/FINALEGG3.PVM,tm16reds,
SATranslation/system/FINALEGG3.PVM,tm64puci,
SATranslation/system/FINALEGG3.PVM,tm64sabig_al,
SATranslation/system/FINALEGG3.PVM,d128side3f,
SATranslation/system/FINALEGG3.PVM,d128side4f,
SATranslation/system/FINALEGG3.PVM,d256suimen,
SATranslation/system/FINALEGG3.PVM,d64accent1f,
SATranslation/system/FINALEGG3.PVM,d64tunagi2f,
SATranslation/system/FINALEGG3.PVM,fq128pipesabi01,
SATranslation/system/FINALEGG3.PVM,fq128sabitile02,
SATranslation/system/FINALEGG3.PVM,fq32gumblck01,
SATranslation/system/FINALEGG3.PVM,fq64kabelight03,
SATranslation/system/FINALEGG3.PVM,fq64wall17,
SATranslation/system/FINALEGG3.PVM,fq64wall18,
SATranslation/system/FINALEGG3.PVM,tm126garab,
SATranslation/system/FINALEGG3.PVM,tm128gata,
SATranslation/system/FINALEGG3.PVM,tm128gripaa,
SATranslation/system/FINALEGG3.PVM,tm128gtai,
SATranslation/system/FINALEGG3.PVM,tm128metatt,
SATranslation/system/FINALEGG3.PVM,tm128sbox,
SATranslation/system/FINALEGG3.PVM,tm128tai,
SATranslation/system/FINALEGG3.PVM,tm128wall09,
SATranslation/system/FINALEGG3.PVM,tm128wall12,
SATranslation/system/FINALEGG3.PVM,tm128yuk1,
SATranslation/system/FINALEGG3.PVM,tm12gomug,
SATranslation/system/FINALEGG3.PVM,tm32blu,
SATranslation/system/FINALEGG3.PVM,tm32deki,
SATranslation/system/FINALEGG3.PVM,tm32whbox,
SATranslation/system/FINALEGG3.PVM,tm32yel,
SATranslation/system/FINALEGG3.PVM,tm64amyuka,
SATranslation/system/FINALEGG3.PVM,tm64bkgg,
SATranslation/system/FINALEGG3.PVM,tm64blgrip,
SATranslation/system/FINALEGG3.PVM,tm64blin,
SATranslation/system/FINALEGG3.PVM,tm64blpls,
SATranslation/system/FINALEGG3.PVM,tm64cata_al,
SATranslation/system/FINALEGG3.PVM,tm64gate,
SATranslation/system/FINALEGG3.PVM,tm64konkuri,
SATranslation/system/FINALEGG3.PVM,tm64kou,
SATranslation/system/FINALEGG3.PVM,tm64li1,
SATranslation/system/FINALEGG3.PVM,d128side9f,
SATranslation/system/FINALEGG3.PVM,d128side9fe,
SATranslation/system/FINALEGG3.PVM,d256sc1f,
SATranslation/system/FINALEGG3.PVM,d256sc2f,
SATranslation/system/FINALEGG3.PVM,fq128wall04,
SATranslation/system/FINALEGG3.PVM,fq128wall09,
SATranslation/system/FINALEGG3.PVM,fq64kabelight02,
SATranslation/system/FINALEGG3.PVM,tm128koma,
SATranslation/system/FINALEGG3.PVM,tm128kos,
SATranslation/system/FINALEGG3.PVM,ai128kabe03,
SATranslation/system/FINALEGG3.PVM,d64hasira1alpha,
SATranslation/system/FINALEGG3.PVM,fq32tlight01,
SATranslation/system/FINALEGG3.PVM,fq64sabi01,
SATranslation/system/FINALEGG3.PVM,fq64wall16,
SATranslation/system/FINALEGG3.PVM,fq128pipesabi02,
SATranslation/system/FINALEGG3.PVM,ai128box10,
SATranslation/system/FINALEGG3.PVM,ai128kabe04,
SATranslation/system/FINALEGG3.PVM,tm64xxx,
SATranslation/system/FINALEGG3.PVM,tm64gripy,
SATranslation/system/FINALEGG3.PVM,fq128newall02,
SATranslation/system/FINALEGG3.PVM,fq64wall18_5,
SATranslation/system/FINALEGG3.PVM,tm64bla,
SATranslation/system/FINALEGG4.PVM,d64tunagi1f,
SATranslation/system/FINALEGG4.PVM,fq64gumblue02,
SATranslation/system/FINALEGG4.PVM,tm64bl3,
SATranslation/system/FINALEGG4.PVM,d128side2f,
SATranslation/system/FINALEGG4.PVM,tm64puci,
SATranslation/system/FINALEGG4.PVM,d128side3f,
SATranslation/system/FINALEGG4.PVM,d128side4f,
SATranslation/system/FINALEGG4.PVM,d64accent1f,
SATranslation/system/FINALEGG4.PVM,fq128pipesabi01,
SATranslation/system/FINALEGG4.PVM,fq64kabelight03,
SATranslation/system/FINALEGG4.PVM,tm128gata,
SATranslation/system/FINALEGG4.PVM,tm128gripaa,
SATranslation/system/FINALEGG4.PVM,tm64amyuka,
SATranslation/system/FINALEGG4.PVM,tm64blgrip,
SATranslation/system/FINALEGG4.PVM,tm64blin,
SATranslation/system/FINALEGG4.PVM,d128side9f,
SATranslation/system/FINALEGG4.PVM,fq128wall03,
SATranslation/system/FINALEGG4.PVM,fq128wall04,
SATranslation/system/FINALEGG4.PVM,d64hasira1alpha,
SATranslation/system/FINALEGG4.PVM,fq32ami_orng01,
SATranslation/system/FINALEGG4.PVM,d128side15a,
SATranslation/system/FINALEGG4.PVM,d128tunagi7f,
SATranslation/system/FINALEGG4.PVM,d64kouji2a,
SATranslation/system/FINALEGG4.PVM,d64kankyou2f,
SATranslation/system/FINALEGG4.PVM,d64hikari1f,
SATranslation/system/FINALEGG4.PVM,d64dor1f,
SATranslation/system/FINALEGG4.PVM,d32kouji1a,
SATranslation/system/FINALEGG4.PVM,d8green_alpha,
SATranslation/system/FISHING.PVM,sakana_meta,
SATranslation/system/FISHING.PVM,f_ruar02,
SATranslation/system/FISHING.PVM,f_ruar05,
SATranslation/system/FISHING.PVM,f_ruar01,
SATranslation/system/FISHING.PVM,f_ruar04,
SATranslation/system/FISHING.PVM,f_ruar03,
SATranslation/system/FISHING.PVM,fr_bl04,FR
SATranslation/system/FISHING.PVM,fr_bl01,FR
SATranslation/system/FISHING.PVM,fr_bl05,FR
SATranslation/system/FISHING.PVM,fr_bl03,FR
SATranslation/system/FISHING.PVM,fr_bl02,FR
SATranslation/system/FISHING.PVM,fr_re03,FR
SATranslation/system/FISHING.PVM,fr_re05,FR
SATranslation/system/FISHING.PVM,fr_re04,FR
SATranslation/system/FISHING.PVM,fr_re01,FR
SATranslation/system/FISHING.PVM,fr_re02,FR
SATranslation/system/FISHING.PVM,fr_gin01,FR
SATranslation/system/FISHING.PVM,fr_gin03,FR
SATranslation/system/FISHING.PVM,fr_gin05,FR
SATranslation/system/FISHING.PVM,fr_gin04,FR
SATranslation/system/FISHING.PVM,fr_gin06,FR
SATranslation/system/FISHING.PVM,fr_kin02,FR
SATranslation/system/FISHING.PVM,fr_kin01,FR
SATranslation/system/FISHING.PVM,fr_kin05,FR
SATranslation/system/FISHING.PVM,fr_kin06,FR
SATranslation/system/FISHING.PVM,fr_kin03,FR
SATranslation/system/FISHING.PVM,fr_kin04,FR
SATranslation/system/FISHING.PVM,brtx_meta,
SATranslation/system/FISHING.PVM,brtx_top,
SATranslation/system/FISHING.PVM,brtx_under,
SATranslation/system/FISHING.PVM,fr_mgin01,FR
SATranslation/system/FISHING.PVM,fr_mbl01,FR
SATranslation/system/FISHING.PVM,fr_mbl03,FR
SATranslation/system/FISHING.PVM,fr_mbl02,FR
SATranslation/system/FISHING.PVM,fr_gin02,FR
SATranslation/system/FISHING.PVM,fr_mre02,FR
SATranslation/system/FISHING.PVM,fr_mre04,FR
SATranslation/system/FISHING.PVM,fr_mre01,FR
SATranslation/system/FISHING.PVM,fr_mre03,FR
SATranslation/system/FISHING.PVM,fr_mre05,FR
SATranslation/system/FISHING.PVM,fr_mgin05,FR
SATranslation/system/FISHING.PVM,fr_mgin04,FR
SATranslation/system/FISHING.PVM,fr_mgin02,FR
SATranslation/system/FISHING.PVM,fr_mgin03,FR
SATranslation/system/FISHING.PVM,fr_mkin03,FR
SATranslation/system/FISHING.PVM,fr_mkin02,FR
SATranslation/system/FISHING.PVM,fr_mkin01,FR
SATranslation/system/FISHING.PVM,big_castmark0,
SATranslation/system/FISHING.PVM,big_castmark1,
SATranslation/system/FISHING.PVM,dust_w01,
SATranslation/system/FISHING.PVM,dust_w02,
SATranslation/system/FISHING.PVM,dust_w03,
SATranslation/system/FISHING.PVM,dust_w04,
SATranslation/system/FISHING.PVM,dust_w05,
SATranslation/system/FISHING.PVM,dust_w06,
SATranslation/system/FISHING.PVM,dust_w07,
SATranslation/system/FISHING.PVM,dust_w08,
SATranslation/system/FISHING.PVM,castgauge0,
SATranslation/system/FISHING.PVM,castgauge1,
SATranslation/system/FISHING.PVM,castgauge2,
SATranslation/system/FISHING.PVM,zanki_r,
SATranslation/system/FISHING.PVM,bighyouji,
SATranslation/system/FISHING.PVM,hyouji_g,DE
SATranslation/system/FISHING.PVM,hit0,
SATranslation/system/FISHING.PVM,hit1,
SATranslation/system/FPACK.PVM,bred_ura,
SATranslation/system/FPACK.PVM,bred_omote,
SATranslation/system/FPACK.PVM,fpp_orange,
SATranslation/system/FPACK.PVM,fpp_ringo,
SATranslation/system/FPACK.PVM,pback_logo,
SATranslation/system/FPACK.PVM,pback_muji,
SATranslation/system/FPACK.PVM,serori_kuki,
SATranslation/system/FPACK.PVM,serori_leaf,
SATranslation/system/FROG.PVM,kaeru03,
SATranslation/system/FROG.PVM,kaeru01,
SATranslation/system/FROG.PVM,kaeru04,
SATranslation/system/FROG.PVM,kaeru05,
SATranslation/system/FROG.PVM,kaeru06,
SATranslation/system/FROG.PVM,kaeru07,
SATranslation/system/FROG.PVM,kaeru08,
SATranslation/system/FROG.PVM,kaeru09,
SATranslation/system/FROG1.PVM,ff_07,
SATranslation/system/FROG1.PVM,ff_08,
SATranslation/system/FROG1.PVM,ff_09,
SATranslation/system/FROG1.PVM,ff_01,
SATranslation/system/FROG1.PVM,ff_03,
SATranslation/system/FROG1.PVM,ff_05,
SATranslation/system/FROG1.PVM,ff_06,
SATranslation/system/FROG2.PVM,ff_07,
SATranslation/system/FROG2.PVM,ff_08,
SATranslation/system/FROG2.PVM,ff_14,
SATranslation/system/FROG2.PVM,ff_10,
SATranslation/system/FROG2.PVM,ff_11,
SATranslation/system/FROG2.PVM,ff_12,
SATranslation/system/FROG2.PVM,ff_15,
SATranslation/system/FROG3.PVM,ff_07,
SATranslation/system/FROG3.PVM,ff_08,
SATranslation/system/FROG3.PVM,ff_23,
SATranslation/system/FROG3.PVM,ff_20,
SATranslation/system/FROG3.PVM,ff_21,
SATranslation/system/FROG3.PVM,ff_22,
SATranslation/system/FROG3.PVM,ff_24,
SATranslation/system/FROG3.PVM,ff_25,
SATranslation/system/GACHAPON.PVM,mini_b03,
SATranslation/system/GACHAPON.PVM,minir_sita,
SATranslation/system/GACHAPON.PVM,mini_b00,
SATranslation/system/GACHAPON.PVM,minir_kuti,
SATranslation/system/GACHAPON.PVM,m_eye,
SATranslation/system/GACHAPON.PVM,mini_e01,
SATranslation/system/GACHAPON.PVM,mini_b06,
SATranslation/system/GACHAPON.PVM,mini_ant,
SATranslation/system/GACHAPON.PVM,mini_te01,
SATranslation/system/GACHAPON.PVM,catarp,
SATranslation/system/GACHAPON.PVM,mini_b033,
SATranslation/system/GAMEOVER.PVM,black,
SATranslation/system/GAMEOVER.PVM,gameover,
SATranslation/system/GAMEOVER.PVM,casol,
SATranslation/system/GAMEOVER.PVM,sphe0,
SATranslation/system/GAMEOVER.PVM,sphe1,
SATranslation/system/GAMEOVER.PVM,npa_saikai,
SATranslation/system/GAMEOVER.PVM,npa_stop,
SATranslation/system/GAMEOVER_E.PVM,black,
SATranslation/system/GAMEOVER_E.PVM,gameover,
SATranslation/system/GAMEOVER_E.PVM,casol,
SATranslation/system/GAMEOVER_E.PVM,sphe0,
SATranslation/system/GAMEOVER_E.PVM,sphe1,
SATranslation/system/GAMEOVER_E.PVM,npa_saikai,
SATranslation/system/GAMEOVER_E.PVM,npa_stop,
SATranslation/system/GARDEN00.PVM,geswater01,
SATranslation/system/GARDEN00.PVM,geswater02,
SATranslation/system/GARDEN00.PVM,geswater03,
SATranslation/system/GARDEN00.PVM,geswater04,
SATranslation/system/GARDEN00.PVM,geswater05,
SATranslation/system/GARDEN00.PVM,geswater06,
SATranslation/system/GARDEN00.PVM,geswater07,
SATranslation/system/GARDEN00.PVM,geswater08,
SATranslation/system/GARDEN00.PVM,geswater09,
SATranslation/system/GARDEN00.PVM,geswater00,
SATranslation/system/GARDEN00.PVM,grass0_t,
SATranslation/system/GARDEN00.PVM,ast_hasi27,
SATranslation/system/GARDEN00.PVM,bst_shgc,
SATranslation/system/GARDEN00.PVM,bst_shstf,
SATranslation/system/GARDEN00.PVM,cst_kabeh,
SATranslation/system/GARDEN00.PVM,ast_hasi31,
SATranslation/system/GARDEN00.PVM,cst_yukad01,
SATranslation/system/GARDEN00.PVM,caos2_gmarble0,
SATranslation/system/GARDEN00.PVM,ss_offjyari,
SATranslation/system/GARDEN00.PVM,caos2_marb0,
SATranslation/system/GARDEN00.PVM,caos2_marb4,
SATranslation/system/GARDEN00.PVM,caos2_marb7,
SATranslation/system/GARDEN00.PVM,caos2elesky,
SATranslation/system/GARDEN00.PVM,garden_marb0,
SATranslation/system/GARDEN00.PVM,cst_yukah01,
SATranslation/system/GARDEN00.PVM,ss_hotel_loads,
SATranslation/system/GARDEN00.PVM,caos2_hasiraa,
SATranslation/system/GARDEN00.PVM,caos2_marb3,
SATranslation/system/GARDEN00.PVM,bst_entc02,
SATranslation/system/GARDEN00.PVM,ast_kabe55,
SATranslation/system/GARDEN00.PVM,ast_hasi35,
SATranslation/system/GARDEN00.PVM,kouen_hana8,
SATranslation/system/GARDEN00.PVM,garenseki0,
SATranslation/system/GARDEN00_OBJECT.PVM,fountain01,
SATranslation/system/GARDEN00_OBJECT.PVM,ast_hasi30,
SATranslation/system/GARDEN00_OBJECT.PVM,ast_hasi31,
SATranslation/system/GARDEN00_OBJECT.PVM,ast_kabe52,
SATranslation/system/GARDEN00_OBJECT.PVM,ast_kabe55,
SATranslation/system/GARDEN00_OBJECT.PVM,bst_enta,
SATranslation/system/GARDEN00_OBJECT.PVM,cst_kaidan07,
SATranslation/system/GARDEN00_OBJECT.PVM,gele_dis,
SATranslation/system/GARDEN00_OBJECT.PVM,gele_yuka0,
SATranslation/system/GARDEN00_OBJECT.PVM,gele_yuka1,
SATranslation/system/GARDEN00_OBJECT.PVM,hotelelemado,
SATranslation/system/GARDEN00_OBJECT.PVM,tra_yane1,
SATranslation/system/GARDEN00_OBJECT.PVM,al_re30,
SATranslation/system/GARDEN00_OBJECT.PVM,bst_shgc,
SATranslation/system/GARDEN00_OBJECT.PVM,bst_shgd,
SATranslation/system/GARDEN00_OBJECT.PVM,bst_shstf,
SATranslation/system/GARDEN00SS.PVM,ast_hasi27,
SATranslation/system/GARDEN00SS.PVM,ast_hasi31,
SATranslation/system/GARDEN00SS.PVM,bst_shgc,
SATranslation/system/GARDEN00SS.PVM,bst_shstf,
SATranslation/system/GARDEN00SS.PVM,caos2_marb0,
SATranslation/system/GARDEN00SS.PVM,caos2_marb3,
SATranslation/system/GARDEN00SS.PVM,cst_kabeh,
SATranslation/system/GARDEN00SS.PVM,cst_yukad01,
SATranslation/system/GARDEN00SS.PVM,cst_yukah01,
SATranslation/system/GARDEN00SS.PVM,garden_marb0,
SATranslation/system/GARDEN00SS.PVM,k128_hp1,
SATranslation/system/GARDEN00SS.PVM,k128_hp2,
SATranslation/system/GARDEN00SS.PVM,k256_sky,
SATranslation/system/GARDEN00SS.PVM,k32_chaon1,
SATranslation/system/GARDEN00SS.PVM,k32_chaon2,
SATranslation/system/GARDEN00SS.PVM,k32_hana01,
SATranslation/system/GARDEN00SS.PVM,k32_hana02,
SATranslation/system/GARDEN00SS.PVM,k32_hana_ha1,
SATranslation/system/GARDEN00SS.PVM,k32_hana_leaf00,
SATranslation/system/GARDEN00SS.PVM,k32_hanakage01,
SATranslation/system/GARDEN00SS.PVM,k32_hasira_b,
SATranslation/system/GARDEN00SS.PVM,k32_hp2,
SATranslation/system/GARDEN00SS.PVM,k32_kadan,
SATranslation/system/GARDEN00SS.PVM,k32_palacehasi1,
SATranslation/system/GARDEN00SS.PVM,k32_palacehasi2,
SATranslation/system/GARDEN00SS.PVM,k32_palacehasi3,
SATranslation/system/GARDEN00SS.PVM,k32_palacehasi4,
SATranslation/system/GARDEN00SS.PVM,k32_pool01,
SATranslation/system/GARDEN00SS.PVM,k32_tenjyo2,
SATranslation/system/GARDEN00SS.PVM,k32_tenjyo3,
SATranslation/system/GARDEN00SS.PVM,k32_tenjyo5,
SATranslation/system/GARDEN00SS.PVM,k64_hana00,
SATranslation/system/GARDEN00SS.PVM,k64_hasira_c,
SATranslation/system/GARDEN00SS.PVM,k64_hp4,
SATranslation/system/GARDEN00SS.PVM,k64_leaf_00,
SATranslation/system/GARDEN00SS.PVM,k64_palacesita,
SATranslation/system/GARDEN00SS.PVM,k64_palaceyane,
SATranslation/system/GARDEN00SS.PVM,k64_sibafu1,
SATranslation/system/GARDEN00SS.PVM,k64_tenjyo,
SATranslation/system/GARDEN00SS.PVM,ss_hotel_loads,
SATranslation/system/GARDEN00SS.PVM,k64_hp1,
SATranslation/system/GARDEN00SSOBJ.PVM,k32_bldoor3,
SATranslation/system/GARDEN00SSOBJ.PVM,k32_bldoor1,
SATranslation/system/GARDEN00SSOBJ.PVM,k32_bldoor2,
SATranslation/system/GARDEN00SSOBJ.PVM,k32_bldoor4,
SATranslation/system/GARDEN00SSOBJ.PVM,k32_eledoor3,
SATranslation/system/GARDEN00SSOBJ.PVM,k32_pool01,
SATranslation/system/GARDEN00SSOBJ.PVM,k32_racedoor1,
SATranslation/system/GARDEN00SSOBJ.PVM,k32_racedoor3,
SATranslation/system/GARDEN00SSOBJ.PVM,k64_racedoor1,
SATranslation/system/GARDEN00SSOBJ.PVM,k128_racedoor1,
SATranslation/system/GARDEN00SSOBJ.PVM,k128_bldoor1,
SATranslation/system/GARDEN00SSOBJ.PVM,water_b00,
SATranslation/system/GARDEN00SSOBJ.PVM,k64_bldoor2,
SATranslation/system/GARDEN00SSOBJ.PVM,k64_bldoor1,
SATranslation/system/GARDEN00SSOBJ.PVM,k64_eledoor3,
SATranslation/system/GARDEN00SSOBJ.PVM,k64_eledoor1,
SATranslation/system/GARDEN01.PVM,edc_n_hasi,
SATranslation/system/GARDEN01.PVM,mrd_064s_tenc,
SATranslation/system/GARDEN01.PVM,mrd_128s_bedb,
SATranslation/system/GARDEN01.PVM,mrd_128s_tenb,
SATranslation/system/GARDEN01.PVM,eca_funb,
SATranslation/system/GARDEN01.PVM,eca_s_gold,
SATranslation/system/GARDEN01.PVM,eca_s_grd,
SATranslation/system/GARDEN01.PVM,eca_s_gre,
SATranslation/system/GARDEN01.PVM,ecch_064s_guna,
SATranslation/system/GARDEN01.PVM,ecch_064s_jab,
SATranslation/system/GARDEN01.PVM,ecch_128s_suna,
SATranslation/system/GARDEN01.PVM,ecch_128s_sunakusa,
SATranslation/system/GARDEN01.PVM,ecch_s_gro,
SATranslation/system/GARDEN01.PVM,edb_o_isu01,
SATranslation/system/GARDEN01.PVM,edb_o_isu02,
SATranslation/system/GARDEN01.PVM,edb_o_isu03,
SATranslation/system/GARDEN01.PVM,edb_o_isu04,
SATranslation/system/GARDEN01.PVM,edb_o_isu05,
SATranslation/system/GARDEN01.PVM,edb_o_isu06,
SATranslation/system/GARDEN01.PVM,edb_o_kankyo4,
SATranslation/system/GARDEN01.PVM,edb_o_kasa01,
SATranslation/system/GARDEN01.PVM,edb_o_kasa02,
SATranslation/system/GARDEN01.PVM,edb_o_taia01,
SATranslation/system/GARDEN01.PVM,edb_o_taia02,
SATranslation/system/GARDEN01.PVM,edc_k_jkab002a,
SATranslation/system/GARDEN01.PVM,edc_k_jrokalight,
SATranslation/system/GARDEN01.PVM,edc_n_tank3,
SATranslation/system/GARDEN01.PVM,edc_n_tobiraa,
SATranslation/system/GARDEN01.PVM,edc_n_tobirab,
SATranslation/system/GARDEN01.PVM,edc_n_tobirac,
SATranslation/system/GARDEN01.PVM,edc_n_tobirad,
SATranslation/system/GARDEN01.PVM,edc_n_tobirae,
SATranslation/system/GARDEN01.PVM,edc_n_tobiraf,
SATranslation/system/GARDEN01.PVM,edc_n_tobirag,
SATranslation/system/GARDEN01.PVM,edv_K_shimayuka09,
SATranslation/system/GARDEN01.PVM,era_s_b,
SATranslation/system/GARDEN01.PVM,era_s_enus,
SATranslation/system/GARDEN01.PVM,era_s_kuro,
SATranslation/system/GARDEN01.PVM,k_hasimoto001,
SATranslation/system/GARDEN01.PVM,mra_128s_kusa,
SATranslation/system/GARDEN01.PVM,mrb_128s_kusa,
SATranslation/system/GARDEN01.PVM,mrb_128s_kusasigb,
SATranslation/system/GARDEN01.PVM,mrb_256s_pekia,
SATranslation/system/GARDEN01.PVM,mrb_256s_pekic,
SATranslation/system/GARDEN01.PVM,mrb_256s_pekie,
SATranslation/system/GARDEN01.PVM,mrb_256s_pekif,
SATranslation/system/GARDEN01.PVM,mrd_032s_banb,
SATranslation/system/GARDEN01.PVM,mrd_032s_oreb,
SATranslation/system/GARDEN01.PVM,mrd_064s_morb,
SATranslation/system/GARDEN01.PVM,mrd_064s_okb,
SATranslation/system/GARDEN01.PVM,mrd_064s_tend,
SATranslation/system/GARDEN01.PVM,mrd_128s_kabe,
SATranslation/system/GARDEN01.PVM,mr_064s_umiiwaa,
SATranslation/system/GARDEN01.PVM,mr_064s_umiiwab,
SATranslation/system/GARDEN01.PVM,s_m128_sea001,
SATranslation/system/GARDEN01.PVM,s_m128_sea002,
SATranslation/system/GARDEN01.PVM,s_m128_sea003,
SATranslation/system/GARDEN01.PVM,s_m128_sea004,
SATranslation/system/GARDEN01.PVM,s_m128_sea005,
SATranslation/system/GARDEN01.PVM,s_m128_sea006,
SATranslation/system/GARDEN01.PVM,s_m128_sea007,
SATranslation/system/GARDEN01.PVM,s_m128_sea008,
SATranslation/system/GARDEN01.PVM,s_m128_sea009,
SATranslation/system/GARDEN01.PVM,s_m128_sea010,
SATranslation/system/GARDEN01.PVM,s_m128_wave001,
SATranslation/system/GARDEN01.PVM,s_m128_wave002,
SATranslation/system/GARDEN01.PVM,s_m128_wave003,
SATranslation/system/GARDEN01.PVM,s_m128_wave004,
SATranslation/system/GARDEN01.PVM,s_m128_wave005,
SATranslation/system/GARDEN01.PVM,s_m128_wave006,
SATranslation/system/GARDEN01.PVM,s_m128_wave007,
SATranslation/system/GARDEN01.PVM,s_m128_wave008,
SATranslation/system/GARDEN01.PVM,s_m128_wave009,
SATranslation/system/GARDEN01.PVM,s_m128_wave010,
SATranslation/system/GARDEN01.PVM,s_m128_wave011,
SATranslation/system/GARDEN01.PVM,s_m128_wave012,
SATranslation/system/GARDEN01.PVM,s_m128_wave013,
SATranslation/system/GARDEN01.PVM,s_m128_wave014,
SATranslation/system/GARDEN01.PVM,s_m128_wave015,
SATranslation/system/GARDEN01_SKY.PVM,ecsc_s_bkca,
SATranslation/system/GARDEN01_SKY.PVM,ecsc_s_bkcb,
SATranslation/system/GARDEN01_SKY.PVM,ecsc_s_bkcd,
SATranslation/system/GARDEN01_SKY.PVM,m128_sea001,
SATranslation/system/GARDEN01_SKY.PVM,ecsc_s_haresky,
SATranslation/system/GARDEN01_SKY.PVM,ecsc_s_hareskyd,
SATranslation/system/GARDEN01_SKY.PVM,ecsc_s_hareskyb,
SATranslation/system/GARDEN01_SKY.PVM,ecsc_s_hareskya,
SATranslation/system/GARDEN01EC.PVM,eca_funb,
SATranslation/system/GARDEN01EC.PVM,eca_s_gre,
SATranslation/system/GARDEN01EC.PVM,ecc_sky,
SATranslation/system/GARDEN01EC.PVM,ecch_064s_guna,
SATranslation/system/GARDEN01EC.PVM,ecch_064s_jab,
SATranslation/system/GARDEN01EC.PVM,ecch_128_hibisu02,
SATranslation/system/GARDEN01EC.PVM,ecch_128_yashi00,
SATranslation/system/GARDEN01EC.PVM,ecch_128s_suna,
SATranslation/system/GARDEN01EC.PVM,ecch_32_hibisu01,
SATranslation/system/GARDEN01EC.PVM,ecch_kusanuki,
SATranslation/system/GARDEN01EC.PVM,ecch_para00,
SATranslation/system/GARDEN01EC.PVM,ecch_s_gro,
SATranslation/system/GARDEN01EC.PVM,ecch_sang01,
SATranslation/system/GARDEN01EC.PVM,ecch_sea,
SATranslation/system/GARDEN01EC.PVM,edb_o_isu01,
SATranslation/system/GARDEN01EC.PVM,edb_o_isu02,
SATranslation/system/GARDEN01EC.PVM,edb_o_isu04,
SATranslation/system/GARDEN01EC.PVM,edb_o_isu05,
SATranslation/system/GARDEN01EC.PVM,edb_o_kankyo4,
SATranslation/system/GARDEN01EC.PVM,edb_o_taia01,
SATranslation/system/GARDEN01EC.PVM,edc_k_jkab002a,
SATranslation/system/GARDEN01EC.PVM,edc_k_jrokalight,
SATranslation/system/GARDEN01EC.PVM,edc_n_tobiraa,
SATranslation/system/GARDEN01EC.PVM,edc_n_tobirab,
SATranslation/system/GARDEN01EC.PVM,edc_n_tobirac,
SATranslation/system/GARDEN01EC.PVM,edc_n_tobirad,
SATranslation/system/GARDEN01EC.PVM,edc_n_tobirae,
SATranslation/system/GARDEN01EC.PVM,edc_n_tobiraf,
SATranslation/system/GARDEN01EC.PVM,edc_n_tobirag,
SATranslation/system/GARDEN01EC.PVM,edv_k_shimayuka09,
SATranslation/system/GARDEN01EC.PVM,era_s_b,
SATranslation/system/GARDEN01EC.PVM,era_s_enus,
SATranslation/system/GARDEN01EC.PVM,era_s_kuro,
SATranslation/system/GARDEN01EC.PVM,k_hasimoto001,
SATranslation/system/GARDEN01EC.PVM,mrb_128s_kusa,
SATranslation/system/GARDEN01EC.PVM,mrb_256s_pekia,
SATranslation/system/GARDEN01EC.PVM,mrb_256s_pekic,
SATranslation/system/GARDEN01EC.PVM,mrb_256s_pekie,
SATranslation/system/GARDEN01EC.PVM,mrd_032s_banb,
SATranslation/system/GARDEN01EC.PVM,mrd_032s_oreb,
SATranslation/system/GARDEN01EC.PVM,mrd_064s_okb,
SATranslation/system/GARDEN01EC.PVM,mrd_064s_tend,
SATranslation/system/GARDEN01EC.PVM,ecch_128_yashi01,
SATranslation/system/GARDEN02.PVM,mra_128s_anagd,
SATranslation/system/GARDEN02.PVM,mra_128s_gd,
SATranslation/system/GARDEN02.PVM,mra_128s_gdkusa,
SATranslation/system/GARDEN02.PVM,mra_128s_kawaisi,
SATranslation/system/GARDEN02.PVM,mra_128s_kawaisic,
SATranslation/system/GARDEN02.PVM,mra_128s_kusa,
SATranslation/system/GARDEN02.PVM,mra_256s_uekaba,
SATranslation/system/GARDEN02.PVM,mrb_256s_ganpeki,
SATranslation/system/GARDEN02.PVM,mr_032o_kdan3,
SATranslation/system/GARDEN02.PVM,mr_032o_reel02,
SATranslation/system/GARDEN02.PVM,mr_032o_reel03,
SATranslation/system/GARDEN02.PVM,mr_032o_reel04,
SATranslation/system/GARDEN02.PVM,mr_064f_kiri,
SATranslation/system/GARDEN02.PVM,mr_064f_kiwaku,
SATranslation/system/GARDEN02.PVM,mr_064f_kiwakub,
SATranslation/system/GARDEN02.PVM,mr_064k_chpkabekado,
SATranslation/system/GARDEN02.PVM,mr_064k_chpmizo,
SATranslation/system/GARDEN02.PVM,mr_064o_kdan01,
SATranslation/system/GARDEN02.PVM,mr_064o_kdan02,
SATranslation/system/GARDEN02.PVM,mr_064o_stop,
SATranslation/system/GARDEN02.PVM,mr_064s_makiku,
SATranslation/system/GARDEN02.PVM,mr_064s_miki,
SATranslation/system/GARDEN02.PVM,mr_064s_mikib,
SATranslation/system/GARDEN02.PVM,mr_064s_mizunaga,
SATranslation/system/GARDEN02.PVM,mr_064s_takisizu,
SATranslation/system/GARDEN02.PVM,mr_064s_umiiwaa,
SATranslation/system/GARDEN02.PVM,mr_064s_umiiwab,
SATranslation/system/GARDEN02.PVM,mr_128k_chemepo,
SATranslation/system/GARDEN02.PVM,mr_128k_chpkirikuti,
SATranslation/system/GARDEN02.PVM,mr_128k_chpkoke2,
SATranslation/system/GARDEN02.PVM,mr_128k_chpmoyou,
SATranslation/system/GARDEN02.PVM,mr_128k_chprenga,
SATranslation/system/GARDEN02.PVM,mr_128k_chptatesen,
SATranslation/system/GARDEN02.PVM,mr_128k_chpueha,
SATranslation/system/GARDEN02.PVM,mr_128s_ueiwaa,
SATranslation/system/GARDEN02.PVM,mr_128s_ueiwab,
SATranslation/system/GARDEN02.PVM,s_m128_sea001,
SATranslation/system/GARDEN02.PVM,s_m128_sea002,
SATranslation/system/GARDEN02.PVM,s_m128_sea003,
SATranslation/system/GARDEN02.PVM,s_m128_sea004,
SATranslation/system/GARDEN02.PVM,s_m128_sea005,
SATranslation/system/GARDEN02.PVM,s_m128_sea006,
SATranslation/system/GARDEN02.PVM,s_m128_sea007,
SATranslation/system/GARDEN02.PVM,s_m128_sea008,
SATranslation/system/GARDEN02.PVM,s_m128_sea009,
SATranslation/system/GARDEN02.PVM,s_m128_sea010,
SATranslation/system/GARDEN02.PVM,mra_128s_anakagd,
SATranslation/system/GARDEN02.PVM,mra_256s_akaana,
SATranslation/system/GARDEN02.PVM,mra_256s_akaanb,
SATranslation/system/GARDEN02.PVM,mra_256s_akaanc,
SATranslation/system/GARDEN02.PVM,mra_256s_kabeb,
SATranslation/system/GARDEN02.PVM,mr_256s_kabef,
SATranslation/system/GARDEN02_OBJECT.PVM,mr_032f_sabid,
SATranslation/system/GARDEN02_OBJECT.PVM,mr_064f_kiri,
SATranslation/system/GARDEN02_OBJECT.PVM,mr_064f_kiwaku,
SATranslation/system/GARDEN02_OBJECT.PVM,mr_064f_kiwakub,
SATranslation/system/GARDEN02_OBJECT.PVM,mr_016f_neji,
SATranslation/system/GARDEN02_OBJECT.PVM,mr_016f_tesuri,
SATranslation/system/GARDEN02_OBJECT.PVM,mr_032f_asi,
SATranslation/system/GARDEN02_OBJECT.PVM,mr_032f_brakeb,
SATranslation/system/GARDEN02_OBJECT.PVM,mr_032f_ita,
SATranslation/system/GARDEN02_OBJECT.PVM,mr_032f_jabara,
SATranslation/system/GARDEN02_OBJECT.PVM,mr_032f_totte,
SATranslation/system/GARDEN02_OBJECT.PVM,mr_064f_mae,
SATranslation/system/GARDEN02_OBJECT.PVM,mr_064f_maesita,
SATranslation/system/GARDEN02_OBJECT.PVM,mr_064f_yokositd,
SATranslation/system/GARDEN02_OBJECT.PVM,mr_128f_yokoite,
SATranslation/system/GARDEN02_OBJECT.PVM,mr_128f_yuka,
SATranslation/system/GARDEN02_OBJECT.PVM,mr_064o_kiso04,
SATranslation/system/GARDEN02_OBJECT.PVM,mr_016f_taiya,
SATranslation/system/GARDEN02_OBJECT.PVM,mr_032_sharin,
SATranslation/system/GARDEN02_OBJECT.PVM,mr_032f_brake,
SATranslation/system/GARDEN02_SKY.PVM,mra_008s_hirusorab,
SATranslation/system/GARDEN02_SKY.PVM,mrasc_016s_hiruumi,
SATranslation/system/GARDEN02_SKY.PVM,mrasc_256s_hirusoraa,
SATranslation/system/GARDEN02_SKY.PVM,mrasc_016s_yoruumi,
SATranslation/system/GARDEN02_SKY.PVM,mrasc_064s_yorusorab,
SATranslation/system/GARDEN02_SKY.PVM,mrasc_256s_yorusoraa,
SATranslation/system/GARDEN02_SKY.PVM,mrasc_008s_yusorab,
SATranslation/system/GARDEN02_SKY.PVM,mrasc_016s_yuuumi,
SATranslation/system/GARDEN02_SKY.PVM,mrasc_256s_yuusoraa,
SATranslation/system/GARDEN02_SKY.PVM,mrcsc_008s_hirusorab,
SATranslation/system/GARDEN02_SKY.PVM,mrcsc_256s_hirusora,
SATranslation/system/GARDEN02_SKY.PVM,mrcsc_064s_yorusorab,
SATranslation/system/GARDEN02_SKY.PVM,mrcsc_256s_yorusoraa,
SATranslation/system/GARDEN02_SKY.PVM,mrcsc_008s_yusorab,
SATranslation/system/GARDEN02_SKY.PVM,mrcsc_256s_yusoraa,
SATranslation/system/GARDEN02MR_DAYTIME.PVM,mr_032o_kdan3,
SATranslation/system/GARDEN02MR_DAYTIME.PVM,mr_032o_reel02,
SATranslation/system/GARDEN02MR_DAYTIME.PVM,mr_032o_reel03,
SATranslation/system/GARDEN02MR_DAYTIME.PVM,mr_032o_reel04,
SATranslation/system/GARDEN02MR_DAYTIME.PVM,mr_064f_kiri,
SATranslation/system/GARDEN02MR_DAYTIME.PVM,mr_064f_kiwaku,
SATranslation/system/GARDEN02MR_DAYTIME.PVM,mr_064f_kiwakub,
SATranslation/system/GARDEN02MR_DAYTIME.PVM,mr_064k_chpkabekado,
SATranslation/system/GARDEN02MR_DAYTIME.PVM,mr_064k_chpmizo,
SATranslation/system/GARDEN02MR_DAYTIME.PVM,mr_064o_kdan01,
SATranslation/system/GARDEN02MR_DAYTIME.PVM,mr_064o_kdan02,
SATranslation/system/GARDEN02MR_DAYTIME.PVM,mr_064o_stop,
SATranslation/system/GARDEN02MR_DAYTIME.PVM,mr_064s_makiku,
SATranslation/system/GARDEN02MR_DAYTIME.PVM,mr_064s_miki,
SATranslation/system/GARDEN02MR_DAYTIME.PVM,mr_064s_mikib,
SATranslation/system/GARDEN02MR_DAYTIME.PVM,mr_064s_plant_yone,
SATranslation/system/GARDEN02MR_DAYTIME.PVM,mr_064s_plant_yone02,
SATranslation/system/GARDEN02MR_DAYTIME.PVM,mr_064s_takisizu,
SATranslation/system/GARDEN02MR_DAYTIME.PVM,mr_064s_umiiwaa,
SATranslation/system/GARDEN02MR_DAYTIME.PVM,mr_064s_umiiwab,
SATranslation/system/GARDEN02MR_DAYTIME.PVM,mr_128k_chemepo,
SATranslation/system/GARDEN02MR_DAYTIME.PVM,mr_128k_chpkirikuti,
SATranslation/system/GARDEN02MR_DAYTIME.PVM,mr_128k_chpkoke2,
SATranslation/system/GARDEN02MR_DAYTIME.PVM,mr_128k_chpmoyou,
SATranslation/system/GARDEN02MR_DAYTIME.PVM,mr_128k_chptatesen,
SATranslation/system/GARDEN02MR_DAYTIME.PVM,mr_128k_plant_yone06,
SATranslation/system/GARDEN02MR_DAYTIME.PVM,mr_128s_ueiwaa,
SATranslation/system/GARDEN02MR_DAYTIME.PVM,mr_128s_ueiwab,
SATranslation/system/GARDEN02MR_DAYTIME.PVM,mr_256s_kabef,
SATranslation/system/GARDEN02MR_DAYTIME.PVM,mra_128s_anagd,
SATranslation/system/GARDEN02MR_DAYTIME.PVM,mra_128s_gd,
SATranslation/system/GARDEN02MR_DAYTIME.PVM,mra_128s_gdkusa,
SATranslation/system/GARDEN02MR_DAYTIME.PVM,mra_128s_kawaisi,
SATranslation/system/GARDEN02MR_DAYTIME.PVM,mra_128s_kawaisic,
SATranslation/system/GARDEN02MR_DAYTIME.PVM,mra_128s_kusa,
SATranslation/system/GARDEN02MR_DAYTIME.PVM,mra_128s_uekaba_yone,
SATranslation/system/GARDEN02MR_DAYTIME.PVM,mra_256s_akaana,
SATranslation/system/GARDEN02MR_DAYTIME.PVM,mra_256s_akaanb,
SATranslation/system/GARDEN02MR_DAYTIME.PVM,mra_256s_akaanc,
SATranslation/system/GARDEN02MR_DAYTIME.PVM,mra_256s_kabeb,
SATranslation/system/GARDEN02MR_DAYTIME.PVM,mra_256s_uekaba,
SATranslation/system/GARDEN02MR_DAYTIME.PVM,mrasc_256s_hirusoraa,
SATranslation/system/GARDEN02MR_DAYTIME.PVM,mrb_256s_ganpeki,
SATranslation/system/GARDEN02MR_DAYTIME.PVM,s_m128_sea001,
SATranslation/system/GARDEN02MR_DAYTIME.PVM,mr_064s_mizunaga,
SATranslation/system/GARDEN02MR_EVENING.PVM,mr_032o_kdan3,
SATranslation/system/GARDEN02MR_EVENING.PVM,mr_032o_reel02,
SATranslation/system/GARDEN02MR_EVENING.PVM,mr_032o_reel03,
SATranslation/system/GARDEN02MR_EVENING.PVM,mr_032o_reel04,
SATranslation/system/GARDEN02MR_EVENING.PVM,mr_064f_kiri,
SATranslation/system/GARDEN02MR_EVENING.PVM,mr_064f_kiwaku,
SATranslation/system/GARDEN02MR_EVENING.PVM,mr_064f_kiwakub,
SATranslation/system/GARDEN02MR_EVENING.PVM,mr_064k_chpkabekado,
SATranslation/system/GARDEN02MR_EVENING.PVM,mr_064k_chpmizo,
SATranslation/system/GARDEN02MR_EVENING.PVM,mr_064o_kdan01,
SATranslation/system/GARDEN02MR_EVENING.PVM,mr_064o_kdan02,
SATranslation/system/GARDEN02MR_EVENING.PVM,mr_064o_stop,
SATranslation/system/GARDEN02MR_EVENING.PVM,mr_064s_makiku,
SATranslation/system/GARDEN02MR_EVENING.PVM,mr_064s_miki,
SATranslation/system/GARDEN02MR_EVENING.PVM,mr_064s_mikib,
SATranslation/system/GARDEN02MR_EVENING.PVM,mr_064s_plant_yone,
SATranslation/system/GARDEN02MR_EVENING.PVM,mr_064s_plant_yone02,
SATranslation/system/GARDEN02MR_EVENING.PVM,mr_064s_takisizu,
SATranslation/system/GARDEN02MR_EVENING.PVM,mr_064s_umiiwaa,
SATranslation/system/GARDEN02MR_EVENING.PVM,mr_064s_umiiwab,
SATranslation/system/GARDEN02MR_EVENING.PVM,mr_128k_chemepo,
SATranslation/system/GARDEN02MR_EVENING.PVM,mr_128k_chpkirikuti,
SATranslation/system/GARDEN02MR_EVENING.PVM,mr_128k_chpkoke2,
SATranslation/system/GARDEN02MR_EVENING.PVM,mr_128k_chpmoyou,
SATranslation/system/GARDEN02MR_EVENING.PVM,mr_128k_chptatesen,
SATranslation/system/GARDEN02MR_EVENING.PVM,mr_128k_plant_yone06,
SATranslation/system/GARDEN02MR_EVENING.PVM,mr_128s_ueiwaa,
SATranslation/system/GARDEN02MR_EVENING.PVM,mr_128s_ueiwab,
SATranslation/system/GARDEN02MR_EVENING.PVM,mr_256s_kabef,
SATranslation/system/GARDEN02MR_EVENING.PVM,mra_128s_anagd,
SATranslation/system/GARDEN02MR_EVENING.PVM,mra_128s_gd,
SATranslation/system/GARDEN02MR_EVENING.PVM,mra_128s_gdkusa,
SATranslation/system/GARDEN02MR_EVENING.PVM,mra_128s_kawaisi,
SATranslation/system/GARDEN02MR_EVENING.PVM,mra_128s_kawaisic,
SATranslation/system/GARDEN02MR_EVENING.PVM,mra_128s_kusa,
SATranslation/system/GARDEN02MR_EVENING.PVM,mra_128s_uekaba_yone,
SATranslation/system/GARDEN02MR_EVENING.PVM,mra_256s_akaana,
SATranslation/system/GARDEN02MR_EVENING.PVM,mra_256s_akaanb,
SATranslation/system/GARDEN02MR_EVENING.PVM,mra_256s_akaanc,
SATranslation/system/GARDEN02MR_EVENING.PVM,mra_256s_kabeb,
SATranslation/system/GARDEN02MR_EVENING.PVM,mra_256s_uekaba,
SATranslation/system/GARDEN02MR_EVENING.PVM,mrasc_256s_yuuyake,
SATranslation/system/GARDEN02MR_EVENING.PVM,mrb_256s_ganpeki,
SATranslation/system/GARDEN02MR_EVENING.PVM,s_m128_sea002,
SATranslation/system/GARDEN02MR_EVENING.PVM,mr_064s_mizunaga,
SATranslation/system/GARDEN02MR_NIGHT.PVM,mr_032o_kdan3,
SATranslation/system/GARDEN02MR_NIGHT.PVM,mr_032o_reel02,
SATranslation/system/GARDEN02MR_NIGHT.PVM,mr_032o_reel03,
SATranslation/system/GARDEN02MR_NIGHT.PVM,mr_032o_reel04,
SATranslation/system/GARDEN02MR_NIGHT.PVM,mr_064f_kiri,
SATranslation/system/GARDEN02MR_NIGHT.PVM,mr_064f_kiwaku,
SATranslation/system/GARDEN02MR_NIGHT.PVM,mr_064f_kiwakub,
SATranslation/system/GARDEN02MR_NIGHT.PVM,mr_064k_chpkabekado,
SATranslation/system/GARDEN02MR_NIGHT.PVM,mr_064k_chpmizo,
SATranslation/system/GARDEN02MR_NIGHT.PVM,mr_064o_kdan01,
SATranslation/system/GARDEN02MR_NIGHT.PVM,mr_064o_kdan02,
SATranslation/system/GARDEN02MR_NIGHT.PVM,mr_064o_stop,
SATranslation/system/GARDEN02MR_NIGHT.PVM,mr_064s_makiku,
SATranslation/system/GARDEN02MR_NIGHT.PVM,mr_064s_miki,
SATranslation/system/GARDEN02MR_NIGHT.PVM,mr_064s_mikib,
SATranslation/system/GARDEN02MR_NIGHT.PVM,mr_064s_plant_yone,
SATranslation/system/GARDEN02MR_NIGHT.PVM,mr_064s_plant_yone02,
SATranslation/system/GARDEN02MR_NIGHT.PVM,mr_064s_takisizu,
SATranslation/system/GARDEN02MR_NIGHT.PVM,mr_064s_umiiwaa,
SATranslation/system/GARDEN02MR_NIGHT.PVM,mr_064s_umiiwab,
SATranslation/system/GARDEN02MR_NIGHT.PVM,mr_128k_chemepo,
SATranslation/system/GARDEN02MR_NIGHT.PVM,mr_128k_chpkirikuti,
SATranslation/system/GARDEN02MR_NIGHT.PVM,mr_128k_chpkoke2,
SATranslation/system/GARDEN02MR_NIGHT.PVM,mr_128k_chpmoyou,
SATranslation/system/GARDEN02MR_NIGHT.PVM,mr_128k_chptatesen,
SATranslation/system/GARDEN02MR_NIGHT.PVM,mr_128k_plant_yone06,
SATranslation/system/GARDEN02MR_NIGHT.PVM,mr_128s_ueiwaa,
SATranslation/system/GARDEN02MR_NIGHT.PVM,mr_128s_ueiwab,
SATranslation/system/GARDEN02MR_NIGHT.PVM,mr_256s_kabef,
SATranslation/system/GARDEN02MR_NIGHT.PVM,mra_128s_anagd,
SATranslation/system/GARDEN02MR_NIGHT.PVM,mra_128s_gd,
SATranslation/system/GARDEN02MR_NIGHT.PVM,mra_128s_gdkusa,
SATranslation/system/GARDEN02MR_NIGHT.PVM,mra_128s_kawaisi,
SATranslation/system/GARDEN02MR_NIGHT.PVM,mra_128s_kawaisic,
SATranslation/system/GARDEN02MR_NIGHT.PVM,mra_128s_kusa,
SATranslation/system/GARDEN02MR_NIGHT.PVM,mra_128s_uekaba_yone,
SATranslation/system/GARDEN02MR_NIGHT.PVM,mra_256s_akaana,
SATranslation/system/GARDEN02MR_NIGHT.PVM,mra_256s_akaanb,
SATranslation/system/GARDEN02MR_NIGHT.PVM,mra_256s_akaanc,
SATranslation/system/GARDEN02MR_NIGHT.PVM,mra_256s_kabeb,
SATranslation/system/GARDEN02MR_NIGHT.PVM,mra_256s_uekaba,
SATranslation/system/GARDEN02MR_NIGHT.PVM,mrasc_256s_yorusoraa,
SATranslation/system/GARDEN02MR_NIGHT.PVM,mrb_256s_ganpeki,
SATranslation/system/GARDEN02MR_NIGHT.PVM,s_m128_sea001,
SATranslation/system/GARDEN02MR_NIGHT.PVM,mr_064s_mizunaga,
SATranslation/system/GARDEN_MR_SKY_HIRU.PVM,mrasc_016s_hiruumi,
SATranslation/system/GARDEN_MR_SKY_HIRU.PVM,mrasc_256s_hirusoraa,
SATranslation/system/GARDEN_MR_SKY_HIRU.PVM,mra_008s_hirusorab,
SATranslation/system/GARDEN_MR_SKY_HIRU.PVM,mrcsc_008s_hirusorab,
SATranslation/system/GARDEN_MR_SKY_HIRU.PVM,mrcsc_256s_hirusora,
SATranslation/system/GARDEN_MR_SKY_YORU.PVM,mrasc_016s_yoruumi,
SATranslation/system/GARDEN_MR_SKY_YORU.PVM,mrasc_064s_yorusorab,
SATranslation/system/GARDEN_MR_SKY_YORU.PVM,mrasc_256s_yorusoraa,
SATranslation/system/GARDEN_MR_SKY_YORU.PVM,mrcsc_064s_yorusorab,
SATranslation/system/GARDEN_MR_SKY_YORU.PVM,mrcsc_256s_yorusoraa,
SATranslation/system/GARDEN_MR_SKY_YUU.PVM,mrasc_008s_yusorab,
SATranslation/system/GARDEN_MR_SKY_YUU.PVM,mrasc_016s_yuuumi,
SATranslation/system/GARDEN_MR_SKY_YUU.PVM,mrasc_256s_yuusoraa,
SATranslation/system/GARDEN_MR_SKY_YUU.PVM,mrcsc_008s_yusorab,
SATranslation/system/GARDEN_MR_SKY_YUU.PVM,mrcsc_256s_yusoraa,
SATranslation/system/GC_VMS.PVM,ms_gc_vms,
SATranslation/system/GC_VMS.PVM,ms_port_a,
SATranslation/system/GC_VMS.PVM,ms_port_b,
SATranslation/system/GG_TEXLIST.PVM,kk256_sentaku,
SATranslation/system/GG_TEXLIST.PVM,y128_h02,
SATranslation/system/GG_TEXLIST.PVM,y128_h03,
SATranslation/system/GG_TEXLIST.PVM,y128_h04,
SATranslation/system/GG_TEXLIST.PVM,y128_h05,
SATranslation/system/GG_TEXLIST.PVM,y256_dm_a,
SATranslation/system/GG_TEXLIST.PVM,y256_dm_b,
SATranslation/system/GG_TEXLIST.PVM,y256_h01a,
SATranslation/system/GG_TEXLIST.PVM,y256_h01b,
SATranslation/system/GG_TEXLIST.PVM,y256_h01c,
SATranslation/system/GG_TEXLIST.PVM,y256_h01d,
SATranslation/system/GG_TEXLIST.PVM,y256_ita,
SATranslation/system/GG_TEXLIST.PVM,y256_mgt01,
SATranslation/system/GG_TEXLIST.PVM,y256_mgt02,
SATranslation/system/GG_TEXLIST.PVM,y256_pad,
SATranslation/system/GG_TEXLIST.PVM,y256_s_dm_a,
SATranslation/system/GG_TEXLIST.PVM,y256_s_dm_b,
SATranslation/system/GG_TEXLIST.PVM,y256_s_s1_a,
SATranslation/system/GG_TEXLIST.PVM,y256_s_s1_b,
SATranslation/system/GG_TEXLIST.PVM,y256_s_s2_a,
SATranslation/system/GG_TEXLIST.PVM,y256_s_s2_b,
SATranslation/system/GG_TEXLIST.PVM,y256_s_sb_a,
SATranslation/system/GG_TEXLIST.PVM,y256_s_sb_b,
SATranslation/system/GG_TEXLIST.PVM,y256_s_sd1_a,
SATranslation/system/GG_TEXLIST.PVM,y256_s_sd1_b,
SATranslation/system/GG_TEXLIST.PVM,y256_s_sd2_a,
SATranslation/system/GG_TEXLIST.PVM,y256_s_sd2_b,
SATranslation/system/GG_TEXLIST.PVM,y256_s_sl_a,
SATranslation/system/GG_TEXLIST.PVM,y256_s_sl_b,
SATranslation/system/GG_TEXLIST.PVM,y256_s_ss_a,
SATranslation/system/GG_TEXLIST.PVM,y256_s_ss_b,
SATranslation/system/GG_TEXLIST.PVM,y256_s_st1_a,
SATranslation/system/GG_TEXLIST.PVM,y256_s_st1_b,
SATranslation/system/GG_TEXLIST.PVM,y256_s_st2_a,
SATranslation/system/GG_TEXLIST.PVM,y256_s_st2_b,
SATranslation/system/GG_TEXLIST.PVM,y256_s_ta_a,
SATranslation/system/GG_TEXLIST.PVM,y256_s_ta_b,
SATranslation/system/GG_TEXLIST.PVM,y256_s_ts_a,
SATranslation/system/GG_TEXLIST.PVM,y256_s_ts_b,
SATranslation/system/GG_TEXLIST.PVM,y256_s1_a,
SATranslation/system/GG_TEXLIST.PVM,y256_s1_b,
SATranslation/system/GG_TEXLIST.PVM,y256_s2_a,
SATranslation/system/GG_TEXLIST.PVM,y256_s2_b,
SATranslation/system/GG_TEXLIST.PVM,y256_sb_a,
SATranslation/system/GG_TEXLIST.PVM,y256_sb_b,
SATranslation/system/GG_TEXLIST.PVM,y256_sd1_a,
SATranslation/system/GG_TEXLIST.PVM,y256_sd1_b,
SATranslation/system/GG_TEXLIST.PVM,y256_sd2_a,
SATranslation/system/GG_TEXLIST.PVM,y256_sd2_b,
SATranslation/system/GG_TEXLIST.PVM,y256_select,
SATranslation/system/GG_TEXLIST.PVM,y256_sl_a,
SATranslation/system/GG_TEXLIST.PVM,y256_sl_b,
SATranslation/system/GG_TEXLIST.PVM,y256_ss_a,
SATranslation/system/GG_TEXLIST.PVM,y256_ss_b,
SATranslation/system/GG_TEXLIST.PVM,y256_st1_a,
SATranslation/system/GG_TEXLIST.PVM,y256_st1_b,
SATranslation/system/GG_TEXLIST.PVM,y256_st2_a,
SATranslation/system/GG_TEXLIST.PVM,y256_st2_b,
SATranslation/system/GG_TEXLIST.PVM,y256_ta_a,
SATranslation/system/GG_TEXLIST.PVM,y256_ta_b,
SATranslation/system/GG_TEXLIST.PVM,y256_title,
SATranslation/system/GG_TEXLIST.PVM,y256_ts_a,
SATranslation/system/GG_TEXLIST.PVM,y256_ts_b,
SATranslation/system/GG_TEXLIST.PVM,y8_kado,
SATranslation/system/GG_TEXLIST.PVM,y256_mgt03,
SATranslation/system/GG_TEXLIST_FR.PVM,kk256_sentaku,
SATranslation/system/GG_TEXLIST_FR.PVM,y128_h02,
SATranslation/system/GG_TEXLIST_FR.PVM,y128_h03,
SATranslation/system/GG_TEXLIST_FR.PVM,y128_h04,
SATranslation/system/GG_TEXLIST_FR.PVM,y128_h05,
SATranslation/system/GG_TEXLIST_FR.PVM,y256_dm_a,
SATranslation/system/GG_TEXLIST_FR.PVM,y256_dm_b,
SATranslation/system/GG_TEXLIST_FR.PVM,y256_h01a,
SATranslation/system/GG_TEXLIST_FR.PVM,y256_h01b,
SATranslation/system/GG_TEXLIST_FR.PVM,y256_h01c,
SATranslation/system/GG_TEXLIST_FR.PVM,y256_h01d,
SATranslation/system/GG_TEXLIST_FR.PVM,y256_ita,
SATranslation/system/GG_TEXLIST_FR.PVM,y256_mgt01,
SATranslation/system/GG_TEXLIST_FR.PVM,y256_mgt02,
SATranslation/system/GG_TEXLIST_FR.PVM,y256_pad,
SATranslation/system/GG_TEXLIST_FR.PVM,y256_s_dm_a,
SATranslation/system/GG_TEXLIST_FR.PVM,y256_s_dm_b,
SATranslation/system/GG_TEXLIST_FR.PVM,y256_s_s1_a,
SATranslation/system/GG_TEXLIST_FR.PVM,y256_s_s1_b,
SATranslation/system/GG_TEXLIST_FR.PVM,y256_s_s2_a,
SATranslation/system/GG_TEXLIST_FR.PVM,y256_s_s2_b,
SATranslation/system/GG_TEXLIST_FR.PVM,y256_s_sb_a,
SATranslation/system/GG_TEXLIST_FR.PVM,y256_s_sb_b,
SATranslation/system/GG_TEXLIST_FR.PVM,y256_s_sd1_a,
SATranslation/system/GG_TEXLIST_FR.PVM,y256_s_sd1_b,
SATranslation/system/GG_TEXLIST_FR.PVM,y256_s_sd2_a,
SATranslation/system/GG_TEXLIST_FR.PVM,y256_s_sd2_b,
SATranslation/system/GG_TEXLIST_FR.PVM,y256_s_sl_a,
SATranslation/system/GG_TEXLIST_FR.PVM,y256_s_sl_b,
SATranslation/system/GG_TEXLIST_FR.PVM,y256_s_ss_a,
SATranslation/system/GG_TEXLIST_FR.PVM,y256_s_ss_b,
SATranslation/system/GG_TEXLIST_FR.PVM,y256_s_st1_a,
SATranslation/system/GG_TEXLIST_FR.PVM,y256_s_st1_b,
SATranslation/system/GG_TEXLIST_FR.PVM,y256_s_st2_a,
SATranslation/system/GG_TEXLIST_FR.PVM,y256_s_st2_b,
SATranslation/system/GG_TEXLIST_FR.PVM,y256_s_ta_a,
SATranslation/system/GG_TEXLIST_FR.PVM,y256_s_ta_b,
SATranslation/system/GG_TEXLIST_FR.PVM,y256_s_ts_a,
SATranslation/system/GG_TEXLIST_FR.PVM,y256_s_ts_b,
SATranslation/system/GG_TEXLIST_FR.PVM,y256_s1_a,
SATranslation/system/GG_TEXLIST_FR.PVM,y256_s1_b,
SATranslation/system/GG_TEXLIST_FR.PVM,y256_s2_a,
SATranslation/system/GG_TEXLIST_FR.PVM,y256_s2_b,
SATranslation/system/GG_TEXLIST_FR.PVM,y256_sb_a,
SATranslation/system/GG_TEXLIST_FR.PVM,y256_sb_b,
SATranslation/system/GG_TEXLIST_FR.PVM,y256_sd1_a,
SATranslation/system/GG_TEXLIST_FR.PVM,y256_sd1_b,
SATranslation/system/GG_TEXLIST_FR.PVM,y256_sd2_a,
SATranslation/system/GG_TEXLIST_FR.PVM,y256_sd2_b,
SATranslation/system/GG_TEXLIST_FR.PVM,y256_select,
SATranslation/system/GG_TEXLIST_FR.PVM,y256_sl_a,
SATranslation/system/GG_TEXLIST_FR.PVM,y256_sl_b,
SATranslation/system/GG_TEXLIST_FR.PVM,y256_ss_a,
SATranslation/system/GG_TEXLIST_FR.PVM,y256_ss_b,
SATranslation/system/GG_TEXLIST_FR.PVM,y256_st1_a,
SATranslation/system/GG_TEXLIST_FR.PVM,y256_st1_b,
SATranslation/system/GG_TEXLIST_FR.PVM,y256_st2_a,
SATranslation/system/GG_TEXLIST_FR.PVM,y256_st2_b,
SATranslation/system/GG_TEXLIST_FR.PVM,y256_ta_a,
SATranslation/system/GG_TEXLIST_FR.PVM,y256_ta_b,
SATranslation/system/GG_TEXLIST_FR.PVM,y256_title,
SATranslation/system/GG_TEXLIST_FR.PVM,y256_ts_a,
SATranslation/system/GG_TEXLIST_FR.PVM,y256_ts_b,
SATranslation/system/GG_TEXLIST_FR.PVM,y8_kado,
SATranslation/system/GG_TEXLIST_FR.PVM,y256_mgt03,
SATranslation/system/GG_TEXLIST_GE.PVM,kk256_sentaku,
SATranslation/system/GG_TEXLIST_GE.PVM,y128_h02,
SATranslation/system/GG_TEXLIST_GE.PVM,y128_h03,
SATranslation/system/GG_TEXLIST_GE.PVM,y128_h04,
SATranslation/system/GG_TEXLIST_GE.PVM,y128_h05,
SATranslation/system/GG_TEXLIST_GE.PVM,y256_dm_a,
SATranslation/system/GG_TEXLIST_GE.PVM,y256_dm_b,
SATranslation/system/GG_TEXLIST_GE.PVM,y256_h01a,
SATranslation/system/GG_TEXLIST_GE.PVM,y256_h01b,
SATranslation/system/GG_TEXLIST_GE.PVM,y256_h01c,
SATranslation/system/GG_TEXLIST_GE.PVM,y256_h01d,
SATranslation/system/GG_TEXLIST_GE.PVM,y256_ita,
SATranslation/system/GG_TEXLIST_GE.PVM,y256_mgt01,
SATranslation/system/GG_TEXLIST_GE.PVM,y256_mgt02,
SATranslation/system/GG_TEXLIST_GE.PVM,y256_pad,
SATranslation/system/GG_TEXLIST_GE.PVM,y256_s_dm_a,
SATranslation/system/GG_TEXLIST_GE.PVM,y256_s_dm_b,
SATranslation/system/GG_TEXLIST_GE.PVM,y256_s_s1_a,
SATranslation/system/GG_TEXLIST_GE.PVM,y256_s_s1_b,
SATranslation/system/GG_TEXLIST_GE.PVM,y256_s_s2_a,
SATranslation/system/GG_TEXLIST_GE.PVM,y256_s_s2_b,
SATranslation/system/GG_TEXLIST_GE.PVM,y256_s_sb_a,
SATranslation/system/GG_TEXLIST_GE.PVM,y256_s_sb_b,
SATranslation/system/GG_TEXLIST_GE.PVM,y256_s_sd1_a,
SATranslation/system/GG_TEXLIST_GE.PVM,y256_s_sd1_b,
SATranslation/system/GG_TEXLIST_GE.PVM,y256_s_sd2_a,
SATranslation/system/GG_TEXLIST_GE.PVM,y256_s_sd2_b,
SATranslation/system/GG_TEXLIST_GE.PVM,y256_s_sl_a,
SATranslation/system/GG_TEXLIST_GE.PVM,y256_s_sl_b,
SATranslation/system/GG_TEXLIST_GE.PVM,y256_s_ss_a,
SATranslation/system/GG_TEXLIST_GE.PVM,y256_s_ss_b,
SATranslation/system/GG_TEXLIST_GE.PVM,y256_s_st1_a,
SATranslation/system/GG_TEXLIST_GE.PVM,y256_s_st1_b,
SATranslation/system/GG_TEXLIST_GE.PVM,y256_s_st2_a,
SATranslation/system/GG_TEXLIST_GE.PVM,y256_s_st2_b,
SATranslation/system/GG_TEXLIST_GE.PVM,y256_s_ta_a,
SATranslation/system/GG_TEXLIST_GE.PVM,y256_s_ta_b,
SATranslation/system/GG_TEXLIST_GE.PVM,y256_s_ts_a,
SATranslation/system/GG_TEXLIST_GE.PVM,y256_s_ts_b,
SATranslation/system/GG_TEXLIST_GE.PVM,y256_s1_a,
SATranslation/system/GG_TEXLIST_GE.PVM,y256_s1_b,
SATranslation/system/GG_TEXLIST_GE.PVM,y256_s2_a,
SATranslation/system/GG_TEXLIST_GE.PVM,y256_s2_b,
SATranslation/system/GG_TEXLIST_GE.PVM,y256_sb_a,
SATranslation/system/GG_TEXLIST_GE.PVM,y256_sb_b,
SATranslation/system/GG_TEXLIST_GE.PVM,y256_sd1_a,
SATranslation/system/GG_TEXLIST_GE.PVM,y256_sd1_b,
SATranslation/system/GG_TEXLIST_GE.PVM,y256_sd2_a,
SATranslation/system/GG_TEXLIST_GE.PVM,y256_sd2_b,
SATranslation/system/GG_TEXLIST_GE.PVM,y256_select,
SATranslation/system/GG_TEXLIST_GE.PVM,y256_sl_a,
SATranslation/system/GG_TEXLIST_GE.PVM,y256_sl_b,
SATranslation/system/GG_TEXLIST_GE.PVM,y256_ss_a,
SATranslation/system/GG_TEXLIST_GE.PVM,y256_ss_b,
SATranslation/system/GG_TEXLIST_GE.PVM,y256_st1_a,
SATranslation/system/GG_TEXLIST_GE.PVM,y256_st1_b,
SATranslation/system/GG_TEXLIST_GE.PVM,y256_st2_a,
SATranslation/system/GG_TEXLIST_GE.PVM,y256_st2_b,
SATranslation/system/GG_TEXLIST_GE.PVM,y256_ta_a,
SATranslation/system/GG_TEXLIST_GE.PVM,y256_ta_b,
SATranslation/system/GG_TEXLIST_GE.PVM,y256_title,
SATranslation/system/GG_TEXLIST_GE.PVM,y256_ts_a,
SATranslation/system/GG_TEXLIST_GE.PVM,y256_ts_b,
SATranslation/system/GG_TEXLIST_GE.PVM,y8_kado,
SATranslation/system/GG_TEXLIST_GE.PVM,y256_mgt03,
SATranslation/system/GG_TEXLIST_SP.PVM,kk256_sentaku,
SATranslation/system/GG_TEXLIST_SP.PVM,y128_h02,
SATranslation/system/GG_TEXLIST_SP.PVM,y128_h03,
SATranslation/system/GG_TEXLIST_SP.PVM,y128_h04,
SATranslation/system/GG_TEXLIST_SP.PVM,y128_h05,
SATranslation/system/GG_TEXLIST_SP.PVM,y256_dm_a,
SATranslation/system/GG_TEXLIST_SP.PVM,y256_dm_b,
SATranslation/system/GG_TEXLIST_SP.PVM,y256_h01a,
SATranslation/system/GG_TEXLIST_SP.PVM,y256_h01b,
SATranslation/system/GG_TEXLIST_SP.PVM,y256_h01c,
SATranslation/system/GG_TEXLIST_SP.PVM,y256_h01d,
SATranslation/system/GG_TEXLIST_SP.PVM,y256_ita,
SATranslation/system/GG_TEXLIST_SP.PVM,y256_mgt01,
SATranslation/system/GG_TEXLIST_SP.PVM,y256_mgt02,
SATranslation/system/GG_TEXLIST_SP.PVM,y256_pad,
SATranslation/system/GG_TEXLIST_SP.PVM,y256_s_dm_a,
SATranslation/system/GG_TEXLIST_SP.PVM,y256_s_dm_b,
SATranslation/system/GG_TEXLIST_SP.PVM,y256_s_s1_a,
SATranslation/system/GG_TEXLIST_SP.PVM,y256_s_s1_b,
SATranslation/system/GG_TEXLIST_SP.PVM,y256_s_s2_a,
SATranslation/system/GG_TEXLIST_SP.PVM,y256_s_s2_b,
SATranslation/system/GG_TEXLIST_SP.PVM,y256_s_sb_a,
SATranslation/system/GG_TEXLIST_SP.PVM,y256_s_sb_b,
SATranslation/system/GG_TEXLIST_SP.PVM,y256_s_sd1_a,
SATranslation/system/GG_TEXLIST_SP.PVM,y256_s_sd1_b,
SATranslation/system/GG_TEXLIST_SP.PVM,y256_s_sd2_a,
SATranslation/system/GG_TEXLIST_SP.PVM,y256_s_sd2_b,
SATranslation/system/GG_TEXLIST_SP.PVM,y256_s_sl_a,
SATranslation/system/GG_TEXLIST_SP.PVM,y256_s_sl_b,
SATranslation/system/GG_TEXLIST_SP.PVM,y256_s_ss_a,
SATranslation/system/GG_TEXLIST_SP.PVM,y256_s_ss_b,
SATranslation/system/GG_TEXLIST_SP.PVM,y256_s_st1_a,
SATranslation/system/GG_TEXLIST_SP.PVM,y256_s_st1_b,
SATranslation/system/GG_TEXLIST_SP.PVM,y256_s_st2_a,
SATranslation/system/GG_TEXLIST_SP.PVM,y256_s_st2_b,
SATranslation/system/GG_TEXLIST_SP.PVM,y256_s_ta_a,
SATranslation/system/GG_TEXLIST_SP.PVM,y256_s_ta_b,
SATranslation/system/GG_TEXLIST_SP.PVM,y256_s_ts_a,
SATranslation/system/GG_TEXLIST_SP.PVM,y256_s_ts_b,
SATranslation/system/GG_TEXLIST_SP.PVM,y256_s1_a,
SATranslation/system/GG_TEXLIST_SP.PVM,y256_s1_b,
SATranslation/system/GG_TEXLIST_SP.PVM,y256_s2_a,
SATranslation/system/GG_TEXLIST_SP.PVM,y256_s2_b,
SATranslation/system/GG_TEXLIST_SP.PVM,y256_sb_a,
SATranslation/system/GG_TEXLIST_SP.PVM,y256_sb_b,
SATranslation/system/GG_TEXLIST_SP.PVM,y256_sd1_a,
SATranslation/system/GG_TEXLIST_SP.PVM,y256_sd1_b,
SATranslation/system/GG_TEXLIST_SP.PVM,y256_sd2_a,
SATranslation/system/GG_TEXLIST_SP.PVM,y256_sd2_b,
SATranslation/system/GG_TEXLIST_SP.PVM,y256_select,
SATranslation/system/GG_TEXLIST_SP.PVM,y256_sl_a,
SATranslation/system/GG_TEXLIST_SP.PVM,y256_sl_b,
SATranslation/system/GG_TEXLIST_SP.PVM,y256_ss_a,
SATranslation/system/GG_TEXLIST_SP.PVM,y256_ss_b,
SATranslation/system/GG_TEXLIST_SP.PVM,y256_st1_a,
SATranslation/system/GG_TEXLIST_SP.PVM,y256_st1_b,
SATranslation/system/GG_TEXLIST_SP.PVM,y256_st2_a,
SATranslation/system/GG_TEXLIST_SP.PVM,y256_st2_b,
SATranslation/system/GG_TEXLIST_SP.PVM,y256_ta_a,
SATranslation/system/GG_TEXLIST_SP.PVM,y256_ta_b,
SATranslation/system/GG_TEXLIST_SP.PVM,y256_title,
SATranslation/system/GG_TEXLIST_SP.PVM,y256_ts_a,
SATranslation/system/GG_TEXLIST_SP.PVM,y256_ts_b,
SATranslation/system/GG_TEXLIST_SP.PVM,y8_kado,
SATranslation/system/GG_TEXLIST_SP.PVM,y256_mgt03,
SATranslation/system/GG_TEXLIST_US.PVM,kk256_sentaku,
SATranslation/system/GG_TEXLIST_US.PVM,y128_h02,
SATranslation/system/GG_TEXLIST_US.PVM,y128_h03,
SATranslation/system/GG_TEXLIST_US.PVM,y128_h04,
SATranslation/system/GG_TEXLIST_US.PVM,y128_h05,
SATranslation/system/GG_TEXLIST_US.PVM,y256_dm_a,
SATranslation/system/GG_TEXLIST_US.PVM,y256_dm_b,
SATranslation/system/GG_TEXLIST_US.PVM,y256_h01a,
SATranslation/system/GG_TEXLIST_US.PVM,y256_h01b,
SATranslation/system/GG_TEXLIST_US.PVM,y256_h01c,
SATranslation/system/GG_TEXLIST_US.PVM,y256_h01d,
SATranslation/system/GG_TEXLIST_US.PVM,y256_ita,
SATranslation/system/GG_TEXLIST_US.PVM,y256_mgt01,
SATranslation/system/GG_TEXLIST_US.PVM,y256_mgt02,
SATranslation/system/GG_TEXLIST_US.PVM,y256_pad,
SATranslation/system/GG_TEXLIST_US.PVM,y256_s_dm_a,
SATranslation/system/GG_TEXLIST_US.PVM,y256_s_dm_b,
SATranslation/system/GG_TEXLIST_US.PVM,y256_s_s1_a,
SATranslation/system/GG_TEXLIST_US.PVM,y256_s_s1_b,
SATranslation/system/GG_TEXLIST_US.PVM,y256_s_s2_a,
SATranslation/system/GG_TEXLIST_US.PVM,y256_s_s2_b,
SATranslation/system/GG_TEXLIST_US.PVM,y256_s_sb_a,
SATranslation/system/GG_TEXLIST_US.PVM,y256_s_sb_b,
SATranslation/system/GG_TEXLIST_US.PVM,y256_s_sd1_a,
SATranslation/system/GG_TEXLIST_US.PVM,y256_s_sd1_b,
SATranslation/system/GG_TEXLIST_US.PVM,y256_s_sd2_a,
SATranslation/system/GG_TEXLIST_US.PVM,y256_s_sd2_b,
SATranslation/system/GG_TEXLIST_US.PVM,y256_s_sl_a,
SATranslation/system/GG_TEXLIST_US.PVM,y256_s_sl_b,
SATranslation/system/GG_TEXLIST_US.PVM,y256_s_ss_a,
SATranslation/system/GG_TEXLIST_US.PVM,y256_s_ss_b,
SATranslation/system/GG_TEXLIST_US.PVM,y256_s_st1_a,
SATranslation/system/GG_TEXLIST_US.PVM,y256_s_st1_b,
SATranslation/system/GG_TEXLIST_US.PVM,y256_s_st2_a,
SATranslation/system/GG_TEXLIST_US.PVM,y256_s_st2_b,
SATranslation/system/GG_TEXLIST_US.PVM,y256_s_ta_a,
SATranslation/system/GG_TEXLIST_US.PVM,y256_s_ta_b,
SATranslation/system/GG_TEXLIST_US.PVM,y256_s_ts_a,
SATranslation/system/GG_TEXLIST_US.PVM,y256_s_ts_b,
SATranslation/system/GG_TEXLIST_US.PVM,y256_s1_a,
SATranslation/system/GG_TEXLIST_US.PVM,y256_s1_b,
SATranslation/system/GG_TEXLIST_US.PVM,y256_s2_a,
SATranslation/system/GG_TEXLIST_US.PVM,y256_s2_b,
SATranslation/system/GG_TEXLIST_US.PVM,y256_sb_a,
SATranslation/system/GG_TEXLIST_US.PVM,y256_sb_b,
SATranslation/system/GG_TEXLIST_US.PVM,y256_sd1_a,
SATranslation/system/GG_TEXLIST_US.PVM,y256_sd1_b,
SATranslation/system/GG_TEXLIST_US.PVM,y256_sd2_a,
SATranslation/system/GG_TEXLIST_US.PVM,y256_sd2_b,
SATranslation/system/GG_TEXLIST_US.PVM,y256_select,
SATranslation/system/GG_TEXLIST_US.PVM,y256_sl_a,
SATranslation/system/GG_TEXLIST_US.PVM,y256_sl_b,
SATranslation/system/GG_TEXLIST_US.PVM,y256_ss_a,
SATranslation/system/GG_TEXLIST_US.PVM,y256_ss_b,
SATranslation/system/GG_TEXLIST_US.PVM,y256_st1_a,
SATranslation/system/GG_TEXLIST_US.PVM,y256_st1_b,
SATranslation/system/GG_TEXLIST_US.PVM,y256_st2_a,
SATranslation/system/GG_TEXLIST_US.PVM,y256_st2_b,
SATranslation/system/GG_TEXLIST_US.PVM,y256_ta_a,
SATranslation/system/GG_TEXLIST_US.PVM,y256_ta_b,
SATranslation/system/GG_TEXLIST_US.PVM,y256_title,
SATranslation/system/GG_TEXLIST_US.PVM,y256_ts_a,
SATranslation/system/GG_TEXLIST_US.PVM,y256_ts_b,
SATranslation/system/GG_TEXLIST_US.PVM,y8_kado,
SATranslation/system/GG_TEXLIST_US.PVM,y256_mgt03,
SATranslation/system/GGMENU_TEXLIST.PVM,y256_ita,
SATranslation/system/GGMENU_TEXLIST.PVM,y256_p_ita,
SATranslation/system/GGMENU_TEXLIST.PVM,y256_p_kage,
SATranslation/system/GGMENU_TEXLIST.PVM,y256_p_sentaku,
SATranslation/system/GGMENU_TEXLIST.PVM,y256_pause,
SATranslation/system/GGMENU_TEXLIST.PVM,y8_kado,
SATranslation/system/GGMENU_TEXLIST_FR.PVM,y256_ita,
SATranslation/system/GGMENU_TEXLIST_FR.PVM,y256_p_ita,
SATranslation/system/GGMENU_TEXLIST_FR.PVM,y256_p_kage,
SATranslation/system/GGMENU_TEXLIST_FR.PVM,y256_p_sentaku,
SATranslation/system/GGMENU_TEXLIST_FR.PVM,y256_pause,
SATranslation/system/GGMENU_TEXLIST_FR.PVM,y8_kado,
SATranslation/system/GGMENU_TEXLIST_GE.PVM,y256_ita,
SATranslation/system/GGMENU_TEXLIST_GE.PVM,y256_p_ita,
SATranslation/system/GGMENU_TEXLIST_GE.PVM,y256_p_kage,
SATranslation/system/GGMENU_TEXLIST_GE.PVM,y256_p_sentaku,
SATranslation/system/GGMENU_TEXLIST_GE.PVM,y256_pause,
SATranslation/system/GGMENU_TEXLIST_GE.PVM,y8_kado,
SATranslation/system/GGMENU_TEXLIST_SP.PVM,y256_ita,
SATranslation/system/GGMENU_TEXLIST_SP.PVM,y256_p_ita,
SATranslation/system/GGMENU_TEXLIST_SP.PVM,y256_p_kage,
SATranslation/system/GGMENU_TEXLIST_SP.PVM,y256_p_sentaku,
SATranslation/system/GGMENU_TEXLIST_SP.PVM,y256_pause,
SATranslation/system/GGMENU_TEXLIST_SP.PVM,y8_kado,
SATranslation/system/GGMENU_TEXLIST_US.PVM,y256_ita,
SATranslation/system/GGMENU_TEXLIST_US.PVM,y256_p_ita,
SATranslation/system/GGMENU_TEXLIST_US.PVM,y256_p_kage,
SATranslation/system/GGMENU_TEXLIST_US.PVM,y256_p_sentaku,
SATranslation/system/GGMENU_TEXLIST_US.PVM,y256_pause,
SATranslation/system/GGMENU_TEXLIST_US.PVM,y8_kado,
SATranslation/system/GOMA.PVM,goma_kao,
SATranslation/system/GOMA.PVM,goma_parts,
SATranslation/system/GOMA.PVM,goma_yoko,
SATranslation/system/GORI.PVM,gori_te,
SATranslation/system/GORI.PVM,gori_kao,
SATranslation/system/GR1_MODEL.PVM,611030,
SATranslation/system/GR1_MODEL.PVM,611031,
SATranslation/system/GR1_MODEL.PVM,611029,
SATranslation/system/GR1_MODEL.PVM,611028,
SATranslation/system/GR1_MODEL.PVM,611027,
SATranslation/system/GR1_MODEL.PVM,611026,
SATranslation/system/GR1_MODEL.PVM,611025,
SATranslation/system/GR1_MODEL.PVM,kao,
SATranslation/system/GR_10000_GIRL1.PVM,611025,
SATranslation/system/GR_10000_GIRL1.PVM,611026,
SATranslation/system/GR_10000_GIRL1.PVM,611030,
SATranslation/system/GR_10000_GIRL1.PVM,611027,
SATranslation/system/GR_10000_GIRL1.PVM,611028,
SATranslation/system/GR_10000_GIRL1.PVM,611029,
SATranslation/system/GR_10000_GIRL1.PVM,611031,
SATranslation/system/HAMMER.PVM,f_hh05,
SATranslation/system/HAMMER.PVM,f_hh01,
SATranslation/system/HAMMER.PVM,f_hh02,
SATranslation/system/HAMMER.PVM,sakana_meta,
SATranslation/system/HAMMER.PVM,f_hh04,
SATranslation/system/HAMMER.PVM,f_hh03,
SATranslation/system/HAMMER.PVM,f_tai05,
SATranslation/system/HIGHWAY01.PVM,ama_hw001,
SATranslation/system/HIGHWAY01.PVM,ama_hw004,
SATranslation/system/HIGHWAY01.PVM,ama_hw005,
SATranslation/system/HIGHWAY01.PVM,ama_hw006,
SATranslation/system/HIGHWAY01.PVM,ama_hw007,
SATranslation/system/HIGHWAY01.PVM,ama_hw008,
SATranslation/system/HIGHWAY01.PVM,fentx04,
SATranslation/system/HIGHWAY01.PVM,port01,
SATranslation/system/HIGHWAY01.PVM,porttx01,
SATranslation/system/HIGHWAY01.PVM,ref_crome,
SATranslation/system/HIGHWAY01.PVM,s_w18,
SATranslation/system/HIGHWAY01.PVM,s_w19,
SATranslation/system/HIGHWAY01.PVM,s_w28,
SATranslation/system/HIGHWAY01.PVM,s_w38,
SATranslation/system/HIGHWAY01.PVM,s_w63,
SATranslation/system/HIGHWAY01.PVM,st1_11,
SATranslation/system/HIGHWAY01.PVM,st1_12,
SATranslation/system/HIGHWAY01.PVM,st1_13,
SATranslation/system/HIGHWAY01.PVM,st1_14,
SATranslation/system/HIGHWAY01.PVM,st1_14oda,
SATranslation/system/HIGHWAY01.PVM,st1_15,
SATranslation/system/HIGHWAY01.PVM,st1_16,
SATranslation/system/HIGHWAY01.PVM,st1_17,
SATranslation/system/HIGHWAY01.PVM,st1_18,
SATranslation/system/HIGHWAY01.PVM,st1_19,
SATranslation/system/HIGHWAY01.PVM,st1_20,
SATranslation/system/HIGHWAY01.PVM,st1_21,
SATranslation/system/HIGHWAY01.PVM,st1_24,
SATranslation/system/HIGHWAY01.PVM,st1_25,
SATranslation/system/HIGHWAY01.PVM,st1_26,
SATranslation/system/HIGHWAY01.PVM,st1_27,
SATranslation/system/HIGHWAY01.PVM,st1_28,
SATranslation/system/HIGHWAY01.PVM,st1_29,
SATranslation/system/HIGHWAY01.PVM,st1_30,
SATranslation/system/HIGHWAY01.PVM,st1_32,
SATranslation/system/HIGHWAY01.PVM,st1_33,
SATranslation/system/HIGHWAY01.PVM,st1_35,
SATranslation/system/HIGHWAY01.PVM,st1_36,
SATranslation/system/HIGHWAY01.PVM,st1_37,
SATranslation/system/HIGHWAY01.PVM,st1_39,
SATranslation/system/HIGHWAY01.PVM,st1_40,
SATranslation/system/HIGHWAY01.PVM,st1_41,
SATranslation/system/HIGHWAY01.PVM,st1_44,
SATranslation/system/HIGHWAY01.PVM,st1_45,
SATranslation/system/HIGHWAY01.PVM,st1_47,
SATranslation/system/HIGHWAY01.PVM,st1_48,
SATranslation/system/HIGHWAY01.PVM,st1_e1,
SATranslation/system/HIGHWAY01.PVM,st2_12,
SATranslation/system/HIGHWAY01.PVM,st2_14,
SATranslation/system/HIGHWAY01.PVM,st2_26,
SATranslation/system/HIGHWAY01.PVM,st2_27,
SATranslation/system/HIGHWAY01.PVM,st2_28,
SATranslation/system/HIGHWAY01.PVM,st2_31,
SATranslation/system/HIGHWAY01.PVM,st2_33,
SATranslation/system/HIGHWAY01.PVM,st2_35,
SATranslation/system/HIGHWAY01.PVM,st2_36,
SATranslation/system/HIGHWAY01.PVM,st2_5,
SATranslation/system/HIGHWAY01.PVM,st2_9,
SATranslation/system/HIGHWAY01.PVM,st3_100,
SATranslation/system/HIGHWAY01.PVM,st3_101,
SATranslation/system/HIGHWAY01.PVM,st3_11,
SATranslation/system/HIGHWAY01.PVM,st3_13,
SATranslation/system/HIGHWAY01.PVM,st3_14,
SATranslation/system/HIGHWAY01.PVM,st3_15,
SATranslation/system/HIGHWAY01.PVM,st3_18,
SATranslation/system/HIGHWAY01.PVM,st3_23,
SATranslation/system/HIGHWAY01.PVM,st3_26,
SATranslation/system/HIGHWAY01.PVM,st3_27,
SATranslation/system/HIGHWAY01.PVM,st3_28,
SATranslation/system/HIGHWAY01.PVM,st3_34,
SATranslation/system/HIGHWAY01.PVM,st3_35,
SATranslation/system/HIGHWAY01.PVM,st3_49,
SATranslation/system/HIGHWAY01.PVM,st3_51,
SATranslation/system/HIGHWAY01.PVM,st3_56,
SATranslation/system/HIGHWAY01.PVM,st3_77,
SATranslation/system/HIGHWAY01.PVM,st3_80,
SATranslation/system/HIGHWAY01.PVM,st3_82,
SATranslation/system/HIGHWAY01.PVM,st3_83,
SATranslation/system/HIGHWAY01.PVM,st3_85,
SATranslation/system/HIGHWAY01.PVM,st3_88,
SATranslation/system/HIGHWAY01.PVM,st3_89,
SATranslation/system/HIGHWAY01.PVM,st3_9,
SATranslation/system/HIGHWAY01.PVM,st3_90,
SATranslation/system/HIGHWAY01.PVM,st3_94,
SATranslation/system/HIGHWAY01.PVM,st3_96,
SATranslation/system/HIGHWAY01.PVM,st3_97,
SATranslation/system/HIGHWAY01.PVM,window10,
SATranslation/system/HIGHWAY01.PVM,window9,
SATranslation/system/HIGHWAY01.PVM,st3_91,
SATranslation/system/HIGHWAY02.PVM,s_w18,
SATranslation/system/HIGHWAY02.PVM,st1_39,
SATranslation/system/HIGHWAY02.PVM,st1_45,
SATranslation/system/HIGHWAY02.PVM,st2_10,
SATranslation/system/HIGHWAY02.PVM,st2_11,
SATranslation/system/HIGHWAY02.PVM,st2_12,
SATranslation/system/HIGHWAY02.PVM,st2_14,
SATranslation/system/HIGHWAY02.PVM,st2_22,
SATranslation/system/HIGHWAY02.PVM,st2_24,
SATranslation/system/HIGHWAY02.PVM,st2_25,
SATranslation/system/HIGHWAY02.PVM,st2_26,
SATranslation/system/HIGHWAY02.PVM,st2_27,
SATranslation/system/HIGHWAY02.PVM,st2_31,
SATranslation/system/HIGHWAY02.PVM,st2_32,
SATranslation/system/HIGHWAY02.PVM,st2_33,
SATranslation/system/HIGHWAY02.PVM,st2_34,
SATranslation/system/HIGHWAY02.PVM,st2_35,
SATranslation/system/HIGHWAY02.PVM,st2_9,
SATranslation/system/HIGHWAY02.PVM,st3_10,
SATranslation/system/HIGHWAY02.PVM,st3_101,
SATranslation/system/HIGHWAY02.PVM,st3_23,
SATranslation/system/HIGHWAY02.PVM,st3_28,
SATranslation/system/HIGHWAY02.PVM,st3_49,
SATranslation/system/HIGHWAY02.PVM,st3_51,
SATranslation/system/HIGHWAY02.PVM,st3_66,
SATranslation/system/HIGHWAY02.PVM,st3_77,
SATranslation/system/HIGHWAY02.PVM,st3_88,
SATranslation/system/HIGHWAY02.PVM,st3_91,
SATranslation/system/HIGHWAY02.PVM,st3_96,
SATranslation/system/HIGHWAY02.PVM,st1_e1,
SATranslation/system/HIGHWAY03.PVM,oda01,
SATranslation/system/HIGHWAY03.PVM,oda02,
SATranslation/system/HIGHWAY03.PVM,oda03,
SATranslation/system/HIGHWAY03.PVM,oda04,
SATranslation/system/HIGHWAY03.PVM,oda05,
SATranslation/system/HIGHWAY03.PVM,oda06,
SATranslation/system/HIGHWAY03.PVM,oda_sh_kabe20,
SATranslation/system/HIGHWAY03.PVM,oda_sh_tex04,
SATranslation/system/HIGHWAY03.PVM,oda_sh_yane01,
SATranslation/system/HIGHWAY03.PVM,s_g25,
SATranslation/system/HIGHWAY03.PVM,s_w18,
SATranslation/system/HIGHWAY03.PVM,s_w19,
SATranslation/system/HIGHWAY03.PVM,s_w28,
SATranslation/system/HIGHWAY03.PVM,s_w36,
SATranslation/system/HIGHWAY03.PVM,s_w37,
SATranslation/system/HIGHWAY03.PVM,s_w38,
SATranslation/system/HIGHWAY03.PVM,sh_oda_07,
SATranslation/system/HIGHWAY03.PVM,sh_oda_08,
SATranslation/system/HIGHWAY03.PVM,st1_1,
SATranslation/system/HIGHWAY03.PVM,st1_2,
SATranslation/system/HIGHWAY03.PVM,st1_35,
SATranslation/system/HIGHWAY03.PVM,st1_5,
SATranslation/system/HIGHWAY03.PVM,st1_6,
SATranslation/system/HIGHWAY03.PVM,st1_7,
SATranslation/system/HIGHWAY03.PVM,st1_8,
SATranslation/system/HIGHWAY03.PVM,st2_14,
SATranslation/system/HIGHWAY03.PVM,st2_25,
SATranslation/system/HIGHWAY03.PVM,st2_26,
SATranslation/system/HIGHWAY03.PVM,st2_27,
SATranslation/system/HIGHWAY03.PVM,st3_10,
SATranslation/system/HIGHWAY03.PVM,st3_100,
SATranslation/system/HIGHWAY03.PVM,st3_100oda,
SATranslation/system/HIGHWAY03.PVM,st3_101,
SATranslation/system/HIGHWAY03.PVM,st3_107,
SATranslation/system/HIGHWAY03.PVM,st3_108,
SATranslation/system/HIGHWAY03.PVM,st3_109,
SATranslation/system/HIGHWAY03.PVM,st3_11,
SATranslation/system/HIGHWAY03.PVM,st3_110,
SATranslation/system/HIGHWAY03.PVM,st3_12,
SATranslation/system/HIGHWAY03.PVM,st3_13,
SATranslation/system/HIGHWAY03.PVM,st3_14,
SATranslation/system/HIGHWAY03.PVM,st3_15,
SATranslation/system/HIGHWAY03.PVM,st3_19,
SATranslation/system/HIGHWAY03.PVM,st3_23,
SATranslation/system/HIGHWAY03.PVM,st3_25,
SATranslation/system/HIGHWAY03.PVM,st3_26,
SATranslation/system/HIGHWAY03.PVM,st3_27,
SATranslation/system/HIGHWAY03.PVM,st3_3,
SATranslation/system/HIGHWAY03.PVM,st3_4,
SATranslation/system/HIGHWAY03.PVM,st3_43,
SATranslation/system/HIGHWAY03.PVM,st3_44,
SATranslation/system/HIGHWAY03.PVM,st3_45,
SATranslation/system/HIGHWAY03.PVM,st3_46,
SATranslation/system/HIGHWAY03.PVM,st3_48,
SATranslation/system/HIGHWAY03.PVM,st3_49,
SATranslation/system/HIGHWAY03.PVM,st3_50,
SATranslation/system/HIGHWAY03.PVM,st3_51,
SATranslation/system/HIGHWAY03.PVM,st3_55,
SATranslation/system/HIGHWAY03.PVM,st3_56,
SATranslation/system/HIGHWAY03.PVM,st3_59,
SATranslation/system/HIGHWAY03.PVM,st3_60,
SATranslation/system/HIGHWAY03.PVM,st3_62,
SATranslation/system/HIGHWAY03.PVM,st3_63,
SATranslation/system/HIGHWAY03.PVM,st3_64,
SATranslation/system/HIGHWAY03.PVM,st3_68,
SATranslation/system/HIGHWAY03.PVM,st3_69,
SATranslation/system/HIGHWAY03.PVM,st3_7,
SATranslation/system/HIGHWAY03.PVM,st3_71,
SATranslation/system/HIGHWAY03.PVM,st3_74,
SATranslation/system/HIGHWAY03.PVM,st3_76,
SATranslation/system/HIGHWAY03.PVM,st3_77,
SATranslation/system/HIGHWAY03.PVM,st3_79,
SATranslation/system/HIGHWAY03.PVM,st3_80,
SATranslation/system/HIGHWAY03.PVM,st3_82,
SATranslation/system/HIGHWAY03.PVM,st3_86,
SATranslation/system/HIGHWAY03.PVM,st3_88,
SATranslation/system/HIGHWAY03.PVM,st3_89,
SATranslation/system/HIGHWAY03.PVM,st3_9,
SATranslation/system/HIGHWAY03.PVM,st3_90,
SATranslation/system/HIGHWAY03.PVM,st3_91,
SATranslation/system/HIGHWAY03.PVM,st3_92,
SATranslation/system/HIGHWAY03.PVM,st3_94,
SATranslation/system/HIGHWAY03.PVM,st3_96,
SATranslation/system/HIGHWAY03.PVM,st3_97,
SATranslation/system/HIGHWAY03.PVM,st3_98,
SATranslation/system/HIGHWAY03.PVM,st3_99,
SATranslation/system/HIGHWAY03.PVM,st_e3,
SATranslation/system/HIGHWAY03.PVM,w4,
SATranslation/system/HIGHWAY03.PVM,w5,
SATranslation/system/HIGHWAY03.PVM,hunsui00,
SATranslation/system/HIGHWAY03.PVM,hunsui01,
SATranslation/system/HIGHWAY03.PVM,hunsui02,
SATranslation/system/HIGHWAY03.PVM,hunsui03,
SATranslation/system/HIGHWAY03.PVM,hunsui04,
SATranslation/system/HIGHWAY03.PVM,hunsui05,
SATranslation/system/HIGHWAY03.PVM,hunsui06,
SATranslation/system/HIGHWAY03.PVM,hunsui07,
SATranslation/system/HIGHWAY03.PVM,hunsui08,
SATranslation/system/HIGHWAY03.PVM,hunsui09,
SATranslation/system/HIGHWAY03.PVM,hunsui10,
SATranslation/system/HIGHWAY03.PVM,hunsui11,
SATranslation/system/HIGHWAY03.PVM,hunsui12,
SATranslation/system/HIGHWAY03.PVM,hunsui13,
SATranslation/system/HIGHWAY03.PVM,hunsui14,
SATranslation/system/HIGHWAY03.PVM,hunsui15,
SATranslation/system/HIGHWAY_CAR.PVM,cone05,
SATranslation/system/HIGHWAY_CAR.PVM,front_g,DE
SATranslation/system/HIGHWAY_CAR.PVM,light0,
SATranslation/system/HIGHWAY_CAR.PVM,light1,
SATranslation/system/HIGHWAY_CAR.PVM,light2,
SATranslation/system/HIGHWAY_CAR.PVM,ref_black,
SATranslation/system/HIGHWAY_CAR.PVM,ref_crome,
SATranslation/system/HIGHWAY_CAR.PVM,ref_lblue,
SATranslation/system/HIGHWAY_CAR.PVM,ref_red,
SATranslation/system/HIGHWAY_CAR.PVM,ref_white,
SATranslation/system/HIGHWAY_CAR.PVM,ref_yellow,
SATranslation/system/HIGHWAY_CAR.PVM,streetsky,
SATranslation/system/HIGHWAY_CAR.PVM,tirepattern,
SATranslation/system/HIGHWAY_CAR.PVM,tyre_all,
SATranslation/system/HIGHWAY_CAR.PVM,tyre,
SATranslation/system/HIGHWAY_CAR.PVM,ama_hw010,
SATranslation/system/HIGHWAY_CAR.PVM,ref_car,
SATranslation/system/HIGHWAY_CAR.PVM,sh_wagon01,
SATranslation/system/HIGHWAY_CAR.PVM,sh_mini01,
SATranslation/system/HIGHWAY_CAR.PVM,sh_tomy01,
SATranslation/system/HINT.PVM,tical01,
SATranslation/system/HINT.PVM,tical02,
SATranslation/system/HINT.PVM,tical03,
SATranslation/system/HINT.PVM,tical04,
SATranslation/system/HINT.PVM,tical05,
SATranslation/system/HINT.PVM,tical06,
SATranslation/system/HINT.PVM,tical07,
SATranslation/system/HINT.PVM,tical08,
SATranslation/system/HINT.PVM,tical_l,
SATranslation/system/HOT_E105.PVM,05tx_h02,
SATranslation/system/HOT_E105.PVM,05tx_a02,
SATranslation/system/HOT_E105.PVM,05tx_a03,
SATranslation/system/HOT_E105.PVM,05tx_a04,
SATranslation/system/HOT_E105.PVM,05tx_a05,
SATranslation/system/HOT_E105.PVM,05tx_a06,
SATranslation/system/HOT_E105.PVM,05tx_b01,
SATranslation/system/HOT_E105.PVM,05tx_b02,
SATranslation/system/HOT_E105.PVM,05tx_b03,
SATranslation/system/HOT_E105.PVM,05tx_c01,
SATranslation/system/HOT_E105.PVM,05tx_c02,
SATranslation/system/HOT_E105.PVM,05tx_c03,
SATranslation/system/HOT_E105.PVM,05tx_d01,
SATranslation/system/HOT_E105.PVM,05tx_d02,
SATranslation/system/HOT_E105.PVM,05tx_d03,
SATranslation/system/HOT_E105.PVM,05tx_d04,
SATranslation/system/HOT_E105.PVM,05tx_d05,
SATranslation/system/HOT_E105.PVM,05tx_d06,
SATranslation/system/HOT_E105.PVM,05tx_e01,
SATranslation/system/HOT_E105.PVM,05tx_h01,
SATranslation/system/HOT_E105.PVM,05tx_a01,
SATranslation/system/HOT_E105.PVM,05tx_k01,
SATranslation/system/HOT_E105.PVM,05tx_m04,
SATranslation/system/HOT_E105.PVM,05tx_m01,
SATranslation/system/HOT_E105.PVM,05tx_m02,
SATranslation/system/HOT_E105.PVM,05tx_m03,
SATranslation/system/HOT_E105.PVM,05tx_m05,
SATranslation/system/HOTSHELTER0.PVM,ai128gear1h,
SATranslation/system/HOTSHELTER0.PVM,ai128wc_kk1h,
SATranslation/system/HOTSHELTER0.PVM,ai32mizoru1h,
SATranslation/system/HOTSHELTER0.PVM,ai64gear3h,
SATranslation/system/HOTSHELTER0.PVM,ai64jiku1h,
SATranslation/system/HOTSHELTER0.PVM,ai64rkai2h,
SATranslation/system/HOTSHELTER0.PVM,ai64wc_tobira1h,
SATranslation/system/HOTSHELTER0.PVM,ai64wc_tobira3h,
SATranslation/system/HOTSHELTER0.PVM,ai64yuka2h,
SATranslation/system/HOTSHELTER0.PVM,ai64yuka3h,
SATranslation/system/HOTSHELTER0.PVM,d128grass1alha,
SATranslation/system/HOTSHELTER0.PVM,d128kikai1h,
SATranslation/system/HOTSHELTER0.PVM,d128yuka3h,
SATranslation/system/HOTSHELTER0.PVM,d16door2h,
SATranslation/system/HOTSHELTER0.PVM,d16hikari2alfa_h,
SATranslation/system/HOTSHELTER0.PVM,d16kaiten1h,
SATranslation/system/HOTSHELTER0.PVM,d32grass2alha,
SATranslation/system/HOTSHELTER0.PVM,d32tecyu1h,
SATranslation/system/HOTSHELTER0.PVM,d32tunagi4h,
SATranslation/system/HOTSHELTER0.PVM,d32yuka11h,
SATranslation/system/HOTSHELTER0.PVM,d64gom1h,
SATranslation/system/HOTSHELTER0.PVM,d64hikari1alfa_h,
SATranslation/system/HOTSHELTER0.PVM,d64pipe1h,
SATranslation/system/HOTSHELTER0.PVM,d64tetu1h,
SATranslation/system/HOTSHELTER0.PVM,d64tunagi1h,
SATranslation/system/HOTSHELTER0.PVM,d64tunagi3h,
SATranslation/system/HOTSHELTER0.PVM,d8azule_h,
SATranslation/system/HOTSHELTER0.PVM,d8hyouji_green,
SATranslation/system/HOTSHELTER0.PVM,d8hyouji_red,
SATranslation/system/HOTSHELTER0.PVM,eq128cncle01,
SATranslation/system/HOTSHELTER0.PVM,eq128crgamb01,
SATranslation/system/HOTSHELTER0.PVM,eq128excont03,
SATranslation/system/HOTSHELTER0.PVM,eq128ggrip,
SATranslation/system/HOTSHELTER0.PVM,eq128hoobgum01,
SATranslation/system/HOTSHELTER0.PVM,eq128meca01,
SATranslation/system/HOTSHELTER0.PVM,eq128mtlblt01,
SATranslation/system/HOTSHELTER0.PVM,eq128redtile05,
SATranslation/system/HOTSHELTER0.PVM,eq128redwall01,
SATranslation/system/HOTSHELTER0.PVM,eq128tnnlwall01,
SATranslation/system/HOTSHELTER0.PVM,eq128tnnlwall02,
SATranslation/system/HOTSHELTER0.PVM,eq128wood03,
SATranslation/system/HOTSHELTER0.PVM,eq16ana01,
SATranslation/system/HOTSHELTER0.PVM,eq16kabelight02,
SATranslation/system/HOTSHELTER0.PVM,eq32lightbl01,
SATranslation/system/HOTSHELTER0.PVM,eq32pipeorng01,
SATranslation/system/HOTSHELTER0.PVM,eq32tnnlwall01,
SATranslation/system/HOTSHELTER0.PVM,eq64ahsr01,
SATranslation/system/HOTSHELTER0.PVM,eq64blutile01,
SATranslation/system/HOTSHELTER0.PVM,eq64catap01,
SATranslation/system/HOTSHELTER0.PVM,eq64crggl01,
SATranslation/system/HOTSHELTER0.PVM,eq64crggl02,
SATranslation/system/HOTSHELTER0.PVM,eq64crgy01,
SATranslation/system/HOTSHELTER0.PVM,eq64crgy04,
SATranslation/system/HOTSHELTER0.PVM,eq64crgy05,
SATranslation/system/HOTSHELTER0.PVM,eq64glihgt01,
SATranslation/system/HOTSHELTER0.PVM,eq64glyplt02,
SATranslation/system/HOTSHELTER0.PVM,eq64grd01,
SATranslation/system/HOTSHELTER0.PVM,eq64koji01,
SATranslation/system/HOTSHELTER0.PVM,eq64orng,
SATranslation/system/HOTSHELTER0.PVM,eq64rail01,
SATranslation/system/HOTSHELTER0.PVM,eq64recargo01,
SATranslation/system/HOTSHELTER0.PVM,eq64recargo02,
SATranslation/system/HOTSHELTER0.PVM,eq64recargo03,
SATranslation/system/HOTSHELTER0.PVM,eq64rens02,
SATranslation/system/HOTSHELTER0.PVM,eq64rens03,
SATranslation/system/HOTSHELTER0.PVM,eq64smki01,
SATranslation/system/HOTSHELTER0.PVM,eq64tainetu02,
SATranslation/system/HOTSHELTER0.PVM,eq64tnnlwall01,
SATranslation/system/HOTSHELTER0.PVM,tm126yel01,
SATranslation/system/HOTSHELTER0.PVM,tm128pipeg,
SATranslation/system/HOTSHELTER0.PVM,tm128ygrip,
SATranslation/system/HOTSHELTER0.PVM,tm16yew1,
SATranslation/system/HOTSHELTER0.PVM,tm32ami7_al,
SATranslation/system/HOTSHELTER0.PVM,tm32bk01,
SATranslation/system/HOTSHELTER0.PVM,tm32bkbk,
SATranslation/system/HOTSHELTER0.PVM,tm32blakx,
SATranslation/system/HOTSHELTER0.PVM,tm32dac01,
SATranslation/system/HOTSHELTER0.PVM,tm32gin01,
SATranslation/system/HOTSHELTER0.PVM,tm32gr2x,
SATranslation/system/HOTSHELTER0.PVM,tm32gtop,
SATranslation/system/HOTSHELTER0.PVM,tm32hasirs,
SATranslation/system/HOTSHELTER0.PVM,tm32kikag,
SATranslation/system/HOTSHELTER0.PVM,tm32kou1,
SATranslation/system/HOTSHELTER0.PVM,tm32kyf,
SATranslation/system/HOTSHELTER0.PVM,tm32ligyy,
SATranslation/system/HOTSHELTER0.PVM,tm32line,
SATranslation/system/HOTSHELTER0.PVM,tm32mar,
SATranslation/system/HOTSHELTER0.PVM,tm32ohy,
SATranslation/system/HOTSHELTER0.PVM,tm32pligg,
SATranslation/system/HOTSHELTER0.PVM,tm32sya,
SATranslation/system/HOTSHELTER0.PVM,tm32yekai,
SATranslation/system/HOTSHELTER0.PVM,tm32yelamp,
SATranslation/system/HOTSHELTER0.PVM,tm32yelbb,
SATranslation/system/HOTSHELTER0.PVM,tm32yukli,
SATranslation/system/HOTSHELTER0.PVM,tm54dd01,
SATranslation/system/HOTSHELTER0.PVM,tm64bkggz,
SATranslation/system/HOTSHELTER0.PVM,tm64boxerd,
SATranslation/system/HOTSHELTER0.PVM,tm64egg2_al,
SATranslation/system/HOTSHELTER0.PVM,tm64ent01,
SATranslation/system/HOTSHELTER0.PVM,tm64ent02,
SATranslation/system/HOTSHELTER0.PVM,tm64gom01,
SATranslation/system/HOTSHELTER0.PVM,tm64hami_ah,
SATranslation/system/HOTSHELTER0.PVM,tm64kai,
SATranslation/system/HOTSHELTER0.PVM,tm64linexc,
SATranslation/system/HOTSHELTER0.PVM,tm64monib,
SATranslation/system/HOTSHELTER0.PVM,tm64objgr2x,
SATranslation/system/HOTSHELTER0.PVM,tm64tuika01,
SATranslation/system/HOTSHELTER0.PVM,tm64waw,
SATranslation/system/HOTSHELTER0.PVM,tm64wawg,
SATranslation/system/HOTSHELTER0.PVM,tm64ye02,
SATranslation/system/HOTSHELTER0.PVM,tm64yel2p,
SATranslation/system/HOTSHELTER0.PVM,tm64yelw,
SATranslation/system/HOTSHELTER0.PVM,tm64yewss,
SATranslation/system/HOTSHELTER0.PVM,tm64yewss2,
SATranslation/system/HOTSHELTER0.PVM,tm8bk01,
SATranslation/system/HOTSHELTER0.PVM,tm8bk02,
SATranslation/system/HOTSHELTER0.PVM,tm8bkline,
SATranslation/system/HOTSHELTER0.PVM,ai32ma1h,
SATranslation/system/HOTSHELTER0.PVM,ai32ma2h,
SATranslation/system/HOTSHELTER0.PVM,ai64e_doa1h,
SATranslation/system/HOTSHELTER1.PVM,ai32mizoru1h,
SATranslation/system/HOTSHELTER1.PVM,ai64rkai2h,
SATranslation/system/HOTSHELTER1.PVM,d128grass1alha,
SATranslation/system/HOTSHELTER1.PVM,d128kabe11h,
SATranslation/system/HOTSHELTER1.PVM,d128kabe12hb,
SATranslation/system/HOTSHELTER1.PVM,d128kabe13hb,
SATranslation/system/HOTSHELTER1.PVM,d128kabe14h,
SATranslation/system/HOTSHELTER1.PVM,d128kabe15h,
SATranslation/system/HOTSHELTER1.PVM,d128kabe16h,
SATranslation/system/HOTSHELTER1.PVM,d128kabe17h,
SATranslation/system/HOTSHELTER1.PVM,d128kabe18h,
SATranslation/system/HOTSHELTER1.PVM,d128kabe1h,
SATranslation/system/HOTSHELTER1.PVM,d128kabe2h,
SATranslation/system/HOTSHELTER1.PVM,d128kabe4h,
SATranslation/system/HOTSHELTER1.PVM,d128kabe5h,
SATranslation/system/HOTSHELTER1.PVM,d128kabe6h,
SATranslation/system/HOTSHELTER1.PVM,d128kabe8h,
SATranslation/system/HOTSHELTER1.PVM,d128kabe9h,
SATranslation/system/HOTSHELTER1.PVM,d128kikai1h,
SATranslation/system/HOTSHELTER1.PVM,d128line_kabe,
SATranslation/system/HOTSHELTER1.PVM,d128suisou1h,
SATranslation/system/HOTSHELTER1.PVM,d128suisou1heggman,
SATranslation/system/HOTSHELTER1.PVM,d128suisou2h,
SATranslation/system/HOTSHELTER1.PVM,d128tenjo3h,
SATranslation/system/HOTSHELTER1.PVM,d128yuka3h,
SATranslation/system/HOTSHELTER1.PVM,d128yuka8h,
SATranslation/system/HOTSHELTER1.PVM,d256_wall,
SATranslation/system/HOTSHELTER1.PVM,d32dairi2h,
SATranslation/system/HOTSHELTER1.PVM,d32gate1h,
SATranslation/system/HOTSHELTER1.PVM,d32kabe7h,
SATranslation/system/HOTSHELTER1.PVM,d32keikou1h,
SATranslation/system/HOTSHELTER1.PVM,d32plate1h,
SATranslation/system/HOTSHELTER1.PVM,d32tecyu1h,
SATranslation/system/HOTSHELTER1.PVM,d32tunagi4h02,
SATranslation/system/HOTSHELTER1.PVM,d32tunagi4h03,
SATranslation/system/HOTSHELTER1.PVM,d32yuka11h,
SATranslation/system/HOTSHELTER1.PVM,d64dairi1h,
SATranslation/system/HOTSHELTER1.PVM,d64light1h,
SATranslation/system/HOTSHELTER1.PVM,d64pipe1h,
SATranslation/system/HOTSHELTER1.PVM,d64tenjo1h,
SATranslation/system/HOTSHELTER1.PVM,d64tenjo2h,
SATranslation/system/HOTSHELTER1.PVM,d64tenjo4h,
SATranslation/system/HOTSHELTER1.PVM,d64tetu1hb,
SATranslation/system/HOTSHELTER1.PVM,d64tunagi2h,
SATranslation/system/HOTSHELTER1.PVM,d64tunagi3h,
SATranslation/system/HOTSHELTER1.PVM,d64tyouzou1dai,
SATranslation/system/HOTSHELTER1.PVM,d64yuka7h,
SATranslation/system/HOTSHELTER1.PVM,eq128cncle09,
SATranslation/system/HOTSHELTER1.PVM,eq128cncle11,
SATranslation/system/HOTSHELTER1.PVM,eq128cncle13,
SATranslation/system/HOTSHELTER1.PVM,eq128ggrip,
SATranslation/system/HOTSHELTER1.PVM,eq128redwall01,
SATranslation/system/HOTSHELTER1.PVM,eq64koji01,
SATranslation/system/HOTSHELTER1.PVM,eq64tainetu01,
SATranslation/system/HOTSHELTER1.PVM,m256_tp3_001,
SATranslation/system/HOTSHELTER1.PVM,tm32line,
SATranslation/system/HOTSHELTER1.PVM,tm64haf,
SATranslation/system/HOTSHELTER1.PVM,tm64hami_ah,
SATranslation/system/HOTSHELTER1.PVM,tm64kai,
SATranslation/system/HOTSHELTER1.PVM,tm64re_ap,
SATranslation/system/HOTSHELTER1.PVM,tm64sider2,
SATranslation/system/HOTSHELTER1.PVM,tm64ye02,
SATranslation/system/HOTSHELTER1.PVM,tm64yel2p,
SATranslation/system/HOTSHELTER1.PVM,tm8bk01,
SATranslation/system/HOTSHELTER1.PVM,ym32_tunagi,
SATranslation/system/HOTSHELTER1.PVM,tm32pin,
SATranslation/system/HOTSHELTER1.PVM,d128_takifront,
SATranslation/system/HOTSHELTER1.PVM,d64_column01,
SATranslation/system/HOTSHELTER1.PVM,d64_taki_side,
SATranslation/system/HOTSHELTER2.PVM,ai128wc_kk1h,
SATranslation/system/HOTSHELTER2.PVM,ai16pp1h,
SATranslation/system/HOTSHELTER2.PVM,ai256g_kankyo5h,
SATranslation/system/HOTSHELTER2.PVM,ai32mizoru1h,
SATranslation/system/HOTSHELTER2.PVM,ai64door1h,
SATranslation/system/HOTSHELTER2.PVM,ai64gear3h,
SATranslation/system/HOTSHELTER2.PVM,ai64rkai2h,
SATranslation/system/HOTSHELTER2.PVM,ai64saku1h,
SATranslation/system/HOTSHELTER2.PVM,ai64tecyu1h,
SATranslation/system/HOTSHELTER2.PVM,ai64water1h,
SATranslation/system/HOTSHELTER2.PVM,ai64wcmizo1h,
SATranslation/system/HOTSHELTER2.PVM,ai64wcmizo2h,
SATranslation/system/HOTSHELTER2.PVM,ai8paper1h,
SATranslation/system/HOTSHELTER2.PVM,d128grass1alha,
SATranslation/system/HOTSHELTER2.PVM,d128kabe13h,
SATranslation/system/HOTSHELTER2.PVM,d128kabe9h,
SATranslation/system/HOTSHELTER2.PVM,d128kikai1h,
SATranslation/system/HOTSHELTER2.PVM,d128yuka3h,
SATranslation/system/HOTSHELTER2.PVM,d16hikari2alfa_h,
SATranslation/system/HOTSHELTER2.PVM,d32keikou1h,
SATranslation/system/HOTSHELTER2.PVM,d32tunagi4h,
SATranslation/system/HOTSHELTER2.PVM,d64tetu1h,
SATranslation/system/HOTSHELTER2.PVM,d8hyouji_red,
SATranslation/system/HOTSHELTER2.PVM,eca_s_gre,
SATranslation/system/HOTSHELTER2.PVM,eq128cncle01,
SATranslation/system/HOTSHELTER2.PVM,eq128cncle02,
SATranslation/system/HOTSHELTER2.PVM,eq128cncle04,
SATranslation/system/HOTSHELTER2.PVM,eq128cncle09,
SATranslation/system/HOTSHELTER2.PVM,eq128cncle11,
SATranslation/system/HOTSHELTER2.PVM,eq128cncle12,
SATranslation/system/HOTSHELTER2.PVM,eq128cncle13,
SATranslation/system/HOTSHELTER2.PVM,eq128ggrip,
SATranslation/system/HOTSHELTER2.PVM,eq128meca01,
SATranslation/system/HOTSHELTER2.PVM,eq128redtile05,
SATranslation/system/HOTSHELTER2.PVM,eq128redwall01,
SATranslation/system/HOTSHELTER2.PVM,eq128redwall02,
SATranslation/system/HOTSHELTER2.PVM,eq128redwall03,
SATranslation/system/HOTSHELTER2.PVM,eq128tnnlwall01,
SATranslation/system/HOTSHELTER2.PVM,eq128tnnlwall02,
SATranslation/system/HOTSHELTER2.PVM,eq16ana01,
SATranslation/system/HOTSHELTER2.PVM,eq16biss01,
SATranslation/system/HOTSHELTER2.PVM,eq32pipeorng01,
SATranslation/system/HOTSHELTER2.PVM,eq32tnnlwall01,
SATranslation/system/HOTSHELTER2.PVM,eq64blwal01,
SATranslation/system/HOTSHELTER2.PVM,eq64glihgt01,
SATranslation/system/HOTSHELTER2.PVM,eq64glyplt01,
SATranslation/system/HOTSHELTER2.PVM,eq64glyplt02,
SATranslation/system/HOTSHELTER2.PVM,eq64koji01,
SATranslation/system/HOTSHELTER2.PVM,eq64mtlfloor02,
SATranslation/system/HOTSHELTER2.PVM,eq64mtlgeari01,
SATranslation/system/HOTSHELTER2.PVM,eq64mtlwall02,
SATranslation/system/HOTSHELTER2.PVM,eq64orangligt02,
SATranslation/system/HOTSHELTER2.PVM,eq64rail01,
SATranslation/system/HOTSHELTER2.PVM,eq64recargo01,
SATranslation/system/HOTSHELTER2.PVM,eq64recargo02,
SATranslation/system/HOTSHELTER2.PVM,eq64recargo03,
SATranslation/system/HOTSHELTER2.PVM,eq64smki01,
SATranslation/system/HOTSHELTER2.PVM,eq64tnnlwall01,
SATranslation/system/HOTSHELTER2.PVM,era_s_enus,
SATranslation/system/HOTSHELTER2.PVM,tm1128tvnoise01,
SATranslation/system/HOTSHELTER2.PVM,tm126yel01,
SATranslation/system/HOTSHELTER2.PVM,tm128bkyuka,
SATranslation/system/HOTSHELTER2.PVM,tm128dou,
SATranslation/system/HOTSHELTER2.PVM,tm128ega,
SATranslation/system/HOTSHELTER2.PVM,tm128enga,
SATranslation/system/HOTSHELTER2.PVM,tm128er_ido1,
SATranslation/system/HOTSHELTER2.PVM,tm128gridyuk,
SATranslation/system/HOTSHELTER2.PVM,tm128inside,
SATranslation/system/HOTSHELTER2.PVM,tm128inside2,
SATranslation/system/HOTSHELTER2.PVM,tm128lgr,
SATranslation/system/HOTSHELTER2.PVM,tm128lig,
SATranslation/system/HOTSHELTER2.PVM,tm128light,
SATranslation/system/HOTSHELTER2.PVM,tm128ligtsix,
SATranslation/system/HOTSHELTER2.PVM,tm128maru,
SATranslation/system/HOTSHELTER2.PVM,tm128meca,
SATranslation/system/HOTSHELTER2.PVM,tm128mecar,
SATranslation/system/HOTSHELTER2.PVM,tm128pipeg,
SATranslation/system/HOTSHELTER2.PVM,tm128pipeue,
SATranslation/system/HOTSHELTER2.PVM,tm128pucired,
SATranslation/system/HOTSHELTER2.PVM,tm128red01,
SATranslation/system/HOTSHELTER2.PVM,tm128resfun,
SATranslation/system/HOTSHELTER2.PVM,tm128rma,
SATranslation/system/HOTSHELTER2.PVM,tm128s01,
SATranslation/system/HOTSHELTER2.PVM,tm128surip,
SATranslation/system/HOTSHELTER2.PVM,tm128tubel01,
SATranslation/system/HOTSHELTER2.PVM,tm128tvsen,
SATranslation/system/HOTSHELTER2.PVM,tm128under,
SATranslation/system/HOTSHELTER2.PVM,tm128ygrip,
SATranslation/system/HOTSHELTER2.PVM,tm128yuk,
SATranslation/system/HOTSHELTER2.PVM,tm128yukgry,
SATranslation/system/HOTSHELTER2.PVM,tm16tvgrass,
SATranslation/system/HOTSHELTER2.PVM,tm16yew1,
SATranslation/system/HOTSHELTER2.PVM,tm256bkgamen,
SATranslation/system/HOTSHELTER2.PVM,tm32bk01,
SATranslation/system/HOTSHELTER2.PVM,tm32bkbk,
SATranslation/system/HOTSHELTER2.PVM,tm32blakx,
SATranslation/system/HOTSHELTER2.PVM,tm32dac01,
SATranslation/system/HOTSHELTER2.PVM,tm32gin01,
SATranslation/system/HOTSHELTER2.PVM,tm32gligt_ap,
SATranslation/system/HOTSHELTER2.PVM,tm32gr2x,
SATranslation/system/HOTSHELTER2.PVM,tm32grass3alha,
SATranslation/system/HOTSHELTER2.PVM,tm32grass4alha,
SATranslation/system/HOTSHELTER2.PVM,tm32grass5alha,
SATranslation/system/HOTSHELTER2.PVM,tm32grass6alha,
SATranslation/system/HOTSHELTER2.PVM,tm32grlamp,
SATranslation/system/HOTSHELTER2.PVM,tm32gtop,
SATranslation/system/HOTSHELTER2.PVM,tm32hasirs,
SATranslation/system/HOTSHELTER2.PVM,tm32kikag,
SATranslation/system/HOTSHELTER2.PVM,tm32kou1,
SATranslation/system/HOTSHELTER2.PVM,tm32kyf,
SATranslation/system/HOTSHELTER2.PVM,tm32line,
SATranslation/system/HOTSHELTER2.PVM,tm32mar,
SATranslation/system/HOTSHELTER2.PVM,tm32pin,
SATranslation/system/HOTSHELTER2.PVM,tm32pipgg,
SATranslation/system/HOTSHELTER2.PVM,tm32pligg,
SATranslation/system/HOTSHELTER2.PVM,tm32redee,
SATranslation/system/HOTSHELTER2.PVM,tm32yekai,
SATranslation/system/HOTSHELTER2.PVM,tm32yelbb,
SATranslation/system/HOTSHELTER2.PVM,tm32yukli,
SATranslation/system/HOTSHELTER2.PVM,tm54dd01,
SATranslation/system/HOTSHELTER2.PVM,tm54tunaa,
SATranslation/system/HOTSHELTER2.PVM,tm64bkggz,
SATranslation/system/HOTSHELTER2.PVM,tm64boxerd,
SATranslation/system/HOTSHELTER2.PVM,tm64dosi,
SATranslation/system/HOTSHELTER2.PVM,tm64ent01,
SATranslation/system/HOTSHELTER2.PVM,tm64ent02,
SATranslation/system/HOTSHELTER2.PVM,tm64ffgride,
SATranslation/system/HOTSHELTER2.PVM,tm64gom01,
SATranslation/system/HOTSHELTER2.PVM,tm64grelig1,
SATranslation/system/HOTSHELTER2.PVM,tm64hami_ah,
SATranslation/system/HOTSHELTER2.PVM,tm64hex,
SATranslation/system/HOTSHELTER2.PVM,tm64kai,
SATranslation/system/HOTSHELTER2.PVM,tm64linexc,
SATranslation/system/HOTSHELTER2.PVM,tm64objgr1x,
SATranslation/system/HOTSHELTER2.PVM,tm64objgr2x,
SATranslation/system/HOTSHELTER2.PVM,tm64pp_obj,
SATranslation/system/HOTSHELTER2.PVM,tm64re_ap,
SATranslation/system/HOTSHELTER2.PVM,tm64red01,
SATranslation/system/HOTSHELTER2.PVM,tm64sider,
SATranslation/system/HOTSHELTER2.PVM,tm64sider2,
SATranslation/system/HOTSHELTER2.PVM,tm64tuika01,
SATranslation/system/HOTSHELTER2.PVM,tm64tv01,
SATranslation/system/HOTSHELTER2.PVM,tm64tvegg,
SATranslation/system/HOTSHELTER2.PVM,tm64waw,
SATranslation/system/HOTSHELTER2.PVM,tm64wawg,
SATranslation/system/HOTSHELTER2.PVM,tm64ye02,
SATranslation/system/HOTSHELTER2.PVM,tm64yel2p,
SATranslation/system/HOTSHELTER2.PVM,tm64yelw,
SATranslation/system/HOTSHELTER2.PVM,tm64yewss,
SATranslation/system/HOTSHELTER2.PVM,tm64yewss2,
SATranslation/system/HOTSHELTER2.PVM,tm8bk01,
SATranslation/system/HOTSHELTER2.PVM,tm8bluem,
SATranslation/system/HOTSHELTER2.PVM,tm8palupu,
SATranslation/system/HOTSHELTER2.PVM,tm8redm,
SATranslation/system/HOTSHELTER2.PVM,tm8yelwb,
SATranslation/system/HOTSHELTER2.PVM,tms256enk01,
SATranslation/system/HOTSHELTER2.PVM,d64tetu1hb,
SATranslation/system/HOTSHELTER2.PVM,eq128bg,
SATranslation/system/HOTSHELTER2.PVM,tms256wall,
SATranslation/system/HOTSHELTER3.PVM,ai128gear1h,
SATranslation/system/HOTSHELTER3.PVM,ai128tecyu2h,
SATranslation/system/HOTSHELTER3.PVM,ai128wc_kk1h,
SATranslation/system/HOTSHELTER3.PVM,ai16pp1h,
SATranslation/system/HOTSHELTER3.PVM,ai256g_kankyo5h,
SATranslation/system/HOTSHELTER3.PVM,ai32mizoru1h,
SATranslation/system/HOTSHELTER3.PVM,ai64door1h,
SATranslation/system/HOTSHELTER3.PVM,ai64gear3h,
SATranslation/system/HOTSHELTER3.PVM,ai64rkai2h,
SATranslation/system/HOTSHELTER3.PVM,ai64saku1h,
SATranslation/system/HOTSHELTER3.PVM,ai64tecyu1h,
SATranslation/system/HOTSHELTER3.PVM,ai64water1h,
SATranslation/system/HOTSHELTER3.PVM,ai64wcmizo1h,
SATranslation/system/HOTSHELTER3.PVM,ai64wcmizo2h,
SATranslation/system/HOTSHELTER3.PVM,ai8paper1h,
SATranslation/system/HOTSHELTER3.PVM,d128kabe13h,
SATranslation/system/HOTSHELTER3.PVM,d128kabe9h,
SATranslation/system/HOTSHELTER3.PVM,d128yuka3h,
SATranslation/system/HOTSHELTER3.PVM,d16hikari2alfa_h,
SATranslation/system/HOTSHELTER3.PVM,d64tetu1h,
SATranslation/system/HOTSHELTER3.PVM,eq128cncle01,
SATranslation/system/HOTSHELTER3.PVM,eq128cncle02,
SATranslation/system/HOTSHELTER3.PVM,eq128cncle04,
SATranslation/system/HOTSHELTER3.PVM,eq128cncle09,
SATranslation/system/HOTSHELTER3.PVM,eq128cncle11,
SATranslation/system/HOTSHELTER3.PVM,eq128cncle13,
SATranslation/system/HOTSHELTER3.PVM,eq128crgamb01,
SATranslation/system/HOTSHELTER3.PVM,eq128ggrip,
SATranslation/system/HOTSHELTER3.PVM,eq128meca01,
SATranslation/system/HOTSHELTER3.PVM,eq128mtlblt01,
SATranslation/system/HOTSHELTER3.PVM,eq128redtile05,
SATranslation/system/HOTSHELTER3.PVM,eq128redwall01,
SATranslation/system/HOTSHELTER3.PVM,eq128redwall02,
SATranslation/system/HOTSHELTER3.PVM,eq128redwall03,
SATranslation/system/HOTSHELTER3.PVM,eq128tnnlpall01,
SATranslation/system/HOTSHELTER3.PVM,eq128tnnlwall01,
SATranslation/system/HOTSHELTER3.PVM,eq128tnnlwall02,
SATranslation/system/HOTSHELTER3.PVM,eq128wood02,
SATranslation/system/HOTSHELTER3.PVM,eq128wood03,
SATranslation/system/HOTSHELTER3.PVM,eq16ana01,
SATranslation/system/HOTSHELTER3.PVM,eq16biss01,
SATranslation/system/HOTSHELTER3.PVM,eq16kabelight02,
SATranslation/system/HOTSHELTER3.PVM,eq32light01,
SATranslation/system/HOTSHELTER3.PVM,eq32pipeorng01,
SATranslation/system/HOTSHELTER3.PVM,eq32tnnlwall01,
SATranslation/system/HOTSHELTER3.PVM,eq64ahsr01,
SATranslation/system/HOTSHELTER3.PVM,eq64blutile01,
SATranslation/system/HOTSHELTER3.PVM,eq64blwal01,
SATranslation/system/HOTSHELTER3.PVM,eq64catap01,
SATranslation/system/HOTSHELTER3.PVM,eq64glihgt01,
SATranslation/system/HOTSHELTER3.PVM,eq64glyplt01,
SATranslation/system/HOTSHELTER3.PVM,eq64glyplt02,
SATranslation/system/HOTSHELTER3.PVM,eq64grd01,
SATranslation/system/HOTSHELTER3.PVM,eq64grd02,
SATranslation/system/HOTSHELTER3.PVM,eq64kabelight01,
SATranslation/system/HOTSHELTER3.PVM,eq64koji01,
SATranslation/system/HOTSHELTER3.PVM,eq64mtlfloor02,
SATranslation/system/HOTSHELTER3.PVM,eq64mtlgeari01,
SATranslation/system/HOTSHELTER3.PVM,eq64mtlwalight01,
SATranslation/system/HOTSHELTER3.PVM,eq64mtlwall02,
SATranslation/system/HOTSHELTER3.PVM,eq64newfloor01,
SATranslation/system/HOTSHELTER3.PVM,eq64orangligt02,
SATranslation/system/HOTSHELTER3.PVM,eq64rail01,
SATranslation/system/HOTSHELTER3.PVM,eq64recargo01,
SATranslation/system/HOTSHELTER3.PVM,eq64recargo02,
SATranslation/system/HOTSHELTER3.PVM,eq64recargo03,
SATranslation/system/HOTSHELTER3.PVM,eq64rens01,
SATranslation/system/HOTSHELTER3.PVM,eq64rens03,
SATranslation/system/HOTSHELTER3.PVM,eq64smki01,
SATranslation/system/HOTSHELTER3.PVM,eq64tainetu01,
SATranslation/system/HOTSHELTER3.PVM,eq64tainetu02,
SATranslation/system/HOTSHELTER3.PVM,eq64tnnlwall01,
SATranslation/system/HOTSHELTER3.PVM,eq8greengrs02,
SATranslation/system/HOTSHELTER3.PVM,tm128enga,
SATranslation/system/HOTSHELTER3.PVM,tm128inside,
SATranslation/system/HOTSHELTER3.PVM,tm128inside2,
SATranslation/system/HOTSHELTER3.PVM,tm128lgr,
SATranslation/system/HOTSHELTER3.PVM,tm128ligtsix,
SATranslation/system/HOTSHELTER3.PVM,tm128mecar,
SATranslation/system/HOTSHELTER3.PVM,tm128pipeg,
SATranslation/system/HOTSHELTER3.PVM,tm128pucired,
SATranslation/system/HOTSHELTER3.PVM,tm128red01,
SATranslation/system/HOTSHELTER3.PVM,tm128resfun,
SATranslation/system/HOTSHELTER3.PVM,tm128surip,
SATranslation/system/HOTSHELTER3.PVM,tm128under,
SATranslation/system/HOTSHELTER3.PVM,tm128yukgry,
SATranslation/system/HOTSHELTER3.PVM,tm16yew1,
SATranslation/system/HOTSHELTER3.PVM,tm32blakx,
SATranslation/system/HOTSHELTER3.PVM,tm32dac01,
SATranslation/system/HOTSHELTER3.PVM,tm32gr2x,
SATranslation/system/HOTSHELTER3.PVM,tm32hasirs,
SATranslation/system/HOTSHELTER3.PVM,tm32kou1,
SATranslation/system/HOTSHELTER3.PVM,tm32line,
SATranslation/system/HOTSHELTER3.PVM,tm32pin,
SATranslation/system/HOTSHELTER3.PVM,tm32pipgg,
SATranslation/system/HOTSHELTER3.PVM,tm32pligg,
SATranslation/system/HOTSHELTER3.PVM,tm32redee,
SATranslation/system/HOTSHELTER3.PVM,tm32yekai,
SATranslation/system/HOTSHELTER3.PVM,tm54dd01,
SATranslation/system/HOTSHELTER3.PVM,tm54tunaa,
SATranslation/system/HOTSHELTER3.PVM,tm64bkggz,
SATranslation/system/HOTSHELTER3.PVM,tm64boxerd,
SATranslation/system/HOTSHELTER3.PVM,tm64dosi,
SATranslation/system/HOTSHELTER3.PVM,tm64ffgride,
SATranslation/system/HOTSHELTER3.PVM,tm64gom01,
SATranslation/system/HOTSHELTER3.PVM,tm64grelig1,
SATranslation/system/HOTSHELTER3.PVM,tm64hami_ah,
SATranslation/system/HOTSHELTER3.PVM,tm64hex,
SATranslation/system/HOTSHELTER3.PVM,tm64kai,
SATranslation/system/HOTSHELTER3.PVM,tm64linexc,
SATranslation/system/HOTSHELTER3.PVM,tm64red01,
SATranslation/system/HOTSHELTER3.PVM,tm64sider2,
SATranslation/system/HOTSHELTER3.PVM,tm64tuika01,
SATranslation/system/HOTSHELTER3.PVM,tm64waw,
SATranslation/system/HOTSHELTER3.PVM,tm64wawg,
SATranslation/system/HOTSHELTER3.PVM,tm64ye02,
SATranslation/system/HOTSHELTER3.PVM,tm64yel2p,
SATranslation/system/HOTSHELTER3.PVM,tm64yelw,
SATranslation/system/HOTSHELTER3.PVM,tm64yewss2,
SATranslation/system/HOTSHELTER3.PVM,tm8bk01,
SATranslation/system/HOTSHELTER3.PVM,tm8bk03,
SATranslation/system/HOTSHELTER3.PVM,d128line_kabe,
SATranslation/system/HOTSHELTER3.PVM,d32keikou1h,
SATranslation/system/HOTSHELTER3.PVM,d64tetu1hb,
SATranslation/system/HOTSHELTER3.PVM,eq128bg,
SATranslation/system/HOTSHELTER3.PVM,tm128meca,
SATranslation/system/HOTSHELTER3.PVM,tm32gligt_ap,
SATranslation/system/HOTSHELTER4.PVM,ai128gear1h,
SATranslation/system/HOTSHELTER4.PVM,eq128cncle01,
SATranslation/system/HOTSHELTER4.PVM,eq128cncle06,
SATranslation/system/HOTSHELTER4.PVM,eq128crgamb01,
SATranslation/system/HOTSHELTER4.PVM,eq128excont02,
SATranslation/system/HOTSHELTER4.PVM,eq128ggrip,
SATranslation/system/HOTSHELTER4.PVM,eq128hoobgum01,
SATranslation/system/HOTSHELTER4.PVM,eq128meca01,
SATranslation/system/HOTSHELTER4.PVM,eq128tnnlpall01,
SATranslation/system/HOTSHELTER4.PVM,eq128tnnlwall01,
SATranslation/system/HOTSHELTER4.PVM,eq128wood02,
SATranslation/system/HOTSHELTER4.PVM,eq128wood03,
SATranslation/system/HOTSHELTER4.PVM,eq16ana01,
SATranslation/system/HOTSHELTER4.PVM,eq16crganay,
SATranslation/system/HOTSHELTER4.PVM,eq16kabelight02,
SATranslation/system/HOTSHELTER4.PVM,eq32tnnlwall01,
SATranslation/system/HOTSHELTER4.PVM,eq64ahsr01,
SATranslation/system/HOTSHELTER4.PVM,eq64blutile01,
SATranslation/system/HOTSHELTER4.PVM,eq64blwal01,
SATranslation/system/HOTSHELTER4.PVM,eq64catap01,
SATranslation/system/HOTSHELTER4.PVM,eq64contena05,
SATranslation/system/HOTSHELTER4.PVM,eq64crggl01,
SATranslation/system/HOTSHELTER4.PVM,eq64crggl02,
SATranslation/system/HOTSHELTER4.PVM,eq64crgy01,
SATranslation/system/HOTSHELTER4.PVM,eq64crgy02,
SATranslation/system/HOTSHELTER4.PVM,eq64crgy03,
SATranslation/system/HOTSHELTER4.PVM,eq64crgy04,
SATranslation/system/HOTSHELTER4.PVM,eq64grd01,
SATranslation/system/HOTSHELTER4.PVM,eq64grd02,
SATranslation/system/HOTSHELTER4.PVM,eq64kabelight01,
SATranslation/system/HOTSHELTER4.PVM,eq64mtlgeari01,
SATranslation/system/HOTSHELTER4.PVM,eq64mtlwalight01,
SATranslation/system/HOTSHELTER4.PVM,eq64recargo01,
SATranslation/system/HOTSHELTER4.PVM,eq64smki01,
SATranslation/system/HOTSHELTER4.PVM,eq64tainetu01,
SATranslation/system/HOTSHELTER4.PVM,tm54dd01,
SATranslation/system/ICECAP01.PVM,cp01,
SATranslation/system/ICECAP01.PVM,cpiwa01,
SATranslation/system/ICECAP01.PVM,cpiwa02,
SATranslation/system/ICECAP01.PVM,cpiwa03,
SATranslation/system/ICECAP01.PVM,cpiwa04,
SATranslation/system/ICECAP01.PVM,cpiwa05,
SATranslation/system/ICECAP01.PVM,cpiwa06,
SATranslation/system/ICECAP01.PVM,cpiwa07,
SATranslation/system/ICECAP01.PVM,cpiwa08,
SATranslation/system/ICECAP01.PVM,cpiwa09,
SATranslation/system/ICECAP01.PVM,cpiwa10,
SATranslation/system/ICECAP01.PVM,cpiwa_a,
SATranslation/system/ICECAP01.PVM,cpk01,
SATranslation/system/ICECAP01.PVM,cpk_tunagi,
SATranslation/system/ICECAP01.PVM,cpy01,
SATranslation/system/ICECAP01.PVM,cpy02,
SATranslation/system/ICECAP01.PVM,cpyk02,
SATranslation/system/ICECAP01.PVM,map_gake,
SATranslation/system/ICECAP01.PVM,map_gake2,
SATranslation/system/ICECAP01.PVM,map_gake3,
SATranslation/system/ICECAP01.PVM,map_miti1,
SATranslation/system/ICECAP01.PVM,map_miti2,
SATranslation/system/ICECAP01.PVM,map_turo1,
SATranslation/system/ICECAP01.PVM,map_turo2,
SATranslation/system/ICECAP01.PVM,map_turo3,
SATranslation/system/ICECAP01.PVM,sn_asi01,
SATranslation/system/ICECAP01.PVM,sn_renga01,
SATranslation/system/ICECAP01.PVM,sn_side01,
SATranslation/system/ICECAP01.PVM,sn_side02,
SATranslation/system/ICECAP01.PVM,sn_snow01,
SATranslation/system/ICECAP01.PVM,snb11_ken128,
SATranslation/system/ICECAP01.PVM,snb14_ken128,
SATranslation/system/ICECAP01.PVM,yuki_moto,
SATranslation/system/ICECAP01.PVM,cpyk03,
SATranslation/system/ICECAP01.PVM,ICE04,
SATranslation/system/ICECAP02.PVM,cp01,
SATranslation/system/ICECAP02.PVM,cp_iwa_y,
SATranslation/system/ICECAP02.PVM,cp_iwa_y2,
SATranslation/system/ICECAP02.PVM,cpice02,
SATranslation/system/ICECAP02.PVM,cpisi01,
SATranslation/system/ICECAP02.PVM,cpita05,
SATranslation/system/ICECAP02.PVM,cpita06,
SATranslation/system/ICECAP02.PVM,cpiwa01,
SATranslation/system/ICECAP02.PVM,cpiwa02,
SATranslation/system/ICECAP02.PVM,cpiwa03,
SATranslation/system/ICECAP02.PVM,cpiwa04,
SATranslation/system/ICECAP02.PVM,cpiwa05,
SATranslation/system/ICECAP02.PVM,cpiwa06,
SATranslation/system/ICECAP02.PVM,cpiwa07,
SATranslation/system/ICECAP02.PVM,cpiwa08,
SATranslation/system/ICECAP02.PVM,cpiwa09,
SATranslation/system/ICECAP02.PVM,cpiwa10,
SATranslation/system/ICECAP02.PVM,cpiwa_a,
SATranslation/system/ICECAP02.PVM,cpk01,
SATranslation/system/ICECAP02.PVM,cpk_tunagi,
SATranslation/system/ICECAP02.PVM,cpstep01,
SATranslation/system/ICECAP02.PVM,cpstep02,
SATranslation/system/ICECAP02.PVM,cpstep03,
SATranslation/system/ICECAP02.PVM,cpstep04,
SATranslation/system/ICECAP02.PVM,cpstep05,
SATranslation/system/ICECAP02.PVM,cpstep06,
SATranslation/system/ICECAP02.PVM,cpstep07,
SATranslation/system/ICECAP02.PVM,cpwf,
SATranslation/system/ICECAP02.PVM,cpwk01,
SATranslation/system/ICECAP02.PVM,cpwk03,
SATranslation/system/ICECAP02.PVM,cpwk04,
SATranslation/system/ICECAP02.PVM,cpy01,
SATranslation/system/ICECAP02.PVM,cpy02,
SATranslation/system/ICECAP02.PVM,cpyk02,
SATranslation/system/ICECAP02.PVM,cpyk03,
SATranslation/system/ICECAP02.PVM,doa,
SATranslation/system/ICECAP02.PVM,ice04,
SATranslation/system/ICECAP02.PVM,map_miti2,
SATranslation/system/ICECAP02.PVM,map_turo1,
SATranslation/system/ICECAP02.PVM,map_turo3,
SATranslation/system/ICECAP02.PVM,mo128_snow001,
SATranslation/system/ICECAP02.PVM,snb14_ken128,
SATranslation/system/ICECAP02.PVM,atama_a,
SATranslation/system/ICECAP02.PVM,mo128_snow002,
SATranslation/system/ICECAP02.PVM,mo128_snow003,
SATranslation/system/ICECAP02.PVM,mo128_snow004,
SATranslation/system/ICECAP02.PVM,mo128_snow005,
SATranslation/system/ICECAP02.PVM,mo128_snow006,
SATranslation/system/ICECAP02.PVM,mo128_snow007,
SATranslation/system/ICECAP02.PVM,mo128_snow008,
SATranslation/system/ICECAP02.PVM,mo128_snow009,
SATranslation/system/ICECAP02.PVM,mo128_snow010,
SATranslation/system/ICECAP02.PVM,mo128_snow011,
SATranslation/system/ICECAP02.PVM,mo128_snow012,
SATranslation/system/ICECAP02.PVM,mo128_snow013,
SATranslation/system/ICECAP02.PVM,mo128_snow014,
SATranslation/system/ICECAP02.PVM,mo128_snow015,
SATranslation/system/ICECAP02.PVM,cpyk03_2,
SATranslation/system/ICECAP03.PVM,cp01,
SATranslation/system/ICECAP03.PVM,cpiwa02,
SATranslation/system/ICECAP03.PVM,cpiwa07,
SATranslation/system/ICECAP03.PVM,cpiwa_a,
SATranslation/system/ICECAP03.PVM,cpk_tunagi,
SATranslation/system/ICECAP03.PVM,hasi_sita,
SATranslation/system/ICECAP03.PVM,hasi_ue,
SATranslation/system/ICECAP03.PVM,map_gake,
SATranslation/system/ICECAP03.PVM,map_gake2,
SATranslation/system/ICECAP03.PVM,map_gake3,
SATranslation/system/ICECAP03.PVM,map_gake4,
SATranslation/system/ICECAP03.PVM,map_gake5,
SATranslation/system/ICECAP03.PVM,map_iwagake1,
SATranslation/system/ICECAP03.PVM,map_iwagake2,
SATranslation/system/ICECAP03.PVM,map_iwagake3,
SATranslation/system/ICECAP03.PVM,map_iwagake4,
SATranslation/system/ICECAP03.PVM,map_miti1,
SATranslation/system/ICECAP03.PVM,map_miti2,
SATranslation/system/ICECAP03.PVM,map_turo1,
SATranslation/system/ICECAP03.PVM,map_turo2,
SATranslation/system/ICECAP03.PVM,map_turo3,
SATranslation/system/ICECAP03.PVM,sn_asi01,
SATranslation/system/ICECAP03.PVM,sn_iwa2,
SATranslation/system/ICECAP03.PVM,sn_renga01,
SATranslation/system/ICECAP03.PVM,sn_side01,
SATranslation/system/ICECAP03.PVM,sn_side02,
SATranslation/system/ICECAP03.PVM,sn_siwa01,
SATranslation/system/ICECAP03.PVM,sn_siwa02,
SATranslation/system/ICECAP03.PVM,sn_snow01,
SATranslation/system/ICECAP03.PVM,sn_snow64,
SATranslation/system/ICECAP03.PVM,snb04_ken128,
SATranslation/system/ICECAP03.PVM,snb05_ken128,
SATranslation/system/ICECAP03.PVM,snb06_ken128,
SATranslation/system/ICECAP03.PVM,snb10_ken128,
SATranslation/system/ICECAP03.PVM,snb11_ken128,
SATranslation/system/ICECAP03.PVM,snb12_ken128,
SATranslation/system/ICECAP03.PVM,snb_yi_tu01,
SATranslation/system/ICECAP03.PVM,snb_yi_tu02,
SATranslation/system/ICECAP03.PVM,yuki_moto,
SATranslation/system/ICECAP03.PVM,snb_yi_tu03,
SATranslation/system/ICM0001_3.PVM,station3,
SATranslation/system/ICM0001_5.PVM,station5,
SATranslation/system/ICM0060.PVM,fu03,
SATranslation/system/ICM0060.PVM,fu02,
SATranslation/system/ICM0060.PVM,fu01,
SATranslation/system/ICM006D.PVM,kotori,
SATranslation/system/ICM006D.PVM,kotori02,
SATranslation/system/ICM00C3.PVM,SNAP019,
SATranslation/system/ICM00C3.PVM,SNAP111710,
SATranslation/system/ICM00C3.PVM,SNAP005,
SATranslation/system/ICM00C3.PVM,SNAP002,
SATranslation/system/ICM00C3.PVM,SNAP016,
SATranslation/system/ICM00C5.PVM,SNAP019,
SATranslation/system/ICM00C7.PVM,KOTORI02,
SATranslation/system/ICM0142.PVM,SNAP019,
SATranslation/system/ICM0142.PVM,SNAP016,
SATranslation/system/ISHIDAI.PVM,f_id02,
SATranslation/system/ISHIDAI.PVM,f_id04,
SATranslation/system/ISHIDAI.PVM,f_id03,
SATranslation/system/ISHIDAI.PVM,f_tai05,
SATranslation/system/ISHIDAI.PVM,f_id05,
SATranslation/system/ISHIDAI.PVM,f_id01,
SATranslation/system/K_PATYA.PVM,610011,
SATranslation/system/K_PATYA.PVM,610015,
SATranslation/system/K_PATYA.PVM,610018,
SATranslation/system/K_PATYA.PVM,610021,
SATranslation/system/K_PATYA.PVM,610023,
SATranslation/system/K_PATYA.PVM,610025,
SATranslation/system/K_PATYA.PVM,610026,
SATranslation/system/K_PATYA.PVM,610027,
SATranslation/system/K_PATYA.PVM,610032,
SATranslation/system/K_PATYA.PVM,610033,
SATranslation/system/K_PATYA.PVM,610034,
SATranslation/system/K_PATYA.PVM,610036,
SATranslation/system/K_PATYA.PVM,610041,
SATranslation/system/K_PATYA.PVM,610042,
SATranslation/system/K_PATYA.PVM,610050,
SATranslation/system/K_PATYA.PVM,610022,
SATranslation/system/K_PATYA.PVM,610024,
SATranslation/system/K_PATYA.PVM,610028,
SATranslation/system/K_PATYA.PVM,610029,
SATranslation/system/K_PATYA.PVM,610030,
SATranslation/system/K_PATYA.PVM,610031,
SATranslation/system/K_TUTORIAL.PVM,tutorial_k0,
SATranslation/system/K_TUTORIAL.PVM,tutorial_k1,
SATranslation/system/K_TUTORIAL.PVM,tutorial_k2,
SATranslation/system/KAJIKI.PVM,f_kaji04,
SATranslation/system/KAJIKI.PVM,f_sake05,
SATranslation/system/KAJIKI.PVM,f_kaji03,
SATranslation/system/KAJIKI.PVM,f_sake06,
SATranslation/system/KAJIKI.PVM,f_kaji02,
SATranslation/system/KAJIKI.PVM,f_kaji05,
SATranslation/system/KAJIKI.PVM,f_kaji01,
SATranslation/system/KAJIKI.PVM,f_tai05,
SATranslation/system/KAOS_EME.PVM,mr_064s_emebl,
SATranslation/system/KAOS_EME.PVM,mr_064s_emegren,
SATranslation/system/KAOS_EME.PVM,mr_064s_emewhit,
SATranslation/system/KAOS_EME.PVM,objef_emeefblu,
SATranslation/system/KAOS_EME.PVM,objef_emefwhi,
SATranslation/system/KAOS_EME.PVM,objef_emefgren,
SATranslation/system/KNU_EFF.PVM,k_combo01,
SATranslation/system/KNU_EFF.PVM,k_mh,
SATranslation/system/KNU_EFF.PVM,k_mhb,
SATranslation/system/KNU_EFF.PVM,k_punch01,
SATranslation/system/KNU_EFF.PVM,k_punch02,
SATranslation/system/KNU_EFF.PVM,k_punch03,
SATranslation/system/KNU_EFF.PVM,k_punch04,
SATranslation/system/KNU_EFF.PVM,k_punch05,
SATranslation/system/KNU_EFF.PVM,k_punch06,
SATranslation/system/KNU_EFF.PVM,k_kira,
SATranslation/system/KNU_EFF.PVM,tsuchi_yama,
SATranslation/system/KNU_EFF.PVM,emerader0,
SATranslation/system/KNU_EFF.PVM,emerader1,
SATranslation/system/KNU_EFF.PVM,emerader2,
SATranslation/system/KNU_EFF.PVM,emerader3,
SATranslation/system/KNU_EFF.PVM,emerader4,
SATranslation/system/KNU_EFF.PVM,emerader5,
SATranslation/system/KNU_EFF.PVM,emerader6,
SATranslation/system/KNU_EFF.PVM,emerader7,
SATranslation/system/KNU_EFF.PVM,emerader8,
SATranslation/system/KNU_EFF.PVM,emerader_n,
SATranslation/system/KNUCKLES.PVM,ktx_eye01,
SATranslation/system/KNUCKLES.PVM,ktx_eye02,
SATranslation/system/KNUCKLES.PVM,ktx_face01,
SATranslation/system/KNUCKLES.PVM,ktx_fgrove01,
SATranslation/system/KNUCKLES.PVM,ktx_fgrove02,
SATranslation/system/KNUCKLES.PVM,ktx_ha,
SATranslation/system/KNUCKLES.PVM,ktx_hand01,
SATranslation/system/KNUCKLES.PVM,ktx_hand02,
SATranslation/system/KNUCKLES.PVM,ktx_kuchinaka01,
SATranslation/system/KNUCKLES.PVM,ktx_kuchinaka02,
SATranslation/system/KNUCKLES.PVM,ktx_mune,
SATranslation/system/KNUCKLES.PVM,ktx_scrow01,
SATranslation/system/KNUCKLES.PVM,ktx_shoose01,
SATranslation/system/KNUCKLES.PVM,ktx_spin00,
SATranslation/system/KNUCKLES_DEBU.PVM,610001,
SATranslation/system/KNUCKLES_DEBU.PVM,610002,
SATranslation/system/KNUCKLES_DEBU.PVM,610003,
SATranslation/system/KNUCKLES_DEBU.PVM,610006,
SATranslation/system/KNUCKLES_DEBU.PVM,610007,
SATranslation/system/KNUCKLES_DEBU.PVM,610008,
SATranslation/system/KNUCKLES_DEBU.PVM,610009,
SATranslation/system/KNUCKLES_DEBU.PVM,610011,
SATranslation/system/KNUCKLES_DEBU.PVM,610012,
SATranslation/system/KNUCKLES_DEBU.PVM,610013,
SATranslation/system/KNUCKLES_DEBU.PVM,610014,
SATranslation/system/KNUCKLES_DEBU.PVM,610015,
SATranslation/system/KNUCKLES_DEBU.PVM,610016,
SATranslation/system/KNUCKLES_DEBU.PVM,610017,
SATranslation/system/KNUCKLES_DEBU.PVM,610018,
SATranslation/system/KNUCKLES_DEBU.PVM,610042,
SATranslation/system/KNUCKLES_DEBU.PVM,610000,
SATranslation/system/KNUCKLES_LONG.PVM,610001,
SATranslation/system/KNUCKLES_LONG.PVM,610002,
SATranslation/system/KNUCKLES_LONG.PVM,610003,
SATranslation/system/KNUCKLES_LONG.PVM,610006,
SATranslation/system/KNUCKLES_LONG.PVM,610007,
SATranslation/system/KNUCKLES_LONG.PVM,610010,
SATranslation/system/KNUCKLES_LONG.PVM,610011,
SATranslation/system/KNUCKLES_LONG.PVM,610012,
SATranslation/system/KNUCKLES_LONG.PVM,610013,
SATranslation/system/KNUCKLES_LONG.PVM,610014,
SATranslation/system/KNUCKLES_LONG.PVM,610015,
SATranslation/system/KNUCKLES_LONG.PVM,610018,
SATranslation/system/KNUCKLES_LONG.PVM,610019,
SATranslation/system/KNUCKLES_LONG.PVM,610020,
SATranslation/system/KNUCKLES_LONG.PVM,610042,
SATranslation/system/KNUCKLES_LONG.PVM,610000,
SATranslation/system/KNUCKLES_NORMAL.PVM,610001,
SATranslation/system/KNUCKLES_NORMAL.PVM,610002,
SATranslation/system/KNUCKLES_NORMAL.PVM,610003,
SATranslation/system/KNUCKLES_NORMAL.PVM,610004,
SATranslation/system/KNUCKLES_NORMAL.PVM,610005,
SATranslation/system/KNUCKLES_NORMAL.PVM,610006,
SATranslation/system/KNUCKLES_NORMAL.PVM,610007,
SATranslation/system/KNUCKLES_NORMAL.PVM,610008,
SATranslation/system/KNUCKLES_NORMAL.PVM,610009,
SATranslation/system/KNUCKLES_NORMAL.PVM,610010,
SATranslation/system/KNUCKLES_NORMAL.PVM,610011,
SATranslation/system/KNUCKLES_NORMAL.PVM,610012,
SATranslation/system/KNUCKLES_NORMAL.PVM,610013,
SATranslation/system/KNUCKLES_NORMAL.PVM,610014,
SATranslation/system/KNUCKLES_NORMAL.PVM,610015,
SATranslation/system/KNUCKLES_NORMAL.PVM,610016,
SATranslation/system/KNUCKLES_NORMAL.PVM,610017,
SATranslation/system/KNUCKLES_NORMAL.PVM,610042,
SATranslation/system/KNUCKLES_NORMAL.PVM,610000,
SATranslation/system/KOAR.PVM,koar_kao,
SATranslation/system/KOAR.PVM,koar_karada,
SATranslation/system/KOAR.PVM,koar_mimi,
SATranslation/system/KOAR.PVM,koar_te,
SATranslation/system/KUJA.PVM,kuja_karada,
SATranslation/system/KUJA.PVM,kuja_kazahane,
SATranslation/system/KUJA.PVM,kuja_parts,
SATranslation/system/KUJA.PVM,kuja_hane,
SATranslation/system/KUJA.PVM,kuja_kao,
SATranslation/system/L_SIBUKI.PVM,620001,
SATranslation/system/L_SIBUKI.PVM,620002,
SATranslation/system/L_SIBUKI.PVM,620000,
SATranslation/system/LAST1A_HIGHWAY_A.PVM,lmm_way1_4c,
SATranslation/system/LAST1A_HIGHWAY_A.PVM,lmm_way1_2b,
SATranslation/system/LAST1A_HIGHWAY_A.PVM,lmm_way1_3a,
SATranslation/system/LAST1A_HIGHWAY_A.PVM,lmm_brid1_1a,
SATranslation/system/LAST1A_HIGHWAY_A.PVM,lmm_brid1_1b,
SATranslation/system/LAST1A_HIGHWAY_A.PVM,lmm_brid1_1c,
SATranslation/system/LAST1A_HIGHWAY_A.PVM,lmm_brid1_2a,
SATranslation/system/LAST1A_HIGHWAY_A.PVM,lmm_brid1_2b,
SATranslation/system/LAST1A_HIGHWAY_A.PVM,lmm_brid1_2c,
SATranslation/system/LAST1A_HIGHWAY_A.PVM,lmm_gird1a,
SATranslation/system/LAST1A_HIGHWAY_A.PVM,lmm_gird1b,
SATranslation/system/LAST1A_HIGHWAY_A.PVM,lmm_way1_5a,
SATranslation/system/LIGHTNING.PVM,e3_lightning01,
SATranslation/system/LIGHTNING.PVM,e3_lightning02,
SATranslation/system/LIGHTNING.PVM,e3_lightning03,
SATranslation/system/LIGHTNING.PVM,e3_lightning04,
SATranslation/system/LIGHTNING.PVM,e3_lightning05,
SATranslation/system/LIGHTNING.PVM,e3_lightning06,
SATranslation/system/LIGHTNING.PVM,e3_lightning07,
SATranslation/system/LIGHTNING.PVM,e3_lightning08,
SATranslation/system/LION.PVM,lion_asi,
SATranslation/system/LION.PVM,lion_kao,
SATranslation/system/LION.PVM,lion_karada,
SATranslation/system/LION.PVM,lion_tate,
SATranslation/system/LM_CHAOS0.PVM,ast_mado03,
SATranslation/system/LM_CHAOS0.PVM,chair2,
SATranslation/system/LM_CHAOS0.PVM,chaos0_haikei,
SATranslation/system/LM_CHAOS0.PVM,chaos0_haikei1,
SATranslation/system/LM_CHAOS0.PVM,duw32,
SATranslation/system/LM_CHAOS0.PVM,grass0_t,
SATranslation/system/LM_CHAOS0.PVM,kaidan_oda,
SATranslation/system/LM_CHAOS0.PVM,manhole,
SATranslation/system/LM_CHAOS0.PVM,mark_cityoffice,
SATranslation/system/LM_CHAOS0.PVM,off_saku,
SATranslation/system/LM_CHAOS0.PVM,plant05,
SATranslation/system/LM_CHAOS0.PVM,plant06,
SATranslation/system/LM_CHAOS0.PVM,plant_02,
SATranslation/system/LM_CHAOS0.PVM,s2w_01,
SATranslation/system/LM_CHAOS0.PVM,siyamado1f,
SATranslation/system/LM_CHAOS0.PVM,ssha,
SATranslation/system/LM_CHAOS0.PVM,st1_nbg2,
SATranslation/system/LM_CHAOS0.PVM,st3_100oda,
SATranslation/system/LM_CHAOS0.PVM,st3_102oda,
SATranslation/system/LM_CHAOS0.PVM,st3_55oda,
SATranslation/system/LM_CHAOS0.PVM,st3_56,
SATranslation/system/LM_CHAOS0.PVM,st3_60,
SATranslation/system/LM_CHAOS0.PVM,st3_82oda,
SATranslation/system/LM_CHAOS0.PVM,st3_85oda,
SATranslation/system/LM_CHAOS0.PVM,twtkabe64,
SATranslation/system/LM_CHAOS0.PVM,wshadow_oda,
SATranslation/system/LM_CHAOS0.PVM,ssha02,
SATranslation/system/LM_CHAOS0.PVM,ref_car,
SATranslation/system/LM_CHAOS0.PVM,uradoor,
SATranslation/system/LM_CHAOS2.PVM,caos2_bgb,
SATranslation/system/LM_CHAOS2.PVM,caos2_gmarble0,
SATranslation/system/LM_CHAOS2.PVM,caos2_hasiraa,
SATranslation/system/LM_CHAOS2.PVM,caos2_iron0,
SATranslation/system/LM_CHAOS2.PVM,caos2_iron1,
SATranslation/system/LM_CHAOS2.PVM,caos2_jyutan0,
SATranslation/system/LM_CHAOS2.PVM,caos2_marb0,
SATranslation/system/LM_CHAOS2.PVM,caos2_marb4,
SATranslation/system/LM_CHAOS2.PVM,caos2_marb5,
SATranslation/system/LM_CHAOS2.PVM,caos2_marb6,
SATranslation/system/LM_CHAOS2.PVM,caos2_marb7,
SATranslation/system/LM_CHAOS2.PVM,caos2bga,
SATranslation/system/LM_CHAOS2.PVM,caos2eleface,
SATranslation/system/LM_CHAOS2.PVM,caos2elesky,
SATranslation/system/LM_CHAOS2.PVM,caosbgb,
SATranslation/system/LM_CHAOS6.PVM,eca_funb,
SATranslation/system/LM_CHAOS6.PVM,eca_s_bwa,
SATranslation/system/LM_CHAOS6.PVM,eca_s_cona,
SATranslation/system/LM_CHAOS6.PVM,eca_s_drill,
SATranslation/system/LM_CHAOS6.PVM,eca_s_gold,
SATranslation/system/LM_CHAOS6.PVM,eca_s_gra,
SATranslation/system/LM_CHAOS6.PVM,eca_s_grb,
SATranslation/system/LM_CHAOS6.PVM,eca_s_grc,
SATranslation/system/LM_CHAOS6.PVM,eca_s_grd,
SATranslation/system/LM_CHAOS6.PVM,eca_s_gre,
SATranslation/system/LM_CHAOS6.PVM,eca_s_grh,
SATranslation/system/LM_CHAOS6.PVM,eca_s_gro,
SATranslation/system/LM_CHAOS6.PVM,eca_s_gry,
SATranslation/system/LM_CHAOS6.PVM,eca_s_gya,
SATranslation/system/LM_CHAOS6.PVM,eca_s_kikb,
SATranslation/system/LM_CHAOS6.PVM,eca_s_sitya,
SATranslation/system/LM_CHAOS6.PVM,eca_s_sityb,
SATranslation/system/LM_CHAOS6.PVM,eca_s_sityc,
SATranslation/system/LM_CHAOS6.PVM,eca_s_whi,
SATranslation/system/LM_CHAOS6.PVM,eca_s_whib,
SATranslation/system/LM_CHAOS6.PVM,eca_s_whta,
SATranslation/system/LM_CHAOS6.PVM,eca_s_whtb,
SATranslation/system/LM_CHAOS6.PVM,eca_s_wood,
SATranslation/system/LM_CHAOS6.PVM,eca_s_yuka,
SATranslation/system/LM_CHAOS6.PVM,ecf_funa,
SATranslation/system/LM_CHAOS6.PVM,ecf_s_aka,
SATranslation/system/LM_CHAOS6.PVM,ecf_s_gla,
SATranslation/system/LM_CHAOS6.PVM,ecf_s_glb,
SATranslation/system/LM_CHAOS6.PVM,ecf_s_glc,
SATranslation/system/LM_CHAOS6.PVM,ecf_s_gld,
SATranslation/system/LM_CHAOS6.PVM,ecf_s_gle,
SATranslation/system/LM_CHAOS6.PVM,ecf_s_glf,
SATranslation/system/LM_CHAOS6.PVM,ecf_s_glg,
SATranslation/system/LM_CHAOS6.PVM,ecf_s_glh,
SATranslation/system/LM_CHAOS6.PVM,ecf_s_gra,
SATranslation/system/LM_CHAOS6.PVM,ecf_s_gya,
SATranslation/system/LM_CHAOS6.PVM,ecf_s_inta,
SATranslation/system/LM_CHAOS6.PVM,ecf_s_intb,
SATranslation/system/LM_CHAOS6.PVM,ecf_s_kana,
SATranslation/system/LM_CHAOS6.PVM,ecf_s_kib,
SATranslation/system/LM_CHAOS6.PVM,ecf_s_kic,
SATranslation/system/LM_CHAOS6.PVM,edb_o_thone04,
SATranslation/system/LM_CHAOS6.PVM,edc_k_display,
SATranslation/system/LM_CHAOS6.PVM,edc_k_jrokalight,
SATranslation/system/LM_CHAOS6.PVM,edc_k_jtutu4,
SATranslation/system/LM_CHAOS6.PVM,edc_k_kabe8,
SATranslation/system/LM_CHAOS6.PVM,edc_n_hasi,
SATranslation/system/LM_CHAOS6.PVM,edc_n_hasira3,
SATranslation/system/LM_CHAOS6.PVM,edc_n_kabe11,
SATranslation/system/LM_CHAOS6.PVM,edc_n_kabe5,
SATranslation/system/LM_CHAOS6.PVM,edc_n_tank3,
SATranslation/system/LM_CHAOS6.PVM,edc_n_tank9,
SATranslation/system/LM_CHAOS6.PVM,edc_n_uturi,
SATranslation/system/LM_CHAOS6.PVM,edc_n_yane2,
SATranslation/system/LM_CHAOS6.PVM,edv_n_yuka09,
SATranslation/system/LM_CHAOS6.PVM,edv_n_yuka12,
SATranslation/system/LM_CHAOS6.PVM,era_s_covc,
SATranslation/system/LM_CHAOS6.PVM,era_s_enmd,
SATranslation/system/LM_CHAOS6.PVM,era_s_enus,
SATranslation/system/LM_CHAOS6.PVM,era_s_guna,
SATranslation/system/LM_CHAOS6.PVM,era_s_inta,
SATranslation/system/LM_CHAOS6.PVM,era_s_intb,
SATranslation/system/LM_CHAOS6.PVM,era_s_knpa,
SATranslation/system/LM_CHAOS6.PVM,era_s_knpb,
SATranslation/system/LM_CHAOS6.PVM,era_s_kuro,
SATranslation/system/LM_CHAOS6.PVM,era_s_oka,
SATranslation/system/LM_CHAOS6.PVM,era_s_okb,
SATranslation/system/LM_CHAOS6.PVM,era_s_oke,
SATranslation/system/LM_CHAOS6.PVM,era_s_tenc,
SATranslation/system/LM_CHAOS6.PVM,era_s_tend,
SATranslation/system/LM_CHAOS6.PVM,era_s_wakua,
SATranslation/system/LM_CHAOS6.PVM,gamewaku,
SATranslation/system/LM_CHAOS6.PVM,k_hasimoto001,
SATranslation/system/LM_CHAOS6.PVM,k_hhashi01,
SATranslation/system/LM_CHAOS6.PVM,k_hkabe006,
SATranslation/system/LM_CHAOS6.PVM,k_hkaidan001,
SATranslation/system/LM_CHAOS6.PVM,k_hkuti2,
SATranslation/system/LM_CHAOS6.PVM,eca_s_doma,
SATranslation/system/LM_CHAOS6_2.PVM,eca_funb,
SATranslation/system/LM_CHAOS6_2.PVM,eca_s_bwa,
SATranslation/system/LM_CHAOS6_2.PVM,eca_s_cona,
SATranslation/system/LM_CHAOS6_2.PVM,eca_s_drill,
SATranslation/system/LM_CHAOS6_2.PVM,eca_s_gold,
SATranslation/system/LM_CHAOS6_2.PVM,eca_s_gra,
SATranslation/system/LM_CHAOS6_2.PVM,eca_s_grb,
SATranslation/system/LM_CHAOS6_2.PVM,eca_s_grc,
SATranslation/system/LM_CHAOS6_2.PVM,eca_s_grd,
SATranslation/system/LM_CHAOS6_2.PVM,eca_s_gre,
SATranslation/system/LM_CHAOS6_2.PVM,eca_s_grh,
SATranslation/system/LM_CHAOS6_2.PVM,eca_s_gro,
SATranslation/system/LM_CHAOS6_2.PVM,eca_s_gry,
SATranslation/system/LM_CHAOS6_2.PVM,eca_s_gya,
SATranslation/system/LM_CHAOS6_2.PVM,eca_s_kikb,
SATranslation/system/LM_CHAOS6_2.PVM,eca_s_sitya,
SATranslation/system/LM_CHAOS6_2.PVM,eca_s_sityb,
SATranslation/system/LM_CHAOS6_2.PVM,eca_s_sityc,
SATranslation/system/LM_CHAOS6_2.PVM,eca_s_whi,
SATranslation/system/LM_CHAOS6_2.PVM,eca_s_whib,
SATranslation/system/LM_CHAOS6_2.PVM,eca_s_whta,
SATranslation/system/LM_CHAOS6_2.PVM,eca_s_whtb,
SATranslation/system/LM_CHAOS6_2.PVM,eca_s_wood,
SATranslation/system/LM_CHAOS6_2.PVM,eca_s_yuka,
SATranslation/system/LM_CHAOS6_2.PVM,ecf_funa,
SATranslation/system/LM_CHAOS6_2.PVM,ecf_s_aka,
SATranslation/system/LM_CHAOS6_2.PVM,ecf_s_gla,
SATranslation/system/LM_CHAOS6_2.PVM,ecf_s_glb,
SATranslation/system/LM_CHAOS6_2.PVM,ecf_s_glc,
SATranslation/system/LM_CHAOS6_2.PVM,ecf_s_gld,
SATranslation/system/LM_CHAOS6_2.PVM,ecf_s_gle,
SATranslation/system/LM_CHAOS6_2.PVM,ecf_s_glf,
SATranslation/system/LM_CHAOS6_2.PVM,ecf_s_glg,
SATranslation/system/LM_CHAOS6_2.PVM,ecf_s_glh,
SATranslation/system/LM_CHAOS6_2.PVM,ecf_s_gra,
SATranslation/system/LM_CHAOS6_2.PVM,ecf_s_gya,
SATranslation/system/LM_CHAOS6_2.PVM,ecf_s_inta,
SATranslation/system/LM_CHAOS6_2.PVM,ecf_s_intb,
SATranslation/system/LM_CHAOS6_2.PVM,ecf_s_kana,
SATranslation/system/LM_CHAOS6_2.PVM,ecf_s_kib,
SATranslation/system/LM_CHAOS6_2.PVM,ecf_s_kic,
SATranslation/system/LM_CHAOS6_2.PVM,edb_o_thone04,
SATranslation/system/LM_CHAOS6_2.PVM,edc_k_display,
SATranslation/system/LM_CHAOS6_2.PVM,edc_k_jrokalight,
SATranslation/system/LM_CHAOS6_2.PVM,edc_k_jtutu4,
SATranslation/system/LM_CHAOS6_2.PVM,edc_k_kabe8,
SATranslation/system/LM_CHAOS6_2.PVM,edc_n_hasi,
SATranslation/system/LM_CHAOS6_2.PVM,edc_n_hasira3,
SATranslation/system/LM_CHAOS6_2.PVM,edc_n_kabe11,
SATranslation/system/LM_CHAOS6_2.PVM,edc_n_kabe5,
SATranslation/system/LM_CHAOS6_2.PVM,edc_n_tank3,
SATranslation/system/LM_CHAOS6_2.PVM,edc_n_tank9,
SATranslation/system/LM_CHAOS6_2.PVM,edc_n_uturi,
SATranslation/system/LM_CHAOS6_2.PVM,edc_n_yane2,
SATranslation/system/LM_CHAOS6_2.PVM,edv_n_yuka09,
SATranslation/system/LM_CHAOS6_2.PVM,edv_n_yuka12,
SATranslation/system/LM_CHAOS6_2.PVM,era_s_covc,
SATranslation/system/LM_CHAOS6_2.PVM,era_s_enmd,
SATranslation/system/LM_CHAOS6_2.PVM,era_s_enus,
SATranslation/system/LM_CHAOS6_2.PVM,era_s_guna,
SATranslation/system/LM_CHAOS6_2.PVM,era_s_inta,
SATranslation/system/LM_CHAOS6_2.PVM,era_s_intb,
SATranslation/system/LM_CHAOS6_2.PVM,era_s_knpa,
SATranslation/system/LM_CHAOS6_2.PVM,era_s_knpb,
SATranslation/system/LM_CHAOS6_2.PVM,era_s_kuro,
SATranslation/system/LM_CHAOS6_2.PVM,era_s_oka,
SATranslation/system/LM_CHAOS6_2.PVM,era_s_okb,
SATranslation/system/LM_CHAOS6_2.PVM,era_s_oke,
SATranslation/system/LM_CHAOS6_2.PVM,era_s_tenc,
SATranslation/system/LM_CHAOS6_2.PVM,era_s_tend,
SATranslation/system/LM_CHAOS6_2.PVM,era_s_wakua,
SATranslation/system/LM_CHAOS6_2.PVM,gamewaku,
SATranslation/system/LM_CHAOS6_2.PVM,k_hasimoto001,
SATranslation/system/LM_CHAOS6_2.PVM,k_hhashi01,
SATranslation/system/LM_CHAOS6_2.PVM,k_hkabe006,
SATranslation/system/LM_CHAOS6_2.PVM,k_hkaidan001,
SATranslation/system/LM_CHAOS6_2.PVM,k_hkuti2,
SATranslation/system/LM_CHAOS6_2.PVM,eca_s_doma,
SATranslation/system/LM_CHAOS7_0.PVM,build_side,
SATranslation/system/LM_CHAOS7_0.PVM,lma_buill11a,
SATranslation/system/LM_CHAOS7_0.PVM,lma_buill11b,
SATranslation/system/LM_CHAOS7_0.PVM,lma_buill13a,
SATranslation/system/LM_CHAOS7_0.PVM,lma_buill13aa,
SATranslation/system/LM_CHAOS7_0.PVM,lma_buill13aaa,
SATranslation/system/LM_CHAOS7_0.PVM,lma_buill14a,
SATranslation/system/LM_CHAOS7_0.PVM,lma_buill14cc,
SATranslation/system/LM_CHAOS7_0.PVM,lma_buill21e,
SATranslation/system/LM_CHAOS7_0.PVM,lma_buill21e2,
SATranslation/system/LM_CHAOS7_0.PVM,lma_buill21e22,
SATranslation/system/LM_CHAOS7_0.PVM,lma_buill21e222,
SATranslation/system/LM_CHAOS7_0.PVM,lma_buill24a,
SATranslation/system/LM_CHAOS7_0.PVM,lma_buill24b,
SATranslation/system/LM_CHAOS7_0.PVM,lma_buill24bb,
SATranslation/system/LM_CHAOS7_0.PVM,lma_buill24bb2,
SATranslation/system/LM_CHAOS7_0.PVM,lma_buill24c,
SATranslation/system/LM_CHAOS7_0.PVM,lma_buill24c_mini,
SATranslation/system/LM_CHAOS7_0.PVM,lma_okujo,
SATranslation/system/LM_CHAOS7_0.PVM,lmh_blb02,
SATranslation/system/LM_CHAOS7_0.PVM,lmk_walln1,
SATranslation/system/LM_CHAOS7_0.PVM,lmk_walln2,
SATranslation/system/LM_CHAOS7_0.PVM,lmm_brid1_1a,
SATranslation/system/LM_CHAOS7_0.PVM,lmm_brid1_1b,
SATranslation/system/LM_CHAOS7_0.PVM,lmm_brid1_1c,
SATranslation/system/LM_CHAOS7_0.PVM,lmm_brid1_2a,
SATranslation/system/LM_CHAOS7_0.PVM,lmm_brid1_2b,
SATranslation/system/LM_CHAOS7_0.PVM,lmm_brid1_2c,
SATranslation/system/LM_CHAOS7_0.PVM,lmm_brid1a,
SATranslation/system/LM_CHAOS7_0.PVM,lmm_gird1a,
SATranslation/system/LM_CHAOS7_0.PVM,lmm_water2a,
SATranslation/system/LM_CHAOS7_0.PVM,lmm_way1_2b,
SATranslation/system/LM_CHAOS7_0.PVM,lmm_way1_3a,
SATranslation/system/LM_CHAOS7_0.PVM,lmm_way1_4c,
SATranslation/system/LM_CHAOS7_0.PVM,lmm_way1_5a,
SATranslation/system/LM_CHAOS7_0.PVM,lmy_025,
SATranslation/system/LM_CHAOS7_0.PVM,lmy_03,
SATranslation/system/LM_CHAOS7_0.PVM,lmy_04,
SATranslation/system/LM_CHAOS7_0.PVM,lmy_10,
SATranslation/system/LM_CHAOS7_0.PVM,lmy_24,
SATranslation/system/LM_CHAOS7_0.PVM,lmy_28,
SATranslation/system/LM_CHAOS7_0.PVM,lmy_39,
SATranslation/system/LM_CHAOS7_0.PVM,lmy_44,
SATranslation/system/LM_CHAOS7_0.PVM,lmy_64,
SATranslation/system/LM_CHAOS7_0.PVM,lmy_70,
SATranslation/system/LM_CHAOS7_0.PVM,lmy_77,
SATranslation/system/LM_CHAOS7_0.PVM,lmy_82,
SATranslation/system/LM_CHAOS7_0.PVM,lmy_black,
SATranslation/system/LM_CHAOS7_0.PVM,lmy_bou,
SATranslation/system/LM_CHAOS7_0.PVM,lmy_build08,
SATranslation/system/LM_CHAOS7_0.PVM,lmy_build14f02,
SATranslation/system/LM_CHAOS7_0.PVM,lmy_build16rtest,
SATranslation/system/LM_CHAOS7_0.PVM,lmy_build16rtest2,
SATranslation/system/LM_CHAOS7_0.PVM,lmy_build20f01,
SATranslation/system/LM_CHAOS7_0.PVM,lmy_build20f02,
SATranslation/system/LM_CHAOS7_0.PVM,lmy_build20f03,
SATranslation/system/LM_CHAOS7_0.PVM,lmy_build28uf,
SATranslation/system/LM_CHAOS7_0.PVM,lmy_build45,
SATranslation/system/LM_CHAOS7_0.PVM,lmy_build49ff,
SATranslation/system/LM_CHAOS7_0.PVM,lmy_build52,
SATranslation/system/LM_CHAOS7_0.PVM,lmy_build81,
SATranslation/system/LM_CHAOS7_0.PVM,lmy_iron,
SATranslation/system/LM_CHAOS7_0.PVM,lmy_yane03,
SATranslation/system/LM_CHAOS7_0.PVM,toptile01,
SATranslation/system/LM_CHAOS7_0.PVM,lma_buill15b,
SATranslation/system/LOADING.PVM,loading822a,
SATranslation/system/LOADING.PVM,loading822b,
SATranslation/system/LOADING.PVM,loadingback,
SATranslation/system/LOCKET.PVM,locket01,
SATranslation/system/LOCKET.PVM,locket02,
SATranslation/system/LOCKET.PVM,locket03,
SATranslation/system/LOCKET.PVM,locket04,
SATranslation/system/LOCKET.PVM,locket05,
SATranslation/system/LOCKET.PVM,locket06,
SATranslation/system/M_CHNAM.PVM,m_sonic,
SATranslation/system/M_CHNAM.PVM,m_tails,
SATranslation/system/M_CHNAM.PVM,m_knuckles,
SATranslation/system/M_CHNAM.PVM,m_amy,
SATranslation/system/M_CHNAM.PVM,m_big,
SATranslation/system/M_CHNAM.PVM,m_e102,
SATranslation/system/M_CHNAM.PVM,m_supersonic,
SATranslation/system/M_EM_BLACK.PVM,mr_064s_emeblack,
SATranslation/system/M_EM_BLUE.PVM,mr_064s_emebl,
SATranslation/system/M_EM_GREEN.PVM,mr_064s_emegren,
SATranslation/system/M_EM_PURPLE.PVM,mr_064s_emepupl,
SATranslation/system/M_EM_RED.PVM,mr_064s_emered,
SATranslation/system/M_EM_SKY.PVM,mr_064s_emesky,
SATranslation/system/M_EM_WHITE.PVM,mr_064s_emewhit,
SATranslation/system/M_EM_YELLOW.PVM,mr_064s_emeyelw,
SATranslation/system/M_HEAD_1.PVM,mtx_hand01,
SATranslation/system/M_HEAD_1.PVM,mtx_head01,
SATranslation/system/M_HEAD_1.PVM,mtx_kuchinaka0,
SATranslation/system/M_HEAD_1.PVM,mtx_kuchinaka1,
SATranslation/system/M_HEAD_1.PVM,mtx_white,
SATranslation/system/M_TR_P.PVM,mtx_body01,
SATranslation/system/M_TR_P.PVM,mtx_eye,
SATranslation/system/M_TR_P.PVM,mtx_hand01,
SATranslation/system/M_TR_P.PVM,s_t2t_bodya,
SATranslation/system/M_TR_P.PVM,s_t2t_bodyb,
SATranslation/system/M_TR_P.PVM,s_t2t_bodyc,
SATranslation/system/M_TR_P.PVM,s_t2t_bodyd,
SATranslation/system/M_TR_P.PVM,s_t2t_bodye,
SATranslation/system/M_TR_P.PVM,s_t2t_bodyf,
SATranslation/system/M_TR_P.PVM,s_t2t_bodyg,
SATranslation/system/M_TR_P.PVM,s_t2t_cano,
SATranslation/system/M_TR_P.PVM,s_t2t_canob,
SATranslation/system/M_TR_P.PVM,s_t2t_eme1,
SATranslation/system/M_TR_P.PVM,s_t2t_eme2,
SATranslation/system/M_TR_P.PVM,s_t2t_engine,
SATranslation/system/M_TR_P.PVM,s_t2t_heada,
SATranslation/system/M_TR_P.PVM,s_t2t_headb,
SATranslation/system/M_TR_P.PVM,s_t2t_headc,
SATranslation/system/M_TR_P.PVM,s_t2t_headd,
SATranslation/system/M_TR_P.PVM,s_t2t_heade,
SATranslation/system/M_TR_P.PVM,s_t2t_headf,
SATranslation/system/M_TR_P.PVM,s_t2t_jet,
SATranslation/system/M_TR_P.PVM,s_t2t_pera,
SATranslation/system/M_TR_P.PVM,s_t2t_sityu,
SATranslation/system/M_TR_P.PVM,s_t2t_swingb,
SATranslation/system/M_TR_P.PVM,s_t2t_winga,
SATranslation/system/M_TR_P.PVM,s_t2t_wingb,
SATranslation/system/M_TR_S.PVM,alltx_dwhite,
SATranslation/system/M_TR_S.PVM,mtx_eye3,
SATranslation/system/M_TR_S.PVM,mtx_ring,
SATranslation/system/M_TR_S.PVM,mtx_shitahara,
SATranslation/system/M_TR_S.PVM,mtx_white,
SATranslation/system/M_TR_S.PVM,mtx_yellow0,
SATranslation/system/M_TR_S.PVM,s_anakage,
SATranslation/system/M_TR_S.PVM,s_hando2,
SATranslation/system/M_TR_S.PVM,s_t1_engine,
SATranslation/system/M_TR_S.PVM,s_t1_pera,
SATranslation/system/M_TR_S.PVM,s_t1_swingb,
SATranslation/system/M_TR_S.PVM,s_t2_bodyd,
SATranslation/system/M_TR_S.PVM,s_t2_bodye,
SATranslation/system/M_TR_S.PVM,s_t2_bodyf,
SATranslation/system/M_TR_S.PVM,s_t2_bodyg,
SATranslation/system/M_TR_S.PVM,s_t2_cano,
SATranslation/system/M_TR_S.PVM,s_t2_canob,
SATranslation/system/M_TR_S.PVM,s_t2_eme1,
SATranslation/system/M_TR_S.PVM,s_t2_eme2,
SATranslation/system/M_TR_S.PVM,s_t2_heada,
SATranslation/system/M_TR_S.PVM,s_t2_headb,
SATranslation/system/M_TR_S.PVM,s_t2_headc,
SATranslation/system/M_TR_S.PVM,s_t2_headd,
SATranslation/system/M_TR_S.PVM,s_t2_heade,
SATranslation/system/M_TR_S.PVM,s_t2_headf,
SATranslation/system/M_TR_S.PVM,s_t2_mks,
SATranslation/system/M_TR_S.PVM,s_t2_mkt,
SATranslation/system/M_TR_S.PVM,s_t2b_bodya,
SATranslation/system/M_TR_S.PVM,s_t2b_bodyb,
SATranslation/system/M_TR_S.PVM,s_t2b_bodyc,
SATranslation/system/M_TR_S.PVM,s_t2b_jet,
SATranslation/system/M_TR_S.PVM,s_t2b_sityu,
SATranslation/system/M_TR_S.PVM,s_t2b_winga,
SATranslation/system/M_TR_S.PVM,s_t2b_wingb,
SATranslation/system/M_TR_S.PVM,s_t2b_wingc,
SATranslation/system/M_TR_S.PVM,s_testhand,
SATranslation/system/MAP_EC_A.PVM,map_eca_j0,
SATranslation/system/MAP_EC_A.PVM,map_eca_j1,
SATranslation/system/MAP_EC_A.PVM,map_eca_j2,
SATranslation/system/MAP_EC_A.PVM,map_eca_j3,
SATranslation/system/MAP_EC_A.PVM,map_eca_j4,
SATranslation/system/MAP_EC_A.PVM,map_eca_j5,
SATranslation/system/MAP_EC_A.PVM,map_eca_e0,
SATranslation/system/MAP_EC_A.PVM,map_eca_e1,
SATranslation/system/MAP_EC_A.PVM,map_eca_e2,
SATranslation/system/MAP_EC_A.PVM,map_eca_e3,
SATranslation/system/MAP_EC_A.PVM,map_eca_e4,
SATranslation/system/MAP_EC_A.PVM,map_eca_e5,
SATranslation/system/MAP_EC_B.PVM,map_ecb_j0,
SATranslation/system/MAP_EC_B.PVM,map_ecb_j1,
SATranslation/system/MAP_EC_B.PVM,map_ecb_j2,
SATranslation/system/MAP_EC_B.PVM,map_ecb_j3,
SATranslation/system/MAP_EC_B.PVM,map_ecb_j4,
SATranslation/system/MAP_EC_B.PVM,map_ecb_j5,
SATranslation/system/MAP_EC_B.PVM,map_ecb_e0,
SATranslation/system/MAP_EC_B.PVM,map_ecb_e1,
SATranslation/system/MAP_EC_B.PVM,map_ecb_e2,
SATranslation/system/MAP_EC_B.PVM,map_ecb_e3,
SATranslation/system/MAP_EC_B.PVM,map_ecb_e4,
SATranslation/system/MAP_EC_B.PVM,map_ecb_e5,
SATranslation/system/MAP_EC_H.PVM,map_ech_j0,
SATranslation/system/MAP_EC_H.PVM,map_ech_j1,
SATranslation/system/MAP_EC_H.PVM,map_ech_j2,
SATranslation/system/MAP_EC_H.PVM,map_ech_j3,
SATranslation/system/MAP_EC_H.PVM,map_ech_j4,
SATranslation/system/MAP_EC_H.PVM,map_ech_j5,
SATranslation/system/MAP_EC_H.PVM,map_ech_e0,
SATranslation/system/MAP_EC_H.PVM,map_ech_e1,
SATranslation/system/MAP_EC_H.PVM,map_ech_e2,
SATranslation/system/MAP_EC_H.PVM,map_ech_e3,
SATranslation/system/MAP_EC_H.PVM,map_ech_e4,
SATranslation/system/MAP_EC_H.PVM,map_ech_e5,
SATranslation/system/MAP_ICON.PVM,icon_sonic,
SATranslation/system/MAP_ICON.PVM,icon_tails,
SATranslation/system/MAP_ICON.PVM,icon_knuck,
SATranslation/system/MAP_ICON.PVM,icon_amy,
SATranslation/system/MAP_ICON.PVM,icon_e102,
SATranslation/system/MAP_ICON.PVM,icon_big,
SATranslation/system/MAP_MR_A.PVM,map_mra_j0,
SATranslation/system/MAP_MR_A.PVM,map_mra_j1,
SATranslation/system/MAP_MR_A.PVM,map_mra_j2,
SATranslation/system/MAP_MR_A.PVM,map_mra_j3,
SATranslation/system/MAP_MR_A.PVM,map_mra_j4,
SATranslation/system/MAP_MR_A.PVM,map_mra_j5,
SATranslation/system/MAP_MR_A.PVM,map_mra_e0,
SATranslation/system/MAP_MR_A.PVM,map_mra_e1,
SATranslation/system/MAP_MR_A.PVM,map_mra_e2,
SATranslation/system/MAP_MR_A.PVM,map_mra_e3,
SATranslation/system/MAP_MR_A.PVM,map_mra_e4,
SATranslation/system/MAP_MR_A.PVM,map_mra_e5,
SATranslation/system/MAP_MR_J.PVM,map_mrj_j0,
SATranslation/system/MAP_MR_J.PVM,map_mrj_j1,
SATranslation/system/MAP_MR_J.PVM,map_mrj_j2,
SATranslation/system/MAP_MR_J.PVM,map_mrj_j3,
SATranslation/system/MAP_MR_J.PVM,map_mrj_j4,
SATranslation/system/MAP_MR_J.PVM,map_mrj_j5,
SATranslation/system/MAP_MR_J.PVM,map_mrj_e0,
SATranslation/system/MAP_MR_J.PVM,map_mrj_e1,
SATranslation/system/MAP_MR_J.PVM,map_mrj_e2,
SATranslation/system/MAP_MR_J.PVM,map_mrj_e3,
SATranslation/system/MAP_MR_J.PVM,map_mrj_e4,
SATranslation/system/MAP_MR_J.PVM,map_mrj_e5,
SATranslation/system/MAP_MR_S.PVM,map_mrs_j0,
SATranslation/system/MAP_MR_S.PVM,map_mrs_j1,
SATranslation/system/MAP_MR_S.PVM,map_mrs_j2,
SATranslation/system/MAP_MR_S.PVM,map_mrs_j3,
SATranslation/system/MAP_MR_S.PVM,map_mrs_j4,
SATranslation/system/MAP_MR_S.PVM,map_mrs_j5,
SATranslation/system/MAP_MR_S.PVM,map_mrs_e0,
SATranslation/system/MAP_MR_S.PVM,map_mrs_e1,
SATranslation/system/MAP_MR_S.PVM,map_mrs_e2,
SATranslation/system/MAP_MR_S.PVM,map_mrs_e3,
SATranslation/system/MAP_MR_S.PVM,map_mrs_e4,
SATranslation/system/MAP_MR_S.PVM,map_mrs_e5,
SATranslation/system/MAP_PAST_E.PVM,map_pse_j0,
SATranslation/system/MAP_PAST_E.PVM,map_pse_j1,
SATranslation/system/MAP_PAST_E.PVM,map_pse_j2,
SATranslation/system/MAP_PAST_E.PVM,map_pse_j3,
SATranslation/system/MAP_PAST_E.PVM,map_pse_j4,
SATranslation/system/MAP_PAST_E.PVM,map_pse_j5,
SATranslation/system/MAP_PAST_E.PVM,map_pse_e0,
SATranslation/system/MAP_PAST_E.PVM,map_pse_e1,
SATranslation/system/MAP_PAST_E.PVM,map_pse_e2,
SATranslation/system/MAP_PAST_E.PVM,map_pse_e3,
SATranslation/system/MAP_PAST_E.PVM,map_pse_e4,
SATranslation/system/MAP_PAST_E.PVM,map_pse_e5,
SATranslation/system/MAP_PAST_S.PVM,map_pss_j0,
SATranslation/system/MAP_PAST_S.PVM,map_pss_j1,
SATranslation/system/MAP_PAST_S.PVM,map_pss_j2,
SATranslation/system/MAP_PAST_S.PVM,map_pss_j3,
SATranslation/system/MAP_PAST_S.PVM,map_pss_j4,
SATranslation/system/MAP_PAST_S.PVM,map_pss_j5,
SATranslation/system/MAP_PAST_S.PVM,map_pss_e0,
SATranslation/system/MAP_PAST_S.PVM,map_pss_e1,
SATranslation/system/MAP_PAST_S.PVM,map_pss_e2,
SATranslation/system/MAP_PAST_S.PVM,map_pss_e3,
SATranslation/system/MAP_PAST_S.PVM,map_pss_e4,
SATranslation/system/MAP_PAST_S.PVM,map_pss_e5,
SATranslation/system/MAP_SS.PVM,map_ss_j0,
SATranslation/system/MAP_SS.PVM,map_ss_j1,
SATranslation/system/MAP_SS.PVM,map_ss_j2,
SATranslation/system/MAP_SS.PVM,map_ss_j3,
SATranslation/system/MAP_SS.PVM,map_ss_j4,
SATranslation/system/MAP_SS.PVM,map_ss_j5,
SATranslation/system/MAP_SS.PVM,map_ss_e0,
SATranslation/system/MAP_SS.PVM,map_ss_e1,
SATranslation/system/MAP_SS.PVM,map_ss_e2,
SATranslation/system/MAP_SS.PVM,map_ss_e3,
SATranslation/system/MAP_SS.PVM,map_ss_e4,
SATranslation/system/MAP_SS.PVM,map_ss_e5,
SATranslation/system/MECHA.PVM,f_ms10,
SATranslation/system/MECHA.PVM,f_ms04,
SATranslation/system/MECHA.PVM,sakana_meta,
SATranslation/system/MECHA.PVM,f_ms03,
SATranslation/system/MECHA.PVM,f_ms05,
SATranslation/system/MECHA.PVM,f_ms02,
SATranslation/system/MECHA.PVM,f_ms06,
SATranslation/system/MECHA.PVM,f_ms08,
SATranslation/system/MECHA.PVM,f_ms01,
SATranslation/system/MECHA.PVM,f_ms09,
SATranslation/system/MECHA.PVM,f_tai05,
SATranslation/system/MECHA.PVM,f_ms07,
SATranslation/system/METALSONIC.PVM,mstx_newspin,
SATranslation/system/METALSONIC.PVM,mstx_body0,
SATranslation/system/METALSONIC.PVM,mstx_body1,
SATranslation/system/METALSONIC.PVM,mstx_ref0,
SATranslation/system/METALSONIC.PVM,mstx_ref1,
SATranslation/system/METALSONIC.PVM,mstx_ref2,
SATranslation/system/METALSONIC.PVM,mstx_ref3,
SATranslation/system/METALSONIC.PVM,mstx_ref5,
SATranslation/system/MGHAND.PVM,arm,
SATranslation/system/MGHAND.PVM,armin,
SATranslation/system/MGHAND.PVM,armsaki,
SATranslation/system/MGHAND.PVM,n_other,
SATranslation/system/MGHAND.PVM,neji,
SATranslation/system/MGHAND.PVM,spring,
SATranslation/system/MGHAND.PVM,tama,
SATranslation/system/MI_3DASU.PVM,612064,
SATranslation/system/MI_3DASU.PVM,614003,
SATranslation/system/MI_3DASU.PVM,614018,
SATranslation/system/MI_3DASU.PVM,614019,
SATranslation/system/MI_3DASU.PVM,botan,
SATranslation/system/MI_3DASU.PVM,614008,
SATranslation/system/MI_3DASU.PVM,614009,
SATranslation/system/MI_3DASU.PVM,614002,
SATranslation/system/MI_3DASU.PVM,614004,
SATranslation/system/MI_3DASU.PVM,614005,
SATranslation/system/MI_3DASU.PVM,614006,
SATranslation/system/MI_3DASU.PVM,614010,
SATranslation/system/MI_3DASU.PVM,614011,
SATranslation/system/MI_3DASU.PVM,614012,
SATranslation/system/MI_3DASU.PVM,614013,
SATranslation/system/MI_3DASU.PVM,614014,
SATranslation/system/MI_3DASU.PVM,614015,
SATranslation/system/MI_3DASU.PVM,614016,
SATranslation/system/MI_3DASU.PVM,614017,
SATranslation/system/MI_3DASU.PVM,hada,
SATranslation/system/MI_3DASU.PVM,kutu,
SATranslation/system/MI_3DASU.PVM,megane,
SATranslation/system/MI_3DASU.PVM,6140012,
SATranslation/system/MILES.PVM,mtx_anklet01,
SATranslation/system/MILES.PVM,mtx_anklet02,
SATranslation/system/MILES.PVM,mtx_anklet03,
SATranslation/system/MILES.PVM,mtx_body01,
SATranslation/system/MILES.PVM,mtx_brooch01,
SATranslation/system/MILES.PVM,mtx_brooch02,
SATranslation/system/MILES.PVM,mtx_eye,
SATranslation/system/MILES.PVM,mtx_hand01,
SATranslation/system/MILES.PVM,mtx_head01,
SATranslation/system/MILES.PVM,mtx_kuchinaka0,
SATranslation/system/MILES.PVM,mtx_kuchinaka1,
SATranslation/system/MILES.PVM,mtx_shoose01,
SATranslation/system/MILES.PVM,mtx_spin00,
SATranslation/system/MILES.PVM,mtx_tail,
SATranslation/system/MILES.PVM,mtx_white,
SATranslation/system/MILES.PVM,mtx_yellow0,
SATranslation/system/MILESRACE.PVM,tailsplay_bg,
SATranslation/system/MILESRACE.PVM,tailsplay_sonic,
SATranslation/system/MILESRACE.PVM,tailsplay_tails,
SATranslation/system/MILESRACE.PVM,youwin0,
SATranslation/system/MILESRACE.PVM,youwin1,
SATranslation/system/MILESRACE.PVM,youwin2,
SATranslation/system/MILESRACE.PVM,youwin3,
SATranslation/system/MILESRACE.PVM,youlose0,
SATranslation/system/MILESRACE.PVM,youlose1,
SATranslation/system/MILESRACE.PVM,youlose2,
SATranslation/system/MILESRACE.PVM,youlose3,
SATranslation/system/MILESRACE.PVM,eggman_casol,
SATranslation/system/MINI_CART01.PVM,tp1_1,
SATranslation/system/MINI_CART01.PVM,tp1_14,
SATranslation/system/MINI_CART01.PVM,tp1_16,
SATranslation/system/MINI_CART01.PVM,tp1_2,
SATranslation/system/MINI_CART01.PVM,tp1_20,
SATranslation/system/MINI_CART01.PVM,tp1_21,
SATranslation/system/MINI_CART01.PVM,tp1_22,
SATranslation/system/MINI_CART01.PVM,tp1_24,
SATranslation/system/MINI_CART01.PVM,tp1_3,
SATranslation/system/MINI_CART01.PVM,tp1_5,
SATranslation/system/MINI_CART01.PVM,tp2_10,
SATranslation/system/MINI_CART01.PVM,tp2_28,
SATranslation/system/MINI_CART02.PVM,tp1_21,
SATranslation/system/MINI_CART02.PVM,tp1_14,
SATranslation/system/MINI_CART02.PVM,tp1_16,
SATranslation/system/MINI_CART02.PVM,tp1_2,
SATranslation/system/MINI_CART02.PVM,tp1_20,
SATranslation/system/MINI_CART02.PVM,tp1_3,
SATranslation/system/MINI_CART02.PVM,tp2_10,
SATranslation/system/MINI_CART02.PVM,tp2_28,
SATranslation/system/MINI_CART02.PVM,tp1_1,
SATranslation/system/MINI_CART02.PVM,tp1_22,
SATranslation/system/MINI_CART02.PVM,tp1_5,
SATranslation/system/MINI_CART03.PVM,tp1_24,
SATranslation/system/MINI_CART03.PVM,tp1_14,
SATranslation/system/MINI_CART03.PVM,tp1_16,
SATranslation/system/MINI_CART03.PVM,tp1_2,
SATranslation/system/MINI_CART03.PVM,tp1_20,
SATranslation/system/MINI_CART03.PVM,tp1_3,
SATranslation/system/MINI_CART03.PVM,tp2_10,
SATranslation/system/MINI_CART03.PVM,tp2_28,
SATranslation/system/MINI_CART03.PVM,tp1_1,
SATranslation/system/MINI_CART03.PVM,tp1_22,
SATranslation/system/MINI_CART03.PVM,tp1_5,
SATranslation/system/MINI_CART04.PVM,tp1_21,
SATranslation/system/MINI_CART04.PVM,tp1_14,
SATranslation/system/MINI_CART04.PVM,tp1_16,
SATranslation/system/MINI_CART04.PVM,tp1_2,
SATranslation/system/MINI_CART04.PVM,tp1_20,
SATranslation/system/MINI_CART04.PVM,tp1_3,
SATranslation/system/MINI_CART04.PVM,tp2_10,
SATranslation/system/MINI_CART04.PVM,tp2_28,
SATranslation/system/MINI_CART04.PVM,tp1_1,
SATranslation/system/MINI_CART04.PVM,tp1_22,
SATranslation/system/MINI_CART04.PVM,tp1_5,
SATranslation/system/MINI_CART05.PVM,tp1_14,
SATranslation/system/MINI_CART05.PVM,tp1_16,
SATranslation/system/MINI_CART05.PVM,tp1_2,
SATranslation/system/MINI_CART05.PVM,tp1_20,
SATranslation/system/MINI_CART05.PVM,tp1_3,
SATranslation/system/MINI_CART05.PVM,tp2_10,
SATranslation/system/MINI_CART05.PVM,tp2_28,
SATranslation/system/MINI_CART05.PVM,tp1_1,
SATranslation/system/MINI_CART05.PVM,tp1_22,
SATranslation/system/MINI_CART05.PVM,tp1_5,
SATranslation/system/MINI_CART06.PVM,tp1_14,
SATranslation/system/MINI_CART06.PVM,tp1_16,
SATranslation/system/MINI_CART06.PVM,tp1_2,
SATranslation/system/MINI_CART06.PVM,tp1_20,
SATranslation/system/MINI_CART06.PVM,tp1_3,
SATranslation/system/MINI_CART06.PVM,tp2_10,
SATranslation/system/MINI_CART06.PVM,tp2_28,
SATranslation/system/MINI_CART06.PVM,tp1_1,
SATranslation/system/MINI_CART06.PVM,tp1_22,
SATranslation/system/MINI_CART06.PVM,tp1_5,
SATranslation/system/MIS_C_EN.PVM,m_c_mark,
SATranslation/system/MIS_C_EN.PVM,m_c_status_00,
SATranslation/system/MIS_C_EN.PVM,m_c_status_01,
SATranslation/system/MIS_C_EN.PVM,m_c_status_02,
SATranslation/system/MIS_C_EN.PVM,m_c_status_03,
SATranslation/system/MIS_C_EN.PVM,m_c_status_04,
SATranslation/system/MIS_C_EN.PVM,m_c_status_05,
SATranslation/system/MIS_C_EN.PVM,m_c_status_06,
SATranslation/system/MIS_C_EN.PVM,m_c_status_07,
SATranslation/system/MIS_C_EN.PVM,n_0,
SATranslation/system/MIS_C_EN.PVM,n_1,
SATranslation/system/MIS_C_EN.PVM,n_2,
SATranslation/system/MIS_C_EN.PVM,n_3,
SATranslation/system/MIS_C_EN.PVM,n_4,
SATranslation/system/MIS_C_EN.PVM,n_5,
SATranslation/system/MIS_C_EN.PVM,n_6,
SATranslation/system/MIS_C_EN.PVM,n_7,
SATranslation/system/MIS_C_EN.PVM,n_8,
SATranslation/system/MIS_C_EN.PVM,n_9,
SATranslation/system/MIS_C_EN.PVM,cursor,
SATranslation/system/MIS_C_EN.PVM,triangle_s,ES
SATranslation/system/MIS_C_EN.PVM,triangle_m,
SATranslation/system/MIS_C_EN.PVM,triangle_k,
SATranslation/system/MIS_C_EN.PVM,triangle_a,
SATranslation/system/MIS_C_EN.PVM,triangle_b,
SATranslation/system/MIS_C_EN.PVM,triangle_e,EN
SATranslation/system/MIS_C_J.PVM,m_c_mark,
SATranslation/system/MIS_C_J.PVM,m_c_status_00,
SATranslation/system/MIS_C_J.PVM,m_c_status_01,
SATranslation/system/MIS_C_J.PVM,m_c_status_02,
SATranslation/system/MIS_C_J.PVM,m_c_status_03,
SATranslation/system/MIS_C_J.PVM,m_c_status_04,
SATranslation/system/MIS_C_J.PVM,m_c_status_05,
SATranslation/system/MIS_C_J.PVM,m_c_status_06,
SATranslation/system/MIS_C_J.PVM,m_c_status_07,
SATranslation/system/MIS_C_J.PVM,n_0,
SATranslation/system/MIS_C_J.PVM,n_1,
SATranslation/system/MIS_C_J.PVM,n_2,
SATranslation/system/MIS_C_J.PVM,n_3,
SATranslation/system/MIS_C_J.PVM,n_4,
SATranslation/system/MIS_C_J.PVM,n_5,
SATranslation/system/MIS_C_J.PVM,n_6,
SATranslation/system/MIS_C_J.PVM,n_7,
SATranslation/system/MIS_C_J.PVM,n_8,
SATranslation/system/MIS_C_J.PVM,n_9,
SATranslation/system/MIS_C_J.PVM,cursor,
SATranslation/system/MIS_C_J.PVM,triangle_s,ES
SATranslation/system/MIS_C_J.PVM,triangle_m,
SATranslation/system/MIS_C_J.PVM,triangle_k,
SATranslation/system/MIS_C_J.PVM,triangle_a,
SATranslation/system/MIS_C_J.PVM,triangle_b,
SATranslation/system/MIS_C_J.PVM,triangle_e,EN
SATranslation/system/MIS_P.PVM,p_start_00,
SATranslation/system/MIS_P.PVM,p_start_01,
SATranslation/system/MIS_P.PVM,p_mission,
SATranslation/system/MIS_P.PVM,p_clear_00,
SATranslation/system/MIS_P.PVM,p_clear_01,
SATranslation/system/MIS_P.PVM,n_9,
SATranslation/system/MIS_P.PVM,n_8,
SATranslation/system/MIS_P.PVM,n_7,
SATranslation/system/MIS_P.PVM,n_6,
SATranslation/system/MIS_P.PVM,n_5,
SATranslation/system/MIS_P.PVM,n_4,
SATranslation/system/MIS_P.PVM,n_3,
SATranslation/system/MIS_P.PVM,n_2,
SATranslation/system/MIS_P.PVM,n_1,
SATranslation/system/MIS_P.PVM,n_0,
SATranslation/system/MISSION.PVM,flag00,
SATranslation/system/MISSION.PVM,flag01,
SATranslation/system/MISSION.PVM,flag02,
SATranslation/system/MISSION.PVM,flag03,
SATranslation/system/MISSION.PVM,flag04,
SATranslation/system/MISSION.PVM,flag05,
SATranslation/system/MISSION.PVM,flag06,
SATranslation/system/MISSION.PVM,kanban_advance2,
SATranslation/system/MISSION.PVM,kanban_cream,
SATranslation/system/MISSION.PVM,kanban_megacolle,
SATranslation/system/MISSION.PVM,kanban_pinball,
SATranslation/system/MISSION.PVM,kanban_sonicx_US,US
SATranslation/system/MISSION.PVM,card02,
SATranslation/system/MISSION.PVM,card_front,
SATranslation/system/MISSION.PVM,card_back,
SATranslation/system/MISSION.PVM,csn_t_8ft,
SATranslation/system/MISSION.PVM,csn_t_64kinka,
SATranslation/system/MISSION.PVM,target00,
SATranslation/system/MISSION.PVM,kanban01,
SATranslation/system/MISSION.PVM,timer_01,
SATranslation/system/MISSION.PVM,timer_00,
SATranslation/system/MISSION_TUTO.PVM,mis_tuto_1_0,
SATranslation/system/MISSION_TUTO.PVM,mis_tuto_1_1,
SATranslation/system/MISSION_TUTO.PVM,mis_tuto_1_2,
SATranslation/system/MISSION_TUTO.PVM,mis_tuto_1_3,
SATranslation/system/MISSION_TUTO.PVM,mis_tuto_1_4,
SATranslation/system/MISSION_TUTO.PVM,mis_tuto_1_5,
SATranslation/system/MISSION_TUTO.PVM,mis_tuto_2_0,
SATranslation/system/MISSION_TUTO.PVM,mis_tuto_2_1,
SATranslation/system/MISSION_TUTO.PVM,mis_tuto_2_2,
SATranslation/system/MISSION_TUTO.PVM,mis_tuto_2_3,
SATranslation/system/MISSION_TUTO.PVM,mis_tuto_2_4,
SATranslation/system/MISSION_TUTO.PVM,mis_tuto_2_5,
SATranslation/system/MISSION_TUTO.PVM,mis_tuto_3_0,
SATranslation/system/MISSION_TUTO.PVM,mis_tuto_3_1,
SATranslation/system/MISSION_TUTO.PVM,mis_tuto_3_2,
SATranslation/system/MISSION_TUTO.PVM,mis_tuto_3_3,
SATranslation/system/MISSION_TUTO.PVM,mis_tuto_3_4,
SATranslation/system/MISSION_TUTO.PVM,mis_tuto_3_5,
SATranslation/system/MIZUBASIRA.PVM,620000,
SATranslation/system/MIZUBASIRA.PVM,620001,
SATranslation/system/MIZUBASIRA.PVM,620002,
SATranslation/system/MOGU.PVM,mogu_asi,
SATranslation/system/MOGU.PVM,mogu_hana,
SATranslation/system/MOGU.PVM,mogu_kao,
SATranslation/system/MOGU.PVM,mogu_te,
SATranslation/system/MOGURATATAKI.PVM,d64hoso1mt,
SATranslation/system/MOGURATATAKI.PVM,d16kankyo1eg,
SATranslation/system/MOGURATATAKI.PVM,d16mimi1a,
SATranslation/system/MOGURATATAKI.PVM,d16mimi1b,
SATranslation/system/MOGURATATAKI.PVM,d32ami1mt,
SATranslation/system/MOGURATATAKI.PVM,d32eye1a,
SATranslation/system/MOGURATATAKI.PVM,d32hoso1mt,
SATranslation/system/MOGURATATAKI.PVM,d32hoso2mt,
SATranslation/system/MOGURATATAKI.PVM,d32hoso3mt,
SATranslation/system/MOGURATATAKI.PVM,d32kuti1a,
SATranslation/system/MOGURATATAKI.PVM,d32kuti1eg,
SATranslation/system/MOGURATATAKI.PVM,d64atama1eg,
SATranslation/system/MOGURATATAKI.PVM,d64dou1a,
SATranslation/system/MOGURATATAKI.PVM,d64dou1b,
SATranslation/system/MOGURATATAKI.PVM,d64dou1eg,
SATranslation/system/MOGURATATAKI.PVM,d64dou2a,
SATranslation/system/MOGURATATAKI.PVM,d64dou2b,
SATranslation/system/MOGURATATAKI.PVM,d64dou2eg,
SATranslation/system/MOGURATATAKI.PVM,d64dou3eg,
SATranslation/system/MOGURATATAKI.PVM,d64hige1eg,
SATranslation/system/MOGURATATAKI.PVM,d128top1mt,
SATranslation/system/MOGURATATAKI.PVM,edv_f_1n,
SATranslation/system/MOGURATATAKI.PVM,edv_f_s,ES
SATranslation/system/MOGURATATAKI.PVM,edv_f_r,
SATranslation/system/MOGURATATAKI.PVM,edv_f_q,
SATranslation/system/MOGURATATAKI.PVM,edv_f_p,
SATranslation/system/MOGURATATAKI.PVM,edv_f_o,
SATranslation/system/MOGURATATAKI.PVM,edv_f_n,
SATranslation/system/MOGURATATAKI.PVM,edv_f_m,
SATranslation/system/MOGURATATAKI.PVM,edv_f_l,
SATranslation/system/MOGURATATAKI.PVM,edv_f_k,
SATranslation/system/MOGURATATAKI.PVM,edv_f_j,JP
SATranslation/system/MOGURATATAKI.PVM,edv_f_i,IT
SATranslation/system/MOGURATATAKI.PVM,edv_f_h,
SATranslation/system/MOGURATATAKI.PVM,edv_f_g,DE
SATranslation/system/MOGURATATAKI.PVM,edv_f_f,FR
SATranslation/system/MOGURATATAKI.PVM,edv_f_e,EN
SATranslation/system/MOGURATATAKI.PVM,edv_f_d,
SATranslation/system/MOGURATATAKI.PVM,edv_f_c,
SATranslation/system/MOGURATATAKI.PVM,edv_f_b,
SATranslation/system/MOGURATATAKI.PVM,edv_f_a,
SATranslation/system/MOGURATATAKI.PVM,edv_f_9n,
SATranslation/system/MOGURATATAKI.PVM,edv_f_8n,
SATranslation/system/MOGURATATAKI.PVM,edv_f_7n,
SATranslation/system/MOGURATATAKI.PVM,edv_f_6n,
SATranslation/system/MOGURATATAKI.PVM,edv_f_5n,
SATranslation/system/MOGURATATAKI.PVM,edv_f_4n,
SATranslation/system/MOGURATATAKI.PVM,edv_f_3n,
SATranslation/system/MOGURATATAKI.PVM,edv_f_2n,
SATranslation/system/MOGURATATAKI.PVM,edv_f_t,
SATranslation/system/MOGURATATAKI.PVM,edv_f_0n,
SATranslation/system/MOGURATATAKI.PVM,edv_f_v,
SATranslation/system/MOGURATATAKI.PVM,edv_f_u,
SATranslation/system/MOGURATATAKI.PVM,edv_f_w,
SATranslation/system/MOGURATATAKI.PVM,edv_f_y,
SATranslation/system/MOGURATATAKI.PVM,edv_f_x,
SATranslation/system/MOGURATATAKI.PVM,edv_f_z,
SATranslation/system/MONORAIL.PVM,k_hkabeami,
SATranslation/system/MONORAIL.PVM,era_s_kuro,
SATranslation/system/MONORAIL.PVM,edc_k_display,
SATranslation/system/MONORAIL.PVM,edc_n_hasi,
SATranslation/system/MONORAIL.PVM,edv_k_more,
SATranslation/system/MONORAIL.PVM,edc_k_monuturi,
SATranslation/system/MONORAIL.PVM,edc_k_jrokalight,
SATranslation/system/MONORAIL.PVM,edv_k_traingarasu,
SATranslation/system/MONORAIL.PVM,edv_k_ekihikari,
SATranslation/system/MONORAIL.PVM,eca_s_whib,
SATranslation/system/MONORAIL.PVM,eca_s_whtb,
SATranslation/system/MONORAIL.PVM,edv_k_mora,
SATranslation/system/MONORAIL.PVM,edv_k_morb,
SATranslation/system/MONORAIL.PVM,edv_k_morc,
SATranslation/system/MONORAIL.PVM,edv_k_mord,
SATranslation/system/MONORAIL.PVM,era_s_haika,
SATranslation/system/MONORAIL.PVM,era_s_kawb,
SATranslation/system/MONORAIL.PVM,eca_s_whi,
SATranslation/system/MONOSTATION.PVM,k_tcomp,
SATranslation/system/MONOSTATION.PVM,k_hkuti2,
SATranslation/system/MONOSTATION.PVM,k_hikaritubu,
SATranslation/system/MONOSTATION.PVM,k_hasimoto001,
SATranslation/system/MONOSTATION.PVM,era_k_kikb,
SATranslation/system/MONOSTATION.PVM,edc_k_hekimon,
SATranslation/system/MONOSTATION.PVM,edv_k_ekibut,
SATranslation/system/MONOSTATION.PVM,edv_k_ekihikari,
SATranslation/system/MONOSTATION.PVM,edv_k_keiji,
SATranslation/system/MONOSTATION.PVM,k_hkaidan003,
SATranslation/system/MONOSTATION.PVM,edc_k_hekidan,
SATranslation/system/MOUNTAIN01.PVM,ai128_iwa2,
SATranslation/system/MOUNTAIN01.PVM,ai128_iwa3,
SATranslation/system/MOUNTAIN01.PVM,ai128_iwa6,
SATranslation/system/MOUNTAIN01.PVM,ai128_iwa7,
SATranslation/system/MOUNTAIN01.PVM,ai128_iwa8,
SATranslation/system/MOUNTAIN01.PVM,ai256_iwa22,
SATranslation/system/MOUNTAIN01.PVM,ai256_iwa26,
SATranslation/system/MOUNTAIN01.PVM,ai256_iwa28,
SATranslation/system/MOUNTAIN01.PVM,ai256_iwa30,
SATranslation/system/MOUNTAIN01.PVM,ai256_iwa31,
SATranslation/system/MOUNTAIN01.PVM,ai256_iwa34,
SATranslation/system/MOUNTAIN01.PVM,ai64_iwa1,
SATranslation/system/MOUNTAIN01.PVM,ai64_iwa2,
SATranslation/system/MOUNTAIN01.PVM,d128side10a,
SATranslation/system/MOUNTAIN01.PVM,d128side8a,
SATranslation/system/MOUNTAIN01.PVM,d128side9a,
SATranslation/system/MOUNTAIN01.PVM,d128tunagi3a,
SATranslation/system/MOUNTAIN01.PVM,d128tunagi4a,
SATranslation/system/MOUNTAIN01.PVM,d128tunagi5a,
SATranslation/system/MOUNTAIN01.PVM,d128wood2a,
SATranslation/system/MOUNTAIN01.PVM,d256due6b,
SATranslation/system/MOUNTAIN01.PVM,d256gaiheki1a,
SATranslation/system/MOUNTAIN01.PVM,d256gaiheki1b,
SATranslation/system/MOUNTAIN01.PVM,d32metal5a,
SATranslation/system/MOUNTAIN01.PVM,d64metal4a,
SATranslation/system/MOUNTAIN01.PVM,d8black_m,
SATranslation/system/MOUNTAIN01.PVM,d8yellow_m,
SATranslation/system/MOUNTAIN01.PVM,metal01,
SATranslation/system/MOUNTAIN01.PVM,q32chain01,
SATranslation/system/MOUNTAIN01.PVM,q63kankyo2,
SATranslation/system/MOUNTAIN01.PVM,q64_sg_027,
SATranslation/system/MOUNTAIN01.PVM,q64_sg_028,
SATranslation/system/MOUNTAIN01.PVM,q64fence,
SATranslation/system/MOUNTAIN01.PVM,q64metal37,
SATranslation/system/MOUNTAIN01.PVM,q64metal8,
SATranslation/system/MOUNTAIN01.PVM,q64pipeg11,
SATranslation/system/MOUNTAIN01.PVM,q64pipeg12,
SATranslation/system/MOUNTAIN01.PVM,q64sabi03,
SATranslation/system/MOUNTAIN01.PVM,q64sabi031,
SATranslation/system/MOUNTAIN01.PVM,q64sabi04,
SATranslation/system/MOUNTAIN01.PVM,q64sabi05,
SATranslation/system/MOUNTAIN01.PVM,q64tanky,
SATranslation/system/MOUNTAIN01.PVM,q64tankyb,
SATranslation/system/MOUNTAIN01.PVM,q64wall,
SATranslation/system/MOUNTAIN01.PVM,q64wall02,
SATranslation/system/MOUNTAIN01.PVM,q64wored,
SATranslation/system/MOUNTAIN01.PVM,q64mtlwall02,
SATranslation/system/MOUNTAIN02.PVM,ai128_iwa7,
SATranslation/system/MOUNTAIN02.PVM,d128dside3a,
SATranslation/system/MOUNTAIN02.PVM,d128dtunagi2a,
SATranslation/system/MOUNTAIN02.PVM,d128dtunagi4a,
SATranslation/system/MOUNTAIN02.PVM,d128dtunagi7a,
SATranslation/system/MOUNTAIN02.PVM,d128due4a,
SATranslation/system/MOUNTAIN02.PVM,d128due5a,
SATranslation/system/MOUNTAIN02.PVM,d128due6a,
SATranslation/system/MOUNTAIN02.PVM,d128due6b,
SATranslation/system/MOUNTAIN02.PVM,d128kaidan1a,
SATranslation/system/MOUNTAIN02.PVM,d128kaidan1b,
SATranslation/system/MOUNTAIN02.PVM,d128kaidan2a,
SATranslation/system/MOUNTAIN02.PVM,d128side10a,
SATranslation/system/MOUNTAIN02.PVM,d128side4a,
SATranslation/system/MOUNTAIN02.PVM,d128side9a,
SATranslation/system/MOUNTAIN02.PVM,d128wood2a,
SATranslation/system/MOUNTAIN02.PVM,d256dside7a,
SATranslation/system/MOUNTAIN02.PVM,d256dside7b,
SATranslation/system/MOUNTAIN02.PVM,d256dside7c,
SATranslation/system/MOUNTAIN02.PVM,d256dside7d,
SATranslation/system/MOUNTAIN02.PVM,d256due6a,
SATranslation/system/MOUNTAIN02.PVM,d256due6b,
SATranslation/system/MOUNTAIN02.PVM,d64dside4a,
SATranslation/system/MOUNTAIN02.PVM,d64dside5a,
SATranslation/system/MOUNTAIN02.PVM,d64dside5b,
SATranslation/system/MOUNTAIN02.PVM,d64dside6a,
SATranslation/system/MOUNTAIN02.PVM,d64dtunagi8a,
SATranslation/system/MOUNTAIN02.PVM,d64dtunagi9a,
SATranslation/system/MOUNTAIN02.PVM,d64metal3a,
SATranslation/system/MOUNTAIN02.PVM,d64metal4a,
SATranslation/system/MOUNTAIN02.PVM,d64metal6a,
SATranslation/system/MOUNTAIN02.PVM,d8black_m,
SATranslation/system/MOUNTAIN02.PVM,q32honegumi,
SATranslation/system/MOUNTAIN02.PVM,q32metal015,
SATranslation/system/MOUNTAIN02.PVM,q64_sg_027,
SATranslation/system/MOUNTAIN02.PVM,q64fence,
SATranslation/system/MOUNTAIN02.PVM,q64metal37,
SATranslation/system/MOUNTAIN02.PVM,q64mtlwall01,
SATranslation/system/MOUNTAIN02.PVM,q64pipeg11,
SATranslation/system/MOUNTAIN02.PVM,q64pipeg12,
SATranslation/system/MOUNTAIN02.PVM,q64sabi03,
SATranslation/system/MOUNTAIN02.PVM,q64sabi04,
SATranslation/system/MOUNTAIN02.PVM,q64sabi05,
SATranslation/system/MOUNTAIN02.PVM,q64sabigear,
SATranslation/system/MOUNTAIN02.PVM,q64tanky,
SATranslation/system/MOUNTAIN02.PVM,q64wored,
SATranslation/system/MOUNTAIN02.PVM,d128dturara1a,
SATranslation/system/MOUNTAIN03.PVM,ai128_iwa3,
SATranslation/system/MOUNTAIN03.PVM,ai128_iwa7,
SATranslation/system/MOUNTAIN03.PVM,ai256_iwa22,
SATranslation/system/MOUNTAIN03.PVM,ai256_iwa26,
SATranslation/system/MOUNTAIN03.PVM,ai256_iwa30,
SATranslation/system/MOUNTAIN03.PVM,ai256_iwa34,
SATranslation/system/MOUNTAIN03.PVM,d128side10a,
SATranslation/system/MOUNTAIN03.PVM,d128side8a,
SATranslation/system/MOUNTAIN03.PVM,d128side9a,
SATranslation/system/MOUNTAIN03.PVM,d128tunagi3a,
SATranslation/system/MOUNTAIN03.PVM,d128tunagi4a,
SATranslation/system/MOUNTAIN03.PVM,d128tunagi5a,
SATranslation/system/MOUNTAIN03.PVM,d128wood2a,
SATranslation/system/MOUNTAIN03.PVM,d256due6b,
SATranslation/system/MOUNTAIN03.PVM,d256gaiheki1a,
SATranslation/system/MOUNTAIN03.PVM,d256gaiheki1b,
SATranslation/system/MOUNTAIN03.PVM,d32metal5a,
SATranslation/system/MOUNTAIN03.PVM,d64metal4a,
SATranslation/system/MOUNTAIN03.PVM,d8black_m,
SATranslation/system/MOUNTAIN03.PVM,q32chain01,
SATranslation/system/MOUNTAIN03.PVM,q64_sg_027,
SATranslation/system/MOUNTAIN03.PVM,q64pipeg11,
SATranslation/system/MOUNTAIN03.PVM,q64sabi03,
SATranslation/system/MOUNTAIN03.PVM,q64sabi04,
SATranslation/system/MOUNTAIN03.PVM,q64tanky,
SATranslation/system/MOUNTAIN03.PVM,q64wall,
SATranslation/system/MOUNTAIN03.PVM,q64fence,
SATranslation/system/MOUNTAIN_CARRIER.PVM,eca_s_banal,
SATranslation/system/MOUNTAIN_CARRIER.PVM,eca_s_banb,
SATranslation/system/MOUNTAIN_CARRIER.PVM,eca_s_bwa,
SATranslation/system/MOUNTAIN_CARRIER.PVM,eca_s_drill,
SATranslation/system/MOUNTAIN_CARRIER.PVM,ecff_s_bia,
SATranslation/system/MOUNTAIN_CARRIER.PVM,ecff_s_bka,
SATranslation/system/MOUNTAIN_CARRIER.PVM,ecff_s_enga,
SATranslation/system/MOUNTAIN_CARRIER.PVM,ecff_s_engb,
SATranslation/system/MOUNTAIN_CARRIER.PVM,ecff_s_engc,
SATranslation/system/MOUNTAIN_CARRIER.PVM,ecff_s_heda,
SATranslation/system/MOUNTAIN_CARRIER.PVM,ecff_s_inta,
SATranslation/system/MOUNTAIN_CARRIER.PVM,ecff_s_joba,
SATranslation/system/MOUNTAIN_CARRIER.PVM,ecff_s_sita,
SATranslation/system/MOUNTAIN_CARRIER.PVM,ecff_s_yoka,
SATranslation/system/MOUNTAIN_CARRIER.PVM,ecff_s_yokb,
SATranslation/system/MOUNTAIN_CARRIER.PVM,ecf_s_inta,
SATranslation/system/MOUNTAIN_CARRIER.PVM,ecf_s_intb,
SATranslation/system/MOUNTAIN_CARRIER.PVM,era_s_enmd,
SATranslation/system/MOUNTAIN_CARRIER.PVM,era_s_intc,
SATranslation/system/MOUNTAIN_CARRIER.PVM,stg_s_bkfirec,
SATranslation/system/MOUNTAIN_CARRIER.PVM,stg_s_bkfired,
SATranslation/system/MOUNTAIN_E104.PVM,etx_bluck1,
SATranslation/system/MOUNTAIN_E104.PVM,etx_yline,
SATranslation/system/MOUNTAIN_E104.PVM,etx_red7,
SATranslation/system/MOUNTAIN_E104.PVM,etx_right,
SATranslation/system/MOUNTAIN_E104.PVM,etx_right1,
SATranslation/system/MOUNTAIN_E104.PVM,etx_right3,
SATranslation/system/MOUNTAIN_E104.PVM,etx_se,
SATranslation/system/MOUNTAIN_E104.PVM,etx_te1,
SATranslation/system/MOUNTAIN_E104.PVM,etx_metal2,
SATranslation/system/MOUNTAIN_E104.PVM,etx_tiya,
SATranslation/system/MOUNTAIN_E104.PVM,etx_yellow0,
SATranslation/system/MOUNTAIN_E104.PVM,etx_yellow1,
SATranslation/system/MOUNTAIN_E104.PVM,etx_yellow2,
SATranslation/system/MOUNTAIN_E104.PVM,etx_asi2,
SATranslation/system/MOUNTAIN_E104.PVM,etx_bline,
SATranslation/system/MOUNTAIN_E104.PVM,etx_pype1,
SATranslation/system/MOUNTAIN_E104.PVM,etx_enn1,
SATranslation/system/MOUNTAIN_E104.PVM,etx_enn2,
SATranslation/system/MOUNTAIN_E104.PVM,etx_eyes,
SATranslation/system/MOUNTAIN_E104.PVM,etx_green,
SATranslation/system/MOUNTAIN_E104.PVM,etx_guno,
SATranslation/system/MOUNTAIN_E104.PVM,etx_kosi0,
SATranslation/system/MOUNTAIN_E104.PVM,etx_line1,
SATranslation/system/MOUNTAIN_E104.PVM,e104_asi1,
SATranslation/system/MOUNTAIN_E104.PVM,04tx_gun_ue2,
SATranslation/system/MOUNTAIN_E104.PVM,04tx_gun_usi,
SATranslation/system/MOUNTAIN_E104.PVM,04tx_gun_yoko,
SATranslation/system/MOUNTAIN_E104.PVM,04tx_gun_yoko2,
SATranslation/system/MOUNTAIN_E104.PVM,04tx_gun_yoko3,
SATranslation/system/MOUNTAIN_E104.PVM,04tx_m_yoko,
SATranslation/system/MOUNTAIN_E104.PVM,e104_104,
SATranslation/system/MOUNTAIN_E104.PVM,04tx_gun_ue,
SATranslation/system/MOUNTAIN_E104.PVM,e104_gard2,
SATranslation/system/MOUNTAIN_E104.PVM,e104_o2,
SATranslation/system/MOUNTAIN_E104.PVM,e104_o4,
SATranslation/system/MOUNTAIN_E104.PVM,e104_o6,
SATranslation/system/MOUNTAIN_E104.PVM,e104_o7,
SATranslation/system/MOUNTAIN_E104.PVM,04tx_gun_mae2,
SATranslation/system/MOUNTAIN_E104.PVM,04tx_gun_mae,
SATranslation/system/MOUNTAIN_E104.PVM,e104_fun2,
SATranslation/system/MOUNTAIN_E104.PVM,03tx_m_mae,
SATranslation/system/MOUNTAIN_E104.PVM,03tx_m_usi,
SATranslation/system/MOUNTAIN_E104.PVM,03tx_m_usi2,
SATranslation/system/MOUNTAIN_E104.PVM,03tx_m_yoko2,
SATranslation/system/MOUNTAIN_E104.PVM,e_jet01,
SATranslation/system/MOUNTAIN_E104.PVM,e_jet03,
SATranslation/system/MOUNTAIN_E104.PVM,e_jet02,
SATranslation/system/MOUNTAIN_E104.PVM,e_jet04,
SATranslation/system/MOUNTAIN_MEXPLOSION.PVM,mpoliexp01,
SATranslation/system/MOUNTAIN_MEXPLOSION.PVM,mpoliexp02,
SATranslation/system/MOUNTAIN_MEXPLOSION.PVM,mpoliexp03,
SATranslation/system/MOUNTAIN_MEXPLOSION.PVM,mpoliexp04,
SATranslation/system/MOUNTAIN_MEXPLOSION.PVM,mpoliexp05,
SATranslation/system/MOUNTAIN_MEXPLOSION.PVM,mpoliexp06,
SATranslation/system/MOUNTAIN_MEXPLOSION.PVM,mpoliexp07,
SATranslation/system/MOUNTAIN_MEXPLOSION.PVM,mpoliexp08,
SATranslation/system/MOUNTAIN_STEAM.PVM,pom01,
SATranslation/system/MOUNTAIN_STEAM.PVM,pom02,
SATranslation/system/MOUNTAIN_STEAM.PVM,pom03,
SATranslation/system/MOUNTAIN_STEAM.PVM,pom04,
SATranslation/system/MOUNTAIN_STEAM.PVM,pom05,
SATranslation/system/MOUNTAIN_STEAM.PVM,pom06,
SATranslation/system/MOUNTAIN_STEAM.PVM,pom07,
SATranslation/system/MOUNTAIN_STEAM.PVM,pom08,
SATranslation/system/MP_10000_POLICE.PVM,611009,
SATranslation/system/MP_10000_POLICE.PVM,611013,
SATranslation/system/MP_10000_POLICE.PVM,611014,
SATranslation/system/MP_10000_POLICE.PVM,611016,
SATranslation/system/MP_10000_POLICE.PVM,611017,
SATranslation/system/MP_10000_POLICE.PVM,611018,
SATranslation/system/MP_10000_POLICE.PVM,611019,
SATranslation/system/MP_10000_POLICE.PVM,611000,
SATranslation/system/MP_10000_POLICE.PVM,611001,
SATranslation/system/MP_10000_POLICE.PVM,611002,
SATranslation/system/MP_10000_POLICE.PVM,611003,
SATranslation/system/MP_10000_POLICE.PVM,611004,
SATranslation/system/MP_10000_POLICE.PVM,611005,
SATranslation/system/MP_10000_POLICE.PVM,611006,
SATranslation/system/MP_10000_POLICE.PVM,611007,
SATranslation/system/MP_10000_POLICE.PVM,611008,
SATranslation/system/MP_10000_POLICE.PVM,611010,
SATranslation/system/MP_10000_POLICE.PVM,611011,
SATranslation/system/MP_10000_POLICE.PVM,611012,
SATranslation/system/MP_10000_POLICE.PVM,611015,
SATranslation/system/MP_10000_POLICE.PVM,611020,
SATranslation/system/MP_10000_POLICE.PVM,611021,
SATranslation/system/MP_10000_POLICE.PVM,611022,
SATranslation/system/MR_EGG.PVM,pal,
SATranslation/system/MR_FINALEGG.PVM,eca_s_mado,
SATranslation/system/MR_FINALEGG.PVM,mrc_064k_more,
SATranslation/system/MR_FINALEGG.PVM,mrc_064k_shima,
SATranslation/system/MR_FINALEGG.PVM,mrc_064s_fekankyo,
SATranslation/system/MR_FINALEGG.PVM,mrc_064s_guna,
SATranslation/system/MR_FINALEGG.PVM,mrc_128s_matia,
SATranslation/system/MR_FINALEGG.PVM,mrc_128s_matib,
SATranslation/system/MR_FINALEGG.PVM,mrc_128s_mora,
SATranslation/system/MR_FINALEGG.PVM,mrd_032s_efhikari,
SATranslation/system/MR_FINALEGG.PVM,mrd_064s_banal,
SATranslation/system/MR_FINALEGG.PVM,mrd_064s_efa,
SATranslation/system/MR_FINALEGG.PVM,mrd_064s_efb,
SATranslation/system/MR_FINALEGG.PVM,mrd_064s_efc,
SATranslation/system/MR_FINALEGG.PVM,mrd_064s_efd,
SATranslation/system/MR_FINALEGG.PVM,mrd_064s_efe,
SATranslation/system/MR_FINALEGG.PVM,mrd_128s_efaka,
SATranslation/system/MR_FINALEGG.PVM,mrd_128s_efgra,
SATranslation/system/MR_FINALEGG.PVM,mrd_128s_efgraka,
SATranslation/system/MR_FINALEGG.PVM,mrd_128s_efgrc,
SATranslation/system/MR_FINALEGG.PVM,mrd_128s_efgre,
SATranslation/system/MR_FINALEGG.PVM,mrd_128s_efhikari,
SATranslation/system/MR_FINALEGG.PVM,mrd_128s_gya,
SATranslation/system/MR_FINALEGG.PVM,mrd_128s_oriue,
SATranslation/system/MR_FINALEGG.PVM,mr_016f_kousenb,
SATranslation/system/MR_FINALEGG.PVM,mr_128s_jukaib,
SATranslation/system/MR_PYRAMID.PVM,mr_032f_eye,
SATranslation/system/MR_PYRAMID.PVM,mr_032f_eyeb,
SATranslation/system/MR_PYRAMID.PVM,mr_032k_huti,
SATranslation/system/MR_PYRAMID.PVM,mr_032k_huti3,
SATranslation/system/MR_PYRAMID.PVM,mr_064f_uroe,
SATranslation/system/MR_PYRAMID.PVM,mr_064f_urof,
SATranslation/system/MR_PYRAMID.PVM,mr_064k_kah,
SATranslation/system/MR_PYRAMID.PVM,mr_064k_kata,
SATranslation/system/MR_PYRAMID.PVM,mr_064k_mizo,
SATranslation/system/MR_PYRAMID.PVM,mr_064k_mizok,
SATranslation/system/MR_PYRAMID.PVM,mr_064k_ue,
SATranslation/system/MR_PYRAMID.PVM,mr_128f_iriguti,
SATranslation/system/MR_PYRAMID.PVM,mr_128k_hebi,
SATranslation/system/MR_PYRAMID.PVM,mr_128k_hebi2,
SATranslation/system/MR_PYRAMID.PVM,mr_128k_hekida,
SATranslation/system/MR_PYRAMID.PVM,mr_128k_huti,
SATranslation/system/MR_PYRAMID.PVM,mr_128k_kuzud,
SATranslation/system/MR_PYRAMID.PVM,mr_128k_kuzure,
SATranslation/system/MR_PYRAMID.PVM,mr_128k_kuzure3,
SATranslation/system/MR_PYRAMID.PVM,mr_128k_nikabe01,
SATranslation/system/MR_PYRAMID.PVM,mr_128k_wallna,
SATranslation/system/MR_SKY00.PVM,mra_008s_hirusorab,
SATranslation/system/MR_SKY00.PVM,mrasc_016s_hiruumi,
SATranslation/system/MR_SKY00.PVM,mrasc_256s_hirusoraa,
SATranslation/system/MR_SKY00.PVM,mrasc_016s_yoruumi,
SATranslation/system/MR_SKY00.PVM,mrasc_064s_yorusorab,
SATranslation/system/MR_SKY00.PVM,mrasc_256s_yorusoraa,
SATranslation/system/MR_SKY00.PVM,mrasc_008s_yusorab,
SATranslation/system/MR_SKY00.PVM,mrasc_016s_yuuumi,
SATranslation/system/MR_SKY00.PVM,mrasc_256s_yuusoraa,
SATranslation/system/MR_SKY01.PVM,mra_008s_hirusorab,
SATranslation/system/MR_SKY01.PVM,mrasc_016s_hiruumi,
SATranslation/system/MR_SKY01.PVM,mrasc_256s_hirusoraa,
SATranslation/system/MR_SKY01.PVM,mrasc_016s_yoruumi,
SATranslation/system/MR_SKY01.PVM,mrasc_064s_yorusorab,
SATranslation/system/MR_SKY01.PVM,mrasc_256s_yorusoraa,
SATranslation/system/MR_SKY01.PVM,mrasc_008s_yusorab,
SATranslation/system/MR_SKY01.PVM,mrasc_016s_yuuumi,
SATranslation/system/MR_SKY01.PVM,mrasc_256s_yuusoraa,
SATranslation/system/MR_SKY02.PVM,mrcsc_008s_hirusorab,
SATranslation/system/MR_SKY02.PVM,mrcsc_256s_hirusora,
SATranslation/system/MR_SKY02.PVM,mrcsc_064s_yorusorab,
SATranslation/system/MR_SKY02.PVM,mrcsc_256s_yorusoraa,
SATranslation/system/MR_SKY02.PVM,mrcsc_008s_yusorab,
SATranslation/system/MR_SKY02.PVM,mrcsc_256s_yusoraa,
SATranslation/system/MR_TORNADO2.PVM,s_t2_bodya_tit,
SATranslation/system/MR_TORNADO2.PVM,s_t2_bodyb_tit,
SATranslation/system/MR_TORNADO2.PVM,s_t2_bodyc_tit,
SATranslation/system/MR_TORNADO2.PVM,s_t2_bodyd_tit,
SATranslation/system/MR_TORNADO2.PVM,s_t2_bodye_tit,
SATranslation/system/MR_TORNADO2.PVM,s_t2_bodyf_tit,
SATranslation/system/MR_TORNADO2.PVM,s_t2_bodyg_tit,
SATranslation/system/MR_TORNADO2.PVM,s_t2_canob_tit,
SATranslation/system/MR_TORNADO2.PVM,s_t2_cano_tit,
SATranslation/system/MR_TORNADO2.PVM,s_t2_eme2_tit,
SATranslation/system/MR_TORNADO2.PVM,s_t2_eme_tit,
SATranslation/system/MR_TORNADO2.PVM,s_t2_heada_tit,
SATranslation/system/MR_TORNADO2.PVM,s_t2_headb_tit,
SATranslation/system/MR_TORNADO2.PVM,s_t2_headc_tit,
SATranslation/system/MR_TORNADO2.PVM,s_t2_headd_tit,
SATranslation/system/MR_TORNADO2.PVM,s_t2_heade_tit,
SATranslation/system/MR_TORNADO2.PVM,s_t2_headf_tit,
SATranslation/system/MR_TORNADO2.PVM,s_t2_jeta_tit,
SATranslation/system/MR_TORNADO2.PVM,s_t2_jetb_tit,
SATranslation/system/MR_TORNADO2.PVM,s_t2_jetc_tit,
SATranslation/system/MR_TORNADO2.PVM,s_t2_jetd_tit,
SATranslation/system/MR_TORNADO2.PVM,s_t2_mks_tit,
SATranslation/system/MR_TORNADO2.PVM,s_t2_mkt_tit,
SATranslation/system/MR_TORNADO2.PVM,s_t2_winga_tita1,
SATranslation/system/MR_TORNADO2.PVM,s_t2_winga_tita2,
SATranslation/system/MR_TORNADO2.PVM,s_t2_wingb_tit,
SATranslation/system/MR_TORNADO2.PVM,s_t2_wingc_tita,
SATranslation/system/MR_TORNADO2.PVM,s_t2_wingc_titb,
SATranslation/system/MR_TRAIN.PVM,belt2,
SATranslation/system/MR_TRAIN.PVM,kuda03,
SATranslation/system/MR_TRAIN.PVM,patlight_a,
SATranslation/system/MR_TRAIN.PVM,patlight_b,
SATranslation/system/MR_TRAIN.PVM,pipe_2,
SATranslation/system/MR_TRAIN.PVM,tra_black,
SATranslation/system/MR_TRAIN.PVM,tra_body0,
SATranslation/system/MR_TRAIN.PVM,tra_body1,
SATranslation/system/MR_TRAIN.PVM,tra_body2,
SATranslation/system/MR_TRAIN.PVM,tra_body4,
SATranslation/system/MR_TRAIN.PVM,tra_bottom0,
SATranslation/system/MR_TRAIN.PVM,tra_door1,
SATranslation/system/MR_TRAIN.PVM,tra_floor0,
SATranslation/system/MR_TRAIN.PVM,tra_gotomr,
SATranslation/system/MR_TRAIN.PVM,tra_isu0,
SATranslation/system/MR_TRAIN.PVM,tra_isu1,
SATranslation/system/MR_TRAIN.PVM,tra_mado2,
SATranslation/system/MR_TRAIN.PVM,tra_mado3,
SATranslation/system/MR_TRAIN.PVM,tra_mado4,
SATranslation/system/MR_TRAIN.PVM,tra_metal,
SATranslation/system/MR_TRAIN.PVM,tra_tyre0,
SATranslation/system/MR_TRAIN.PVM,tra_yane0,
SATranslation/system/MR_TRAIN.PVM,tra_yane1,
SATranslation/system/MR_TRAIN.PVM,tra_yane2,
SATranslation/system/MR_TRAIN.PVM,tra_yane3,
SATranslation/system/MR_TRAIN.PVM,tra_yane4,
SATranslation/system/MR_TRAIN.PVM,tra_yane5,
SATranslation/system/MR_TRAIN.PVM,tra_yane6,
SATranslation/system/MR_TRAIN.PVM,tra_yane7,
SATranslation/system/MR_TRAIN.PVM,tra_yane8,
SATranslation/system/MRACE_EGGMOBLE.PVM,e_fuku03,
SATranslation/system/MRACE_EGGMOBLE.PVM,e_fuku02,
SATranslation/system/MRACE_EGGMOBLE.PVM,e_koshi01,
SATranslation/system/MRACE_EGGMOBLE.PVM,kan_g,DE
SATranslation/system/MRACE_EGGMOBLE.PVM,kan_m,
SATranslation/system/MRACE_EGGMOBLE.PVM,e_hige,
SATranslation/system/MRACE_EGGMOBLE.PVM,e_fuku04,
SATranslation/system/MRACE_EGGMOBLE.PVM,e_fuku01,
SATranslation/system/MRACE_EGGMOBLE.PVM,e_te01,
SATranslation/system/MRACE_EGGMOBLE.PVM,s_hando2,
SATranslation/system/MRACE_EGGMOBLE.PVM,blackm2,
SATranslation/system/MRACE_EGGMOBLE.PVM,whit_s,ES
SATranslation/system/MRACE_EGGMOBLE.PVM,eg_rbrack,
SATranslation/system/MRACE_EGGMOBLE.PVM,eg_seet01,
SATranslation/system/MRACE_EGGMOBLE.PVM,eg_b03,
SATranslation/system/MRACE_EGGMOBLE.PVM,eg_b033,
SATranslation/system/MRACE_EGGMOBLE.PVM,eg_waku01,
SATranslation/system/MRACE_EGGMOBLE.PVM,console2,
SATranslation/system/MRACE_EGGMOBLE.PVM,sno_ref11,
SATranslation/system/MRACE_EGGMOBLE.PVM,egm_r01,
SATranslation/system/MRACE_EGGMOBLE.PVM,sor_whit,
SATranslation/system/MRACE_EGGMOBLE.PVM,snolight,
SATranslation/system/MRACE_EGGMOBLE.PVM,egm_b02,
SATranslation/system/MRACE_EGGMOBLE.PVM,egm_m01,
SATranslation/system/MRACE_EGGMOBLE.PVM,eg_b02,
SATranslation/system/MRACE_EGGMOBLE.PVM,orenge,
SATranslation/system/MRACE_EGGMOBLE.PVM,eg_b01,
SATranslation/system/MROBJ.PVM,mr_032n_hac,
SATranslation/system/MROBJ.PVM,eca_s_gold,
SATranslation/system/MROBJ.PVM,eca_s_gre,
SATranslation/system/MROBJ.PVM,eca_s_whtb,
SATranslation/system/MROBJ.PVM,edb_o_slot02,
SATranslation/system/MROBJ.PVM,edb_o_ten03,
SATranslation/system/MROBJ.PVM,edb_o_ten11,
SATranslation/system/MROBJ.PVM,edb_o_ten12,
SATranslation/system/MROBJ.PVM,edc_f_switch,
SATranslation/system/MROBJ.PVM,edc_k_jsen,
SATranslation/system/MROBJ.PVM,edc_n_hasi,
SATranslation/system/MROBJ.PVM,edc_n_kabe13,
SATranslation/system/MROBJ.PVM,edc_n_kabe15,
SATranslation/system/MROBJ.PVM,edc_n_kabe8,
SATranslation/system/MROBJ.PVM,edc_n_tank10,
SATranslation/system/MROBJ.PVM,edc_n_tank2,
SATranslation/system/MROBJ.PVM,edc_n_tank3,
SATranslation/system/MROBJ.PVM,edc_n_tank6,
SATranslation/system/MROBJ.PVM,edc_n_tobiraa,
SATranslation/system/MROBJ.PVM,edc_n_tobirab,
SATranslation/system/MROBJ.PVM,edc_n_tobirac,
SATranslation/system/MROBJ.PVM,edc_n_tobirad,
SATranslation/system/MROBJ.PVM,edc_n_tobirae,
SATranslation/system/MROBJ.PVM,edc_n_tobiraf,
SATranslation/system/MROBJ.PVM,edc_n_tobirag,
SATranslation/system/MROBJ.PVM,edc_n_uturi,
SATranslation/system/MROBJ.PVM,edv_f_katabc,
SATranslation/system/MROBJ.PVM,edv_f_zenmenb,
SATranslation/system/MROBJ.PVM,era_s_cove,
SATranslation/system/MROBJ.PVM,m128_los003,
SATranslation/system/MROBJ.PVM,m128_los038,
SATranslation/system/MROBJ.PVM,m32_los010,
SATranslation/system/MROBJ.PVM,m64_los013,
SATranslation/system/MROBJ.PVM,m64_los018,
SATranslation/system/MROBJ.PVM,mk_008k_keyeye,
SATranslation/system/MROBJ.PVM,mk_008s_irikuro,
SATranslation/system/MROBJ.PVM,mk_016k_gold,
SATranslation/system/MROBJ.PVM,mk_016k_keyyokodou,
SATranslation/system/MROBJ.PVM,mk_016k_silver,
SATranslation/system/MROBJ.PVM,mk_016k_skeyyokodou,
SATranslation/system/MROBJ.PVM,mk_032k_kaidanue,
SATranslation/system/MROBJ.PVM,mk_032k_keyban,
SATranslation/system/MROBJ.PVM,mk_032k_keydou,
SATranslation/system/MROBJ.PVM,mk_032k_keyyokodou,
SATranslation/system/MROBJ.PVM,mk_032k_skeydou,
SATranslation/system/MROBJ.PVM,mk_032k_skeyyokodou,
SATranslation/system/MROBJ.PVM,mk_064k_irigutihikari,
SATranslation/system/MROBJ.PVM,mra_064s_ext,
SATranslation/system/MROBJ.PVM,mra_064s_tlksa,
SATranslation/system/MROBJ.PVM,mra_064s_tlksb,
SATranslation/system/MROBJ.PVM,mra_064s_tlksc,
SATranslation/system/MROBJ.PVM,mra_128s_doab,
SATranslation/system/MROBJ.PVM,mra_128s_gd,
SATranslation/system/MROBJ.PVM,mra_128s_kianagd,
SATranslation/system/MROBJ.PVM,mra_256s_eikaba,
SATranslation/system/MROBJ.PVM,mra_256s_kabeb,
SATranslation/system/MROBJ.PVM,mra_256s_kianaa,
SATranslation/system/MROBJ.PVM,mra_256s_kianab,
SATranslation/system/MROBJ.PVM,mra_256s_kianac,
SATranslation/system/MROBJ.PVM,mrb_256s_ganpeki,
SATranslation/system/MROBJ.PVM,mrp_064s_emefmust,
SATranslation/system/MROBJ.PVM,mrs_064s_uetuti,
SATranslation/system/MROBJ.PVM,mr_008o_kuro,
SATranslation/system/MROBJ.PVM,mr_016f_kazec,
SATranslation/system/MROBJ.PVM,mr_016f_key,
SATranslation/system/MROBJ.PVM,mr_016f_keyb,
SATranslation/system/MROBJ.PVM,mr_016f_kousenb,
SATranslation/system/MROBJ.PVM,mr_016f_neji,
SATranslation/system/MROBJ.PVM,mr_016f_tesuri,
SATranslation/system/MROBJ.PVM,mr_016f_wakiso,
SATranslation/system/MROBJ.PVM,mr_016k_goldc,
SATranslation/system/MROBJ.PVM,mr_016k_silverc,
SATranslation/system/MROBJ.PVM,mr_016o_doa03,
SATranslation/system/MROBJ.PVM,mr_032f_asi,
SATranslation/system/MROBJ.PVM,mr_032f_beam,
SATranslation/system/MROBJ.PVM,mr_032f_box,
SATranslation/system/MROBJ.PVM,mr_032f_brake,
SATranslation/system/MROBJ.PVM,mr_032f_brakeb,
SATranslation/system/MROBJ.PVM,mr_032f_chb,
SATranslation/system/MROBJ.PVM,mr_032f_chc,
SATranslation/system/MROBJ.PVM,mr_032f_chd,
SATranslation/system/MROBJ.PVM,mr_032f_che,
SATranslation/system/MROBJ.PVM,mr_032f_eye,
SATranslation/system/MROBJ.PVM,mr_032f_eyeb,
SATranslation/system/MROBJ.PVM,mr_032f_hikari,
SATranslation/system/MROBJ.PVM,mr_032f_ita,
SATranslation/system/MROBJ.PVM,mr_032f_jabara,
SATranslation/system/MROBJ.PVM,mr_032f_kannb,
SATranslation/system/MROBJ.PVM,mr_032f_kannc,
SATranslation/system/MROBJ.PVM,mr_032f_kousen,
SATranslation/system/MROBJ.PVM,mr_032f_sabid,
SATranslation/system/MROBJ.PVM,mr_032f_totte,
SATranslation/system/MROBJ.PVM,mr_032f_yoko,
SATranslation/system/MROBJ.PVM,mr_032f_yokopi,
SATranslation/system/MROBJ.PVM,mr_032k_huti,
SATranslation/system/MROBJ.PVM,mr_032k_huti2,
SATranslation/system/MROBJ.PVM,mr_032k_nikaid01,
SATranslation/system/MROBJ.PVM,mr_032k_nikaid02,
SATranslation/system/MROBJ.PVM,mr_032k_sansyoku,
SATranslation/system/MROBJ.PVM,mr_032o_gold,
SATranslation/system/MROBJ.PVM,mr_032o_himo01,
SATranslation/system/MROBJ.PVM,mr_032o_himo02,
SATranslation/system/MROBJ.PVM,mr_032o_kasan,
SATranslation/system/MROBJ.PVM,mr_032o_kdan,
SATranslation/system/MROBJ.PVM,mr_032o_miki02,
SATranslation/system/MROBJ.PVM,mr_064f_center,
SATranslation/system/MROBJ.PVM,mr_064f_kai,
SATranslation/system/MROBJ.PVM,mr_064f_kesshou,
SATranslation/system/MROBJ.PVM,mr_064f_kiri,
SATranslation/system/MROBJ.PVM,mr_064f_kiwaku,
SATranslation/system/MROBJ.PVM,mr_064f_kiwakub,
SATranslation/system/MROBJ.PVM,mr_064f_kiwakuc,
SATranslation/system/MROBJ.PVM,mr_064f_kiwakud,
SATranslation/system/MROBJ.PVM,mr_064f_kuzuf,
SATranslation/system/MROBJ.PVM,mr_064f_kuzum,
SATranslation/system/MROBJ.PVM,mr_064f_mae,
SATranslation/system/MROBJ.PVM,mr_064f_maesita,
SATranslation/system/MROBJ.PVM,mr_064f_mon,
SATranslation/system/MROBJ.PVM,mr_064f_mond,
SATranslation/system/MROBJ.PVM,mr_064f_savi,
SATranslation/system/MROBJ.PVM,mr_064f_tiika,
SATranslation/system/MROBJ.PVM,mr_064f_tiikab,
SATranslation/system/MROBJ.PVM,mr_064f_tower,
SATranslation/system/MROBJ.PVM,mr_064f_towerice,
SATranslation/system/MROBJ.PVM,mr_064f_uroe,
SATranslation/system/MROBJ.PVM,mr_064f_usiro,
SATranslation/system/MROBJ.PVM,mr_064f_yokob,
SATranslation/system/MROBJ.PVM,mr_064f_yokoc,
SATranslation/system/MROBJ.PVM,mr_064f_yokoiwa,
SATranslation/system/MROBJ.PVM,mr_064f_yokoiwac,
SATranslation/system/MROBJ.PVM,mr_064f_yokoiwad,
SATranslation/system/MROBJ.PVM,mr_064f_yokositd,
SATranslation/system/MROBJ.PVM,mr_064f_yuka,
SATranslation/system/MROBJ.PVM,mr_064k_akaren,
SATranslation/system/MROBJ.PVM,mr_064k_akarens,
SATranslation/system/MROBJ.PVM,mr_064k_cudanmen,
SATranslation/system/MROBJ.PVM,mr_064k_cudou,
SATranslation/system/MROBJ.PVM,mr_064k_cudou2,
SATranslation/system/MROBJ.PVM,mr_064k_cueye,
SATranslation/system/MROBJ.PVM,mr_064k_cuface,
SATranslation/system/MROBJ.PVM,mr_064k_kabem,
SATranslation/system/MROBJ.PVM,mr_064k_kata,
SATranslation/system/MROBJ.PVM,mr_064k_mizo,
SATranslation/system/MROBJ.PVM,mr_064n_bighaa,
SATranslation/system/MROBJ.PVM,mr_064n_bighab,
SATranslation/system/MROBJ.PVM,mr_064n_bota,
SATranslation/system/MROBJ.PVM,mr_064n_eggman,
SATranslation/system/MROBJ.PVM,mr_064n_hag,
SATranslation/system/MROBJ.PVM,mr_064n_haj,
SATranslation/system/MROBJ.PVM,mr_064n_has,
SATranslation/system/MROBJ.PVM,mr_064n_iwahada,
SATranslation/system/MROBJ.PVM,mr_064n_maruta,
SATranslation/system/MROBJ.PVM,mr_064n_sidaa,
SATranslation/system/MROBJ.PVM,mr_064n_sidab,
SATranslation/system/MROBJ.PVM,mr_064n_yasia,
SATranslation/system/MROBJ.PVM,mr_064o_asi,
SATranslation/system/MROBJ.PVM,mr_064o_ha03,
SATranslation/system/MROBJ.PVM,mr_064o_kdoa,
SATranslation/system/MROBJ.PVM,mr_064o_kiso04,
SATranslation/system/MROBJ.PVM,mr_064o_kiso09,
SATranslation/system/MROBJ.PVM,mr_064o_kousi,
SATranslation/system/MROBJ.PVM,mr_064o_lamp,
SATranslation/system/MROBJ.PVM,mr_064o_lamp2,
SATranslation/system/MROBJ.PVM,mr_064o_maki01,
SATranslation/system/MROBJ.PVM,mr_064o_maki02,
SATranslation/system/MROBJ.PVM,mr_064o_miki01,
SATranslation/system/MROBJ.PVM,mr_064o_miki02,
SATranslation/system/MROBJ.PVM,mr_064o_miki03,
SATranslation/system/MROBJ.PVM,mr_064o_mrt,
SATranslation/system/MROBJ.PVM,mr_064o_sora,
SATranslation/system/MROBJ.PVM,mr_064o_yozora,
SATranslation/system/MROBJ.PVM,mr_064s_emebl,
SATranslation/system/MROBJ.PVM,mr_064s_emegren,
SATranslation/system/MROBJ.PVM,mr_064s_emegrenb,
SATranslation/system/MROBJ.PVM,mr_064s_emepupl,
SATranslation/system/MROBJ.PVM,mr_064s_emered,
SATranslation/system/MROBJ.PVM,mr_064s_emesky,
SATranslation/system/MROBJ.PVM,mr_064s_emewhit,
SATranslation/system/MROBJ.PVM,mr_064s_emeyelw,
SATranslation/system/MROBJ.PVM,mr_064s_kori,
SATranslation/system/MROBJ.PVM,mr_064s_los031,
SATranslation/system/MROBJ.PVM,mr_128f_en,EN
SATranslation/system/MROBJ.PVM,mr_128f_happac,
SATranslation/system/MROBJ.PVM,mr_128f_hekic,
SATranslation/system/MROBJ.PVM,mr_128f_hekid,
SATranslation/system/MROBJ.PVM,mr_128f_kah,
SATranslation/system/MROBJ.PVM,mr_128f_snow,
SATranslation/system/MROBJ.PVM,mr_128f_yokoite,
SATranslation/system/MROBJ.PVM,mr_128f_yuka,
SATranslation/system/MROBJ.PVM,mr_128k_hebi,
SATranslation/system/MROBJ.PVM,mr_128k_huti2,
SATranslation/system/MROBJ.PVM,mr_128k_knuckles,
SATranslation/system/MROBJ.PVM,mr_128k_wallna,
SATranslation/system/MROBJ.PVM,mr_128n_busha,
SATranslation/system/MROBJ.PVM,mr_128n_bushb,
SATranslation/system/MROBJ.PVM,mr_128n_iwahada,
SATranslation/system/MROBJ.PVM,mr_128n_jimenb,
SATranslation/system/MROBJ.PVM,mr_128o_doa01,
SATranslation/system/MROBJ.PVM,mr_128o_doa02,
SATranslation/system/MROBJ.PVM,mr_128o_doa03,
SATranslation/system/MROBJ.PVM,mr_128o_doa04,
SATranslation/system/MROBJ.PVM,mr_128o_miki01,
SATranslation/system/MROBJ.PVM,mr_128s_eda,
SATranslation/system/MROBJ.PVM,mr_64n_hikari,
SATranslation/system/MROBJ.PVM,mr_64s_kawa,
SATranslation/system/MROBJ.PVM,edc_n_osoujid,
SATranslation/system/MROBJ.PVM,mr_064f_ue,
SATranslation/system/MROBJ.PVM,mra_256s_kabc,
SATranslation/system/MROBJ.PVM,mra_256s_sitkabc,
SATranslation/system/MROBJ_MAST.PVM,mr_064s_emegrenb,
SATranslation/system/MROBJ_MASTLDAM.PVM,mr_064s_emegrenb,
SATranslation/system/MROBJ_MASTSDAM.PVM,mr_064s_emegrenb,
SATranslation/system/NEW_BB.PVM,f_bb04,
SATranslation/system/NEW_BB.PVM,f_bb01,
SATranslation/system/NEW_BB.PVM,f_bb03,
SATranslation/system/NEW_BB.PVM,f_tai05,
SATranslation/system/NEW_BB.PVM,f_bb06,
SATranslation/system/NEW_BB.PVM,f_bb02,
SATranslation/system/NEW_BB.PVM,f_bb05,
SATranslation/system/NISEPAT.PVM,ref_crome,
SATranslation/system/NISEPAT.PVM,yuka,
SATranslation/system/NISEPAT.PVM,rock_hane,
SATranslation/system/NISEPAT.PVM,patbamp,
SATranslation/system/NISEPAT.PVM,yakei_ref_b,
SATranslation/system/NISEPAT.PVM,console,
SATranslation/system/NISEPAT.PVM,yakei_ref_w,
SATranslation/system/NISEPAT.PVM,seat0,
SATranslation/system/NISEPAT.PVM,patboard,
SATranslation/system/NISEPAT.PVM,patbody1,
SATranslation/system/NISEPAT.PVM,patburn,
SATranslation/system/NISEPAT.PVM,patlight,
SATranslation/system/NISEPAT.PVM,kuti0,
SATranslation/system/NISEPAT.PVM,saruorange,
SATranslation/system/NISEPAT.PVM,ssheadlight0,
SATranslation/system/NISEPAT.PVM,airtake,
SATranslation/system/NISEPAT.PVM,rock_panel3,
SATranslation/system/NISEPAT.PVM,ref_red,
SATranslation/system/NISEPAT.PVM,yakei_ref_blue,
SATranslation/system/NISEPAT.PVM,gray,
SATranslation/system/NISEPAT.PVM,spotlight0,
SATranslation/system/NOWLOAD.PVM,nowload,
SATranslation/system/OBJ_AL_RACE.PVM,al_ws01,
SATranslation/system/OBJ_AL_RACE.PVM,al_ws02,
SATranslation/system/OBJ_AL_RACE.PVM,al_ws04,
SATranslation/system/OBJ_AL_RACE.PVM,al_ws09,
SATranslation/system/OBJ_AL_RACE.PVM,cr_ent,
SATranslation/system/OBJ_AL_RACE.PVM,plant05,
SATranslation/system/OBJ_AL_RACE.PVM,plant06,
SATranslation/system/OBJ_AL_RACE.PVM,plant_02,
SATranslation/system/OBJ_AL_RACE.PVM,cr_ha,
SATranslation/system/OBJ_AL_RACE.PVM,mi_orenge,
SATranslation/system/OBJ_AL_RACE.PVM,hana2_hanap,
SATranslation/system/OBJ_AL_RACE.PVM,hana2_hanaw,
SATranslation/system/OBJ_AL_RACE.PVM,hana2_happa,
SATranslation/system/OBJ_AL_RACE.PVM,ame,
SATranslation/system/OBJ_AL_RACE.PVM,eme,
SATranslation/system/OBJ_AL_RACE.PVM,rub,
SATranslation/system/OBJ_AL_RACE.PVM,saf,
SATranslation/system/OBJ_AL_RACE.PVM,cr_tp79,
SATranslation/system/OBJ_AL_RACE.PVM,al_re20s,
SATranslation/system/OBJ_AL_RACE.PVM,al_re19,
SATranslation/system/OBJ_AL_RACE.PVM,al_re19s,
SATranslation/system/OBJ_AL_RACE.PVM,al_re20,
SATranslation/system/OBJ_AL_RACE.PVM,al_re21,
SATranslation/system/OBJ_AL_RACE.PVM,al_re21s,
SATranslation/system/OBJ_AL_RACE.PVM,al_re22,
SATranslation/system/OBJ_AL_RACE.PVM,al_re22s,
SATranslation/system/OBJ_AL_RACE.PVM,al_re23,
SATranslation/system/OBJ_AL_RACE.PVM,al_re23s,
SATranslation/system/OBJ_AL_RACE.PVM,al_re24,
SATranslation/system/OBJ_AL_RACE.PVM,al_re24s,
SATranslation/system/OBJ_AL_RACE.PVM,al_re25,
SATranslation/system/OBJ_AL_RACE.PVM,al_re25s,
SATranslation/system/OBJ_AL_RACE.PVM,al_re26,
SATranslation/system/OBJ_AL_RACE.PVM,al_re26s,
SATranslation/system/OBJ_AL_RACE.PVM,al_re27,
SATranslation/system/OBJ_AL_RACE.PVM,al_re27s,
SATranslation/system/OBJ_AL_RACE.PVM,al_re11,
SATranslation/system/OBJ_AL_RACE.PVM,al_re29,
SATranslation/system/OBJ_AL_RACE.PVM,al_re12,
SATranslation/system/OBJ_AL_RACE.PVM,al_re13,
SATranslation/system/OBJ_AL_RACE.PVM,al_re14,
SATranslation/system/OBJ_AL_RACE.PVM,al_re15,
SATranslation/system/OBJ_AL_RACE.PVM,al_re16,
SATranslation/system/OBJ_AL_RACE.PVM,al_re17,
SATranslation/system/OBJ_AL_RACE.PVM,al_re18,
SATranslation/system/OBJ_AL_RACE.PVM,cr_hanahen01,
SATranslation/system/OBJ_AL_RACE.PVM,cr_13,
SATranslation/system/OBJ_AL_RACE.PVM,cr_kusa11,
SATranslation/system/OBJ_AL_RACE.PVM,waki_01,
SATranslation/system/OBJ_AL_RACE.PVM,cr_kirehasi,
SATranslation/system/OBJ_AL_RACE.PVM,crs_g24,
SATranslation/system/OBJ_AL_RACE.PVM,alre_hasira,
SATranslation/system/OBJ_AL_RACE.PVM,cr_tp106,
SATranslation/system/OBJ_AL_RACE.PVM,cr_frag01,
SATranslation/system/OBJ_AL_RACE.PVM,cr_frag02,
SATranslation/system/OBJ_AL_RACE.PVM,pal,
SATranslation/system/OBJ_AL_RACE.PVM,cr_no1,
SATranslation/system/OBJ_AL_RACE.PVM,cr_ya01,
SATranslation/system/OBJ_AL_RACE.PVM,cr_ya02,
SATranslation/system/OBJ_AL_RACE.PVM,cr_ase,
SATranslation/system/OBJ_AL_RACE.PVM,al_omo01,
SATranslation/system/OBJ_AL_RACE.PVM,al_omo02,
SATranslation/system/OBJ_AL_RACE.PVM,al_omo03,
SATranslation/system/OBJ_AL_RACE.PVM,al_omo04,
SATranslation/system/OBJ_AL_RACE.PVM,al_omo05,
SATranslation/system/OBJ_AL_RACE.PVM,al_omo06,
SATranslation/system/OBJ_AL_RACE.PVM,cr_taki,
SATranslation/system/OBJ_AL_RACE.PVM,cr_time01,
SATranslation/system/OBJ_AL_RACE.PVM,cr_lap,
SATranslation/system/OBJ_AL_RACE.PVM,cr_fragmark,
SATranslation/system/OBJ_AL_RACE.PVM,cr_e_mark01,
SATranslation/system/OBJ_AL_RACE.PVM,cr_e_mark02,
SATranslation/system/OBJ_AL_RACE.PVM,crs_modoru,
SATranslation/system/OBJ_AL_RACE.PVM,crs_start,
SATranslation/system/OBJ_AL_RACE.PVM,cr_bigina,
SATranslation/system/OBJ_AL_RACE.PVM,cr_jyuel,
SATranslation/system/OBJ_AL_RACE.PVM,cr_malti,
SATranslation/system/OBJ_AL_RACE.PVM,ec_panel,
SATranslation/system/OBJ_AL_RACE.PVM,ml_panel,
SATranslation/system/OBJ_AL_RACE.PVM,ss_panel,
SATranslation/system/OBJ_AL_RACE.PVM,cr_get,
SATranslation/system/OBJ_AL_RACE.PVM,cr_messe5_1,
SATranslation/system/OBJ_AL_RACE.PVM,cr_messe5_2,
SATranslation/system/OBJ_AL_RACE.PVM,cr_r_mode,
SATranslation/system/OBJ_AL_RACE.PVM,cr_t_entry,
SATranslation/system/OBJ_AL_RACE.PVM,cr_c_sele,
SATranslation/system/OBJ_AL_RACE.PVM,cr_goal,
SATranslation/system/OBJ_AL_RACE.PVM,cr_start,
SATranslation/system/OBJ_AL_RACE.PVM,cr_moreentry,
SATranslation/system/OBJ_AL_RACE.PVM,cr_ssmoji,
SATranslation/system/OBJ_AL_RACE.PVM,cr_mrmoji,
SATranslation/system/OBJ_AL_RACE.PVM,cr_ecmoji,
SATranslation/system/OBJ_AL_RACE.PVM,cr_vmsmoji,
SATranslation/system/OBJ_AL_RACE.PVM,cr_1st,
SATranslation/system/OBJ_AL_RACE.PVM,cr_2nd,
SATranslation/system/OBJ_AL_RACE.PVM,cr_3rd,
SATranslation/system/OBJ_AL_RACE.PVM,cr_parl,
SATranslation/system/OBJ_AL_RACE.PVM,cr_safa,
SATranslation/system/OBJ_AL_RACE.PVM,cr_ruby,
SATranslation/system/OBJ_AL_RACE.PVM,cr_ameji,
SATranslation/system/OBJ_AL_RACE.PVM,cr_emeral,
SATranslation/system/OBJ_AL_RACE.PVM,cr_cool,
SATranslation/system/OBJ_AL_RACE.PVM,cr_no2,
SATranslation/system/OBJ_AL_RACE.PVM,cr_no3,
SATranslation/system/OBJ_AL_RACE.PVM,cr_no4,
SATranslation/system/OBJ_AL_RACE.PVM,cr_no5,
SATranslation/system/OBJ_AL_RACE.PVM,cr_no6,
SATranslation/system/OBJ_AL_RACE.PVM,cr_no7,
SATranslation/system/OBJ_AL_RACE.PVM,cr_no8,
SATranslation/system/OBJ_AL_RACE_E.PVM,al_ws01,
SATranslation/system/OBJ_AL_RACE_E.PVM,al_ws02,
SATranslation/system/OBJ_AL_RACE_E.PVM,al_ws04,
SATranslation/system/OBJ_AL_RACE_E.PVM,al_ws09,
SATranslation/system/OBJ_AL_RACE_E.PVM,cr_ent,
SATranslation/system/OBJ_AL_RACE_E.PVM,plant05,
SATranslation/system/OBJ_AL_RACE_E.PVM,plant06,
SATranslation/system/OBJ_AL_RACE_E.PVM,plant_02,
SATranslation/system/OBJ_AL_RACE_E.PVM,cr_ha,
SATranslation/system/OBJ_AL_RACE_E.PVM,mi_orenge,
SATranslation/system/OBJ_AL_RACE_E.PVM,hana2_hanap,
SATranslation/system/OBJ_AL_RACE_E.PVM,hana2_hanaw,
SATranslation/system/OBJ_AL_RACE_E.PVM,hana2_happa,
SATranslation/system/OBJ_AL_RACE_E.PVM,ame,
SATranslation/system/OBJ_AL_RACE_E.PVM,eme,
SATranslation/system/OBJ_AL_RACE_E.PVM,rub,
SATranslation/system/OBJ_AL_RACE_E.PVM,saf,
SATranslation/system/OBJ_AL_RACE_E.PVM,cr_tp79,
SATranslation/system/OBJ_AL_RACE_E.PVM,al_re20s,
SATranslation/system/OBJ_AL_RACE_E.PVM,al_re19,
SATranslation/system/OBJ_AL_RACE_E.PVM,al_re19s,
SATranslation/system/OBJ_AL_RACE_E.PVM,al_re20,
SATranslation/system/OBJ_AL_RACE_E.PVM,al_re21,
SATranslation/system/OBJ_AL_RACE_E.PVM,al_re21s,
SATranslation/system/OBJ_AL_RACE_E.PVM,al_re22,
SATranslation/system/OBJ_AL_RACE_E.PVM,al_re22s,
SATranslation/system/OBJ_AL_RACE_E.PVM,al_re23,
SATranslation/system/OBJ_AL_RACE_E.PVM,al_re23s,
SATranslation/system/OBJ_AL_RACE_E.PVM,al_re24,
SATranslation/system/OBJ_AL_RACE_E.PVM,al_re24s,
SATranslation/system/OBJ_AL_RACE_E.PVM,al_re25,
SATranslation/system/OBJ_AL_RACE_E.PVM,al_re25s,
SATranslation/system/OBJ_AL_RACE_E.PVM,al_re26,
SATranslation/system/OBJ_AL_RACE_E.PVM,al_re26s,
SATranslation/system/OBJ_AL_RACE_E.PVM,al_re27,
SATranslation/system/OBJ_AL_RACE_E.PVM,al_re27s,
SATranslation/system/OBJ_AL_RACE_E.PVM,al_re11,
SATranslation/system/OBJ_AL_RACE_E.PVM,al_re29,
SATranslation/system/OBJ_AL_RACE_E.PVM,al_re12,
SATranslation/system/OBJ_AL_RACE_E.PVM,al_re13,
SATranslation/system/OBJ_AL_RACE_E.PVM,al_re14,
SATranslation/system/OBJ_AL_RACE_E.PVM,al_re15,
SATranslation/system/OBJ_AL_RACE_E.PVM,al_re16,
SATranslation/system/OBJ_AL_RACE_E.PVM,al_re17,
SATranslation/system/OBJ_AL_RACE_E.PVM,al_re18,
SATranslation/system/OBJ_AL_RACE_E.PVM,cr_hanahen01,
SATranslation/system/OBJ_AL_RACE_E.PVM,cr_13,
SATranslation/system/OBJ_AL_RACE_E.PVM,cr_kusa11,
SATranslation/system/OBJ_AL_RACE_E.PVM,waki_01,
SATranslation/system/OBJ_AL_RACE_E.PVM,cr_kirehasi,
SATranslation/system/OBJ_AL_RACE_E.PVM,crs_g24,
SATranslation/system/OBJ_AL_RACE_E.PVM,alre_hasira,
SATranslation/system/OBJ_AL_RACE_E.PVM,cr_tp106,
SATranslation/system/OBJ_AL_RACE_E.PVM,cr_frag01,
SATranslation/system/OBJ_AL_RACE_E.PVM,cr_frag02,
SATranslation/system/OBJ_AL_RACE_E.PVM,pal,
SATranslation/system/OBJ_AL_RACE_E.PVM,cr_no1,
SATranslation/system/OBJ_AL_RACE_E.PVM,cr_ya01,
SATranslation/system/OBJ_AL_RACE_E.PVM,cr_ya02,
SATranslation/system/OBJ_AL_RACE_E.PVM,cr_ase,
SATranslation/system/OBJ_AL_RACE_E.PVM,al_omo01,
SATranslation/system/OBJ_AL_RACE_E.PVM,al_omo02,
SATranslation/system/OBJ_AL_RACE_E.PVM,al_omo03,
SATranslation/system/OBJ_AL_RACE_E.PVM,al_omo04,
SATranslation/system/OBJ_AL_RACE_E.PVM,al_omo05,
SATranslation/system/OBJ_AL_RACE_E.PVM,al_omo06,
SATranslation/system/OBJ_AL_RACE_E.PVM,cr_taki,
SATranslation/system/OBJ_AL_RACE_E.PVM,cr_time01,
SATranslation/system/OBJ_AL_RACE_E.PVM,cr_lap,
SATranslation/system/OBJ_AL_RACE_E.PVM,cr_fragmark,
SATranslation/system/OBJ_AL_RACE_E.PVM,cr_e_mark01,
SATranslation/system/OBJ_AL_RACE_E.PVM,cr_e_mark02,
SATranslation/system/OBJ_AL_RACE_E.PVM,modoru_e,EN
SATranslation/system/OBJ_AL_RACE_E.PVM,start_e,EN
SATranslation/system/OBJ_AL_RACE_E.PVM,cr_bigina_e,EN
SATranslation/system/OBJ_AL_RACE_E.PVM,cr_jyuel_e,EN
SATranslation/system/OBJ_AL_RACE_E.PVM,cr_malti_e,EN
SATranslation/system/OBJ_AL_RACE_E.PVM,ec_panel,
SATranslation/system/OBJ_AL_RACE_E.PVM,ml_panel,
SATranslation/system/OBJ_AL_RACE_E.PVM,ss_panel,
SATranslation/system/OBJ_AL_RACE_E.PVM,cr_get_e,EN
SATranslation/system/OBJ_AL_RACE_E.PVM,cr_messe5_1_e,EN
SATranslation/system/OBJ_AL_RACE_E.PVM,cr_messe5_2_e,EN
SATranslation/system/OBJ_AL_RACE_E.PVM,cr_r_mode_e,EN
SATranslation/system/OBJ_AL_RACE_E.PVM,cr_t_entry_e,EN
SATranslation/system/OBJ_AL_RACE_E.PVM,cr_c_sele_e,EN
SATranslation/system/OBJ_AL_RACE_E.PVM,cr_goal,
SATranslation/system/OBJ_AL_RACE_E.PVM,cr_start,
SATranslation/system/OBJ_AL_RACE_E.PVM,cr_moreentry_e,EN
SATranslation/system/OBJ_AL_RACE_E.PVM,cr_ssmoji_e,EN
SATranslation/system/OBJ_AL_RACE_E.PVM,cr_mrmoji_e,EN
SATranslation/system/OBJ_AL_RACE_E.PVM,cr_ecmoji_e,EN
SATranslation/system/OBJ_AL_RACE_E.PVM,cr_vmsmoji_e,EN
SATranslation/system/OBJ_AL_RACE_E.PVM,cr_1st,
SATranslation/system/OBJ_AL_RACE_E.PVM,cr_2nd,
SATranslation/system/OBJ_AL_RACE_E.PVM,cr_3rd,
SATranslation/system/OBJ_AL_RACE_E.PVM,cr_parl_e,EN
SATranslation/system/OBJ_AL_RACE_E.PVM,cr_safa_e,EN
SATranslation/system/OBJ_AL_RACE_E.PVM,cr_ruby_e,EN
SATranslation/system/OBJ_AL_RACE_E.PVM,cr_ameji_e,EN
SATranslation/system/OBJ_AL_RACE_E.PVM,cr_emeral_e,EN
SATranslation/system/OBJ_AL_RACE_E.PVM,cr_cool,
SATranslation/system/OBJ_AL_RACE_E.PVM,cr_no2,
SATranslation/system/OBJ_AL_RACE_E.PVM,cr_no3,
SATranslation/system/OBJ_AL_RACE_E.PVM,cr_no4,
SATranslation/system/OBJ_AL_RACE_E.PVM,cr_no5,
SATranslation/system/OBJ_AL_RACE_E.PVM,cr_no6,
SATranslation/system/OBJ_AL_RACE_E.PVM,cr_no7,
SATranslation/system/OBJ_AL_RACE_E.PVM,cr_no8,
SATranslation/system/OBJ_BEACH.PVM,am_sea210_64,
SATranslation/system/OBJ_BEACH.PVM,am_sea23_64,
SATranslation/system/OBJ_BEACH.PVM,am_sea19_32,
SATranslation/system/OBJ_BEACH.PVM,am_sea21_32,
SATranslation/system/OBJ_BEACH.PVM,am_sea22_32,
SATranslation/system/OBJ_BEACH.PVM,am_sea31_32,
SATranslation/system/OBJ_BEACH.PVM,am_sea12_128,
SATranslation/system/OBJ_BEACH.PVM,am_sea30_32,
SATranslation/system/OBJ_BEACH.PVM,am_sea10_128,
SATranslation/system/OBJ_BEACH.PVM,sea1_22,
SATranslation/system/OBJ_BEACH.PVM,am_sea32_32,
SATranslation/system/OBJ_BEACH.PVM,sea1_23,
SATranslation/system/OBJ_BEACH.PVM,am_sea78_32,
SATranslation/system/OBJ_BEACH.PVM,am_sea67_64,
SATranslation/system/OBJ_BEACH.PVM,ref_crome,
SATranslation/system/OBJ_BEACH.PVM,am_sea75_64,
SATranslation/system/OBJ_BEACH.PVM,am_sea13_16,
SATranslation/system/OBJ_BEACH.PVM,am_sea15_16,
SATranslation/system/OBJ_BEACH.PVM,am_sea14_64,
SATranslation/system/OBJ_BEACH.PVM,am_sea16_64,
SATranslation/system/OBJ_BEACH.PVM,am_sea17_128,
SATranslation/system/OBJ_BEACH.PVM,am_sea01_32,
SATranslation/system/OBJ_BEACH.PVM,am_sea02_32,
SATranslation/system/OBJ_BEACH.PVM,am_sea03_64,
SATranslation/system/OBJ_BEACH.PVM,am_sea04_64,
SATranslation/system/OBJ_BEACH.PVM,am_sea117_32,
SATranslation/system/OBJ_BEACH.PVM,am_sea118_64,
SATranslation/system/OBJ_BEACH.PVM,am_sea05_32,
SATranslation/system/OBJ_BEACH.PVM,am_sea06_64,
SATranslation/system/OBJ_BEACH.PVM,am_sea08_64,
SATranslation/system/OBJ_BEACH.PVM,am_sea07_64,
SATranslation/system/OBJ_BEACH.PVM,am_sea11_32,
SATranslation/system/OBJ_BEACH.PVM,am_sea77b_32,
SATranslation/system/OBJ_BEACH.PVM,am_sea40_32,
SATranslation/system/OBJ_BEACH.PVM,am_sea41_32,
SATranslation/system/OBJ_BEACH.PVM,am_sea42_32,
SATranslation/system/OBJ_BEACH.PVM,am_sea34_32,
SATranslation/system/OBJ_BEACH.PVM,am_sea35_32,
SATranslation/system/OBJ_BEACH.PVM,am_sea33_32,
SATranslation/system/OBJ_BEACH.PVM,ref_white,
SATranslation/system/OBJ_BEACH.PVM,ref_lblue,
SATranslation/system/OBJ_BEACH.PVM,am_sea80_32,
SATranslation/system/OBJ_BEACH.PVM,am_sea110_32,
SATranslation/system/OBJ_BEACH.PVM,am_sea71_32,
SATranslation/system/OBJ_BEACH.PVM,am_sea29_32,
SATranslation/system/OBJ_BEACH.PVM,am_sea70_32,
SATranslation/system/OBJ_BEACH.PVM,am_sea116_64,
SATranslation/system/OBJ_BEACH.PVM,am_sea111_32,
SATranslation/system/OBJ_BEACH.PVM,am_sea115_32,
SATranslation/system/OBJ_BEACH.PVM,ref_red,
SATranslation/system/OBJ_BEACH.PVM,am_sea114_16,
SATranslation/system/OBJ_BEACH.PVM,am_sea105_128,
SATranslation/system/OBJ_BEACH.PVM,am_sea121_32,
SATranslation/system/OBJ_BEACH.PVM,am_sea122_32,
SATranslation/system/OBJ_BEACH.PVM,am_sea93_8,
SATranslation/system/OBJ_BEACH.PVM,am_sea98_32,
SATranslation/system/OBJ_BEACH.PVM,am_sea83_32,
SATranslation/system/OBJ_BEACH.PVM,am_sea84_16,
SATranslation/system/OBJ_BEACH.PVM,am_sea86_32,
SATranslation/system/OBJ_BEACH.PVM,am_sea102_32,
SATranslation/system/OBJ_BEACH.PVM,am_sea83a_32,
SATranslation/system/OBJ_BEACH.PVM,am_sea85_16,
SATranslation/system/OBJ_BEACH.PVM,am_sea82_32,
SATranslation/system/OBJ_BEACH.PVM,am_sea96_64,
SATranslation/system/OBJ_BEACH.PVM,am_sea99_64,
SATranslation/system/OBJ_BEACH.PVM,am_sea91_16,
SATranslation/system/OBJ_BEACH.PVM,am_sea92_16,
SATranslation/system/OBJ_BEACH.PVM,am_sea201_128,
SATranslation/system/OBJ_BEACH.PVM,m128_fall1,
SATranslation/system/OBJ_BEACH.PVM,m64_sea2_8,
SATranslation/system/OBJ_BEACH.PVM,am_sea123_64,
SATranslation/system/OBJ_BEACH.PVM,am_sea134a_64,
SATranslation/system/OBJ_BEACH.PVM,am_sea135a_32,
SATranslation/system/OBJ_BEACH.PVM,am_sea137a_32,
SATranslation/system/OBJ_BEACH.PVM,am_sea132a_8,
SATranslation/system/OBJ_BEACH.PVM,am_sea138a_64,
SATranslation/system/OBJ_BEACH.PVM,am_sea139_64,
SATranslation/system/OBJ_BEACH.PVM,am_sea203_32,
SATranslation/system/OBJ_BEACH.PVM,am_sea204_32,
SATranslation/system/OBJ_BEACH.PVM,am_sea206_32,
SATranslation/system/OBJ_BEACH.PVM,am_sea207_64,
SATranslation/system/OBJ_BEACH.PVM,am_sea208_64,
SATranslation/system/OBJ_BEACH.PVM,am_sea209_32,
SATranslation/system/OBJ_BEACH.PVM,am_sea205_32,
SATranslation/system/OBJ_BEACH.PVM,am_sea212_128,
SATranslation/system/OBJ_BEACH.PVM,m128_cos008,
SATranslation/system/OBJ_BEACH.PVM,m64_cos012,
SATranslation/system/OBJ_BEACH.PVM,am_sea200_16,
SATranslation/system/OBJ_BEACH.PVM,am_sea211_64,
SATranslation/system/OBJ_BEACH.PVM,m128_cos006,
SATranslation/system/OBJ_CASINO2.PVM,kirakira01,
SATranslation/system/OBJ_CASINO2.PVM,kirakira02,
SATranslation/system/OBJ_CASINO2.PVM,kirakira03,
SATranslation/system/OBJ_CASINO2.PVM,kirakira04,
SATranslation/system/OBJ_CASINO2.PVM,kirakira05,
SATranslation/system/OBJ_CASINO2.PVM,kirakira06,
SATranslation/system/OBJ_CASINO2.PVM,hosi01,
SATranslation/system/OBJ_CASINO2.PVM,hosi02,
SATranslation/system/OBJ_CASINO2.PVM,hosi03,
SATranslation/system/OBJ_CASINO2.PVM,hosi04,
SATranslation/system/OBJ_CASINO2.PVM,hosi05,
SATranslation/system/OBJ_CASINO2.PVM,hosi06,
SATranslation/system/OBJ_CASINO2.PVM,hosi07,
SATranslation/system/OBJ_CASINO2.PVM,hosi08,
SATranslation/system/OBJ_CASINO2.PVM,card_loop01,
SATranslation/system/OBJ_CASINO2.PVM,card_loop02,
SATranslation/system/OBJ_CASINO2.PVM,card_loop03,
SATranslation/system/OBJ_CASINO2.PVM,card_loop04,
SATranslation/system/OBJ_CASINO2.PVM,card_loop05,
SATranslation/system/OBJ_CASINO2.PVM,card_loop06,
SATranslation/system/OBJ_CASINO2.PVM,card_loop07,
SATranslation/system/OBJ_CASINO2.PVM,card_loop08,
SATranslation/system/OBJ_CASINO2.PVM,cd_nights,
SATranslation/system/OBJ_CASINO2.PVM,cd_elliot,
SATranslation/system/OBJ_CASINO2.PVM,cd_claris,
SATranslation/system/OBJ_CASINO2.PVM,cd_pian,
SATranslation/system/OBJ_CASINO2.PVM,cd_blue,
SATranslation/system/OBJ_CASINO2.PVM,cd_paffy,
SATranslation/system/OBJ_CASINO2.PVM,cd_wize,
SATranslation/system/OBJ_CASINO2.PVM,cd_gill,
SATranslation/system/OBJ_CASINO2.PVM,cd_reala,
SATranslation/system/OBJ_CASINO2.PVM,cd_jackle,
SATranslation/system/OBJ_CASINO2.PVM,card_white,
SATranslation/system/OBJ_CASINO2.PVM,card_t_star01,
SATranslation/system/OBJ_CASINO2.PVM,card_t_star02,
SATranslation/system/OBJ_CASINO2.PVM,card_t_yaji01,
SATranslation/system/OBJ_CASINO2.PVM,card_t_yaji01a,
SATranslation/system/OBJ_CASINO2.PVM,card_t_yaji02,
SATranslation/system/OBJ_CASINO2.PVM,card_t_yaji02a,
SATranslation/system/OBJ_CASINO2.PVM,card_t_yaji03,
SATranslation/system/OBJ_CASINO2.PVM,card_t_yaji03a,
SATranslation/system/OBJ_CASINO2.PVM,card_t_pinka01,
SATranslation/system/OBJ_CASINO2.PVM,card_t_pinkb01,
SATranslation/system/OBJ_CASINO2.PVM,card_t_pinka02,
SATranslation/system/OBJ_CASINO2.PVM,card_t_pinkb02,
SATranslation/system/OBJ_CASINO2.PVM,card_t_pinka03,
SATranslation/system/OBJ_CASINO2.PVM,card_t_pinkb03,
SATranslation/system/OBJ_CASINO2.PVM,card_t_orangea01,
SATranslation/system/OBJ_CASINO2.PVM,card_t_orangeb01,
SATranslation/system/OBJ_CASINO2.PVM,card_t_orangea02,
SATranslation/system/OBJ_CASINO2.PVM,card_t_orangeb02,
SATranslation/system/OBJ_CASINO2.PVM,card_t_orangea03,
SATranslation/system/OBJ_CASINO2.PVM,card_t_orangeb03,
SATranslation/system/OBJ_CASINO2.PVM,card_t_yellowa01,
SATranslation/system/OBJ_CASINO2.PVM,card_t_yellowb01,
SATranslation/system/OBJ_CASINO2.PVM,card_t_yellowa02,
SATranslation/system/OBJ_CASINO2.PVM,card_t_yellowb02,
SATranslation/system/OBJ_CASINO2.PVM,card_t_yellowa03,
SATranslation/system/OBJ_CASINO2.PVM,card_t_yellowb03,
SATranslation/system/OBJ_CASINO8.PVM,watersmoke01,
SATranslation/system/OBJ_CASINO8.PVM,watersmoke02,
SATranslation/system/OBJ_CASINO8.PVM,watersmoke03,
SATranslation/system/OBJ_CASINO8.PVM,watersmoke04,
SATranslation/system/OBJ_CASINO8.PVM,watersmoke05,
SATranslation/system/OBJ_CASINO8.PVM,watersmoke06,
SATranslation/system/OBJ_CASINO8.PVM,watersmoke07,
SATranslation/system/OBJ_CASINO8.PVM,watersmoke08,
SATranslation/system/OBJ_CASINO9.PVM,ken128_wl01,
SATranslation/system/OBJ_CASINO9.PVM,ken16_can02,
SATranslation/system/OBJ_CASINO9.PVM,ken16_hae01,
SATranslation/system/OBJ_CASINO9.PVM,ken16_lght02,
SATranslation/system/OBJ_CASINO9.PVM,ken16_szk01,
SATranslation/system/OBJ_CASINO9.PVM,ken32_can01,
SATranslation/system/OBJ_CASINO9.PVM,ken32_can02,
SATranslation/system/OBJ_CASINO9.PVM,ken32_lght01,
SATranslation/system/OBJ_CASINO9.PVM,ken64_ami02,
SATranslation/system/OBJ_CASINO9.PVM,ken64_f_fan03,
SATranslation/system/OBJ_CASINO9.PVM,ken64_f_wl06,
SATranslation/system/OBJ_CASINO9.PVM,ken64_gb_wl07,
SATranslation/system/OBJ_CASINO9.PVM,ken64_lht02,
SATranslation/system/OBJ_CASINO9.PVM,ken32_kuz01,
SATranslation/system/OBJ_CASINO9.PVM,ken16_lght03,
SATranslation/system/OBJ_CASINO9.PVM,ken08_rt_lh01,
SATranslation/system/OBJ_CASINO9.PVM,ken64_rt_lh01,
SATranslation/system/OBJ_CASINO9.PVM,cas_sp01,
SATranslation/system/OBJ_CASINO9.PVM,cas_sp02,
SATranslation/system/OBJ_CASINO9.PVM,cas_sp03,
SATranslation/system/OBJ_CASINO9.PVM,cas_sp04,
SATranslation/system/OBJ_CASINO9.PVM,cas_sp08,
SATranslation/system/OBJ_CASINO9.PVM,cas_sp07,
SATranslation/system/OBJ_CASINO9.PVM,cas_sp06,
SATranslation/system/OBJ_CASINO9.PVM,cas_sp05,
SATranslation/system/OBJ_CASINO9.PVM,cas_h_kinpun01,
SATranslation/system/OBJ_CASINO9.PVM,cas_h_aka01,
SATranslation/system/OBJ_CASINO9.PVM,cas_h_envtes01,
SATranslation/system/OBJ_CASINO9.PVM,cas_h_envtes03,
SATranslation/system/OBJ_CASINO9.PVM,cas_h_envtes05,
SATranslation/system/OBJ_CASINO9.PVM,sen_h_gin01,
SATranslation/system/OBJ_CASINO9.PVM,cas_yuka_b,
SATranslation/system/OBJ_CASINO9.PVM,sen_h_me01,
SATranslation/system/OBJ_CASINO9.PVM,sen_h_kin01,
SATranslation/system/OBJ_CASINO9.PVM,sen_h_huku03,
SATranslation/system/OBJ_CASINO9.PVM,sen_h_huku02,
SATranslation/system/OBJ_CASINO9.PVM,sen_h_huku01,
SATranslation/system/OBJ_CASINO9.PVM,ken64_neon10,
SATranslation/system/OBJ_CASINO9.PVM,ken64_neon08,
SATranslation/system/OBJ_CASINO9.PVM,ken64_neon06,
SATranslation/system/OBJ_CASINO9.PVM,ken64_neon05,
SATranslation/system/OBJ_CASINO9.PVM,ken64_neon04,
SATranslation/system/OBJ_CASINO9.PVM,ken64_lion06,
SATranslation/system/OBJ_CASINO9.PVM,ken64_lion04,
SATranslation/system/OBJ_CASINO9.PVM,ken64_lion02,
SATranslation/system/OBJ_CASINO9.PVM,ken64_lion01,
SATranslation/system/OBJ_CASINO9.PVM,ken128_neon03,
SATranslation/system/OBJ_CASINO9.PVM,kai_h_me01,
SATranslation/system/OBJ_CASINO9.PVM,kai_h_kutu01,
SATranslation/system/OBJ_CASINO9.PVM,kai_h_kuti01,
SATranslation/system/OBJ_CASINO9.PVM,kai_h_ken01,
SATranslation/system/OBJ_CASINO9.PVM,kai_h_huku03,
SATranslation/system/OBJ_CASINO9.PVM,kai_h_huku02,
SATranslation/system/OBJ_CASINO9.PVM,kai_h_huku01,
SATranslation/system/OBJ_CASINO9.PVM,csn_t_sw,
SATranslation/system/OBJ_CASINO9.PVM,csn_t_no9y,
SATranslation/system/OBJ_CASINO9.PVM,csn_t_no8y,
SATranslation/system/OBJ_CASINO9.PVM,csn_t_no7y,
SATranslation/system/OBJ_CASINO9.PVM,csn_t_no6y,
SATranslation/system/OBJ_CASINO9.PVM,csn_t_no5y,
SATranslation/system/OBJ_CASINO9.PVM,csn_t_no4y,
SATranslation/system/OBJ_CASINO9.PVM,csn_t_no3y,
SATranslation/system/OBJ_CASINO9.PVM,csn_t_no2y,
SATranslation/system/OBJ_CASINO9.PVM,csn_t_no1y,
SATranslation/system/OBJ_CASINO9.PVM,csn_t_no0y,
SATranslation/system/OBJ_CASINO9.PVM,csn_t_moji,
SATranslation/system/OBJ_CASINO9.PVM,csn_t_mizu,
SATranslation/system/OBJ_CASINO9.PVM,csn_t_light01,
SATranslation/system/OBJ_CASINO9.PVM,csn_t_ks,
SATranslation/system/OBJ_CASINO9.PVM,csn_t_kinkai,
SATranslation/system/OBJ_CASINO9.PVM,csn_t_kanban2,
SATranslation/system/OBJ_CASINO9.PVM,csn_t_kanban1,
SATranslation/system/OBJ_CASINO9.PVM,csn_t_den04,
SATranslation/system/OBJ_CASINO9.PVM,csn_t_den02,
SATranslation/system/OBJ_CASINO9.PVM,csn_t_den01,
SATranslation/system/OBJ_CASINO9.PVM,csn_t_8kuro,
SATranslation/system/OBJ_CASINO9.PVM,csn_t_8ft,
SATranslation/system/OBJ_CASINO9.PVM,csn_t_8bo2,
SATranslation/system/OBJ_CASINO9.PVM,csn_t_8bo,
SATranslation/system/OBJ_CASINO9.PVM,csn_t_64yk4,
SATranslation/system/OBJ_CASINO9.PVM,csn_t_64tetu,
SATranslation/system/OBJ_CASINO9.PVM,csn_t_64kinka,
SATranslation/system/OBJ_CASINO9.PVM,csn_t_64kin2,
SATranslation/system/OBJ_CASINO9.PVM,csn_t_64kin1,
SATranslation/system/OBJ_CASINO9.PVM,csn_t_64hr,
SATranslation/system/OBJ_CASINO9.PVM,csn_t_64ha3,
SATranslation/system/OBJ_CASINO9.PVM,csn_t_64ha2,
SATranslation/system/OBJ_CASINO9.PVM,csn_t_64ft2,
SATranslation/system/OBJ_CASINO9.PVM,csn_t_64dr1,
SATranslation/system/OBJ_CASINO9.PVM,csn_t_64_kb1,
SATranslation/system/OBJ_CASINO9.PVM,csn_t_32tetu2,
SATranslation/system/OBJ_CASINO9.PVM,csn_t_32tetu,
SATranslation/system/OBJ_CASINO9.PVM,csn_t_32lighty,
SATranslation/system/OBJ_CASINO9.PVM,csn_t_32ksy,
SATranslation/system/OBJ_CASINO9.PVM,csn_t_32kk,
SATranslation/system/OBJ_CASINO9.PVM,csn_t_32kb1,
SATranslation/system/OBJ_CASINO9.PVM,csn_t_32ha3,
SATranslation/system/OBJ_CASINO9.PVM,csn_t_32fti4,
SATranslation/system/OBJ_CASINO9.PVM,csn_t_32ft7a,
SATranslation/system/OBJ_CASINO9.PVM,csn_t_32ft7,
SATranslation/system/OBJ_CASINO9.PVM,csn_t_32ft6,
SATranslation/system/OBJ_CASINO9.PVM,csn_t_32ft5,
SATranslation/system/OBJ_CASINO9.PVM,csn_t_32ft3,
SATranslation/system/OBJ_CASINO9.PVM,csn_t_32ft1,
SATranslation/system/OBJ_CASINO9.PVM,csn_t_32dr,
SATranslation/system/OBJ_CASINO9.PVM,csn_t_32ck,
SATranslation/system/OBJ_CASINO9.PVM,csn_t_32ami1,
SATranslation/system/OBJ_CASINO9.PVM,csn_t_32alpha,
SATranslation/system/OBJ_CASINO9.PVM,csn_t_16kky,
SATranslation/system/OBJ_CASINO9.PVM,csn_t_16kkb,
SATranslation/system/OBJ_CASINO9.PVM,csn_t_16gre,
SATranslation/system/OBJ_CASINO9.PVM,csn_t_16ft1,
SATranslation/system/OBJ_CASINO9.PVM,cas_yuka_yg,
SATranslation/system/OBJ_CASINO9.PVM,cas_yuka_g,DE
SATranslation/system/OBJ_CASINO9.PVM,sen_h_me02,
SATranslation/system/OBJ_CASINO9.PVM,cas_wood,
SATranslation/system/OBJ_CASINO9.PVM,cas_water02,
SATranslation/system/OBJ_CASINO9.PVM,cas_tuti02,
SATranslation/system/OBJ_CASINO9.PVM,cas_tuti01,
SATranslation/system/OBJ_CASINO9.PVM,cas_tetu02_s,ES
SATranslation/system/OBJ_CASINO9.PVM,cas_tesuri_g,DE
SATranslation/system/OBJ_CASINO9.PVM,cas_tensou02,
SATranslation/system/OBJ_CASINO9.PVM,cas_tensou01,
SATranslation/system/OBJ_CASINO9.PVM,cas_spad,
SATranslation/system/OBJ_CASINO9.PVM,cas_slot_e,EN
SATranslation/system/OBJ_CASINO9.PVM,cas_slot_d,
SATranslation/system/OBJ_CASINO9.PVM,cas_slot_c,
SATranslation/system/OBJ_CASINO9.PVM,cas_slot_b,
SATranslation/system/OBJ_CASINO9.PVM,cas_slot_a,
SATranslation/system/OBJ_CASINO9.PVM,cas_roulette02,
SATranslation/system/OBJ_CASINO9.PVM,cas_roulette01,
SATranslation/system/OBJ_CASINO9.PVM,cas_red8x8,
SATranslation/system/OBJ_CASINO9.PVM,cas_neon02,
SATranslation/system/OBJ_CASINO9.PVM,cas_neon01,
SATranslation/system/OBJ_CASINO9.PVM,cas_neon_r,
SATranslation/system/OBJ_CASINO9.PVM,cas_neon_p,
SATranslation/system/OBJ_CASINO9.PVM,cas_naon_b,
SATranslation/system/OBJ_CASINO9.PVM,cas_moyou03,
SATranslation/system/OBJ_CASINO9.PVM,cas_moyou02,
SATranslation/system/OBJ_CASINO9.PVM,cas_moyou01,
SATranslation/system/OBJ_CASINO9.PVM,cas_moniter08,
SATranslation/system/OBJ_CASINO9.PVM,cas_moniter07,
SATranslation/system/OBJ_CASINO9.PVM,cas_moniter06,
SATranslation/system/OBJ_CASINO9.PVM,cas_moniter05,
SATranslation/system/OBJ_CASINO9.PVM,cas_moniter04,
SATranslation/system/OBJ_CASINO9.PVM,cas_moniter03,
SATranslation/system/OBJ_CASINO9.PVM,cas_moniter02,
SATranslation/system/OBJ_CASINO9.PVM,cas_moniter01,
SATranslation/system/OBJ_CASINO9.PVM,cas_maruta01,
SATranslation/system/OBJ_CASINO9.PVM,cas_map,
SATranslation/system/OBJ_CASINO9.PVM,cas_m_kabe02,
SATranslation/system/OBJ_CASINO9.PVM,cas_light8x8yel,
SATranslation/system/OBJ_CASINO9.PVM,cas_light8x8red,
SATranslation/system/OBJ_CASINO9.PVM,cas_light8x8gre,
SATranslation/system/OBJ_CASINO9.PVM,cas_light8x8blu,
SATranslation/system/OBJ_CASINO9.PVM,cas_light01,
SATranslation/system/OBJ_CASINO9.PVM,cas_light_red,
SATranslation/system/OBJ_CASINO9.PVM,cas_light_alpha,
SATranslation/system/OBJ_CASINO9.PVM,cas_keiji02,
SATranslation/system/OBJ_CASINO9.PVM,cas_keiji01,
SATranslation/system/OBJ_CASINO9.PVM,cas_k_light04,
SATranslation/system/OBJ_CASINO9.PVM,cas_k_light03,
SATranslation/system/OBJ_CASINO9.PVM,cas_k_light02,
SATranslation/system/OBJ_CASINO9.PVM,cas_k_light01,
SATranslation/system/OBJ_CASINO9.PVM,cas_iwa64,
SATranslation/system/OBJ_CASINO9.PVM,cas_isu02,
SATranslation/system/OBJ_CASINO9.PVM,cas_isu01,
SATranslation/system/OBJ_CASINO9.PVM,cas_hasira03,
SATranslation/system/OBJ_CASINO9.PVM,cas_hart,
SATranslation/system/OBJ_CASINO9.PVM,cas_hako02,
SATranslation/system/OBJ_CASINO9.PVM,cas_hako01,
SATranslation/system/OBJ_CASINO9.PVM,cas_garasu,
SATranslation/system/OBJ_CASINO9.PVM,cas_futi01,
SATranslation/system/OBJ_CASINO9.PVM,cas_futi_g,DE
SATranslation/system/OBJ_CASINO9.PVM,cas_flower02,
SATranslation/system/OBJ_CASINO9.PVM,cas_fiower01,
SATranslation/system/OBJ_CASINO9.PVM,cas_f_side01,
SATranslation/system/OBJ_CASINO9.PVM,cas_f_flower,
SATranslation/system/OBJ_CASINO9.PVM,cas_E_03,
SATranslation/system/OBJ_CASINO9.PVM,cas_E_02,
SATranslation/system/OBJ_CASINO9.PVM,cas_E_01,
SATranslation/system/OBJ_CASINO9.PVM,cas_dairi04,
SATranslation/system/OBJ_CASINO9.PVM,cas_dairi01,
SATranslation/system/OBJ_CASINO9.PVM,cas_dairi_05,
SATranslation/system/OBJ_CASINO9.PVM,cas_daia,
SATranslation/system/OBJ_CASINO9.PVM,cas_crober,
SATranslation/system/OBJ_CASINO9.PVM,cas_cow_neon05,
SATranslation/system/OBJ_CASINO9.PVM,cas_cow_neon04,
SATranslation/system/OBJ_CASINO9.PVM,cas_cow_neon03,
SATranslation/system/OBJ_CASINO9.PVM,cas_cow_neon02,
SATranslation/system/OBJ_CASINO9.PVM,cas_cow_neon01,
SATranslation/system/OBJ_CASINO9.PVM,cas_cow_k05,
SATranslation/system/OBJ_CASINO9.PVM,cas_cow_k04,
SATranslation/system/OBJ_CASINO9.PVM,cas_cow_k03,
SATranslation/system/OBJ_CASINO9.PVM,cas_cow_k02,
SATranslation/system/OBJ_CASINO9.PVM,cas_cow_k01,
SATranslation/system/OBJ_CASINO9.PVM,cas_card_yuka,
SATranslation/system/OBJ_CASINO9.PVM,cas_ascii03,
SATranslation/system/OBJ_CASINO9.PVM,cas_ascii01,
SATranslation/system/OBJ_CASINO9.PVM,ken32_rt_gt01,
SATranslation/system/OBJ_CASINO9.PVM,ken32_rt_gt02,
SATranslation/system/OBJ_CASINO9.PVM,ken32_rt_gt01b,
SATranslation/system/OBJ_CASINO9.PVM,ken32_rt_gt02b,
SATranslation/system/OBJ_CASINO9.PVM,tv,
SATranslation/system/OBJ_CASINO_E.PVM,cas_h_chubu01,
SATranslation/system/OBJ_CASINO_E.PVM,cas_h_env02,
SATranslation/system/OBJ_CASINO_E.PVM,cas_h_kabe07,
SATranslation/system/OBJ_CASINO_E.PVM,cas_h_kabe10,
SATranslation/system/OBJ_CASINO_E.PVM,cas_h_neob02,
SATranslation/system/OBJ_CASINO_E.PVM,cas_h_neob03,
SATranslation/system/OBJ_CASINO_E.PVM,cas_h_neobo01,
SATranslation/system/OBJ_CASINO_E.PVM,cas_h_neok01,
SATranslation/system/OBJ_CASINO_E.PVM,cas_h_neoo01,
SATranslation/system/OBJ_CASINO_E.PVM,cas_h_neoo02,
SATranslation/system/OBJ_CASINO_E.PVM,cas_h_yaji10,
SATranslation/system/OBJ_CASINO_E.PVM,cas_h_yuka03,
SATranslation/system/OBJ_CASINO_E.PVM,cas_h_yuka04,
SATranslation/system/OBJ_CASINO_E.PVM,kab15,
SATranslation/system/OBJ_CASINO_E.PVM,cas_h_banp01,
SATranslation/system/OBJ_CASINO_E.PVM,cas_h_flip01,
SATranslation/system/OBJ_CASINO_E.PVM,cas_h_kami01,
SATranslation/system/OBJ_CASINO_E.PVM,cas_h_mato01,
SATranslation/system/OBJ_CASINO_E.PVM,cas_h_mato02,
SATranslation/system/OBJ_CASINO_E.PVM,cas_h_neob04,
SATranslation/system/OBJ_CASINO_E.PVM,cas_h_neoo03,
SATranslation/system/OBJ_CASINO_E.PVM,cas_h_neop01,
SATranslation/system/OBJ_CASINO_E.PVM,cas_h_neop02,
SATranslation/system/OBJ_CASINO_E.PVM,cas_h_oreore,
SATranslation/system/OBJ_CASINO_E.PVM,cas_h_sank01,
SATranslation/system/OBJ_CASINO_E.PVM,cas_h_yaji03,
SATranslation/system/OBJ_CASINO_E.PVM,cas_h_yaji04,
SATranslation/system/OBJ_CASINO_E.PVM,cas_h_egg01,
SATranslation/system/OBJ_CASINO_E.PVM,cas_h_emy01,
SATranslation/system/OBJ_CASINO_E.PVM,cas_h_nak01,
SATranslation/system/OBJ_CASINO_E.PVM,cas_h_ring01,
SATranslation/system/OBJ_CASINO_E.PVM,cas_h_sony01,
SATranslation/system/OBJ_CASINO_E.PVM,cas_h_tei01,
SATranslation/system/OBJ_CASINO_E.PVM,cas_h_banp02,
SATranslation/system/OBJ_CASINO_E.PVM,cas_h_kami02,
SATranslation/system/OBJ_CASINO_E.PVM,cas_h_neob05,
SATranslation/system/OBJ_CASINO_E.PVM,cas_h_neoo04,
SATranslation/system/OBJ_CASINO_E.PVM,cas_h_aka01,
SATranslation/system/OBJ_CASINO_E.PVM,cas_h_kura01,
SATranslation/system/OBJ_CASINO_E.PVM,cas_h_env03,
SATranslation/system/OBJ_CASINO_E.PVM,cas_h_bgura08,
SATranslation/system/OBJ_CASINO_E.PVM,cas_h_bgura06,
SATranslation/system/OBJ_CASINO_E.PVM,cas_h_bgura04,
SATranslation/system/OBJ_CASINO_E.PVM,cas_h_bgura02,
SATranslation/system/OBJ_CASINO_E.PVM,cas_h_bgura05,
SATranslation/system/OBJ_CASINO_E.PVM,cas_h_bgura03,
SATranslation/system/OBJ_CASINO_E.PVM,cas_h_mojihi03,
SATranslation/system/OBJ_CASINO_E.PVM,cas_h_yajirusi010,
SATranslation/system/OBJ_CASINO_E.PVM,cas_h_sank02,
SATranslation/system/OBJ_CASINO_E.PVM,card_t_orangea01,
SATranslation/system/OBJ_CASINO_E.PVM,card_t_orangeb01,
SATranslation/system/OBJ_CASINO_E.PVM,card_t_pinka01,
SATranslation/system/OBJ_CASINO_E.PVM,card_t_pinkb01,
SATranslation/system/OBJ_CASINO_E.PVM,card_tane_d,
SATranslation/system/OBJ_CASINO_E.PVM,card_tane_a,
SATranslation/system/OBJ_CASINO_E.PVM,card_t_yellowa01,
SATranslation/system/OBJ_CASINO_E.PVM,card_t_yellowb01,
SATranslation/system/OBJ_CASINO_E.PVM,cd_wize,
SATranslation/system/OBJ_CASINO_E.PVM,hosi01,
SATranslation/system/OBJ_CASINO_E.PVM,nights05,
SATranslation/system/OBJ_CASINO_E.PVM,nights02,
SATranslation/system/OBJ_CASINO_E.PVM,nights03,
SATranslation/system/OBJ_CASINO_E.PVM,nights04,
SATranslation/system/OBJ_CASINO_E.PVM,nights01,
SATranslation/system/OBJ_CASINO_E.PVM,nights06,
SATranslation/system/OBJ_CASINO_E.PVM,cas_h_sitah02,
SATranslation/system/OBJ_CASINO_E.PVM,card_black,
SATranslation/system/OBJ_CASINO_E.PVM,cas_h_mizuta02,
SATranslation/system/OBJ_CASINO_E.PVM,cas_h_mojiba01,
SATranslation/system/OBJ_CASINO_E.PVM,card_8r,
SATranslation/system/OBJ_CASINO_E.PVM,card_dan_a,
SATranslation/system/OBJ_CASINO_E.PVM,cd_reala,
SATranslation/system/OBJ_CASINO_E.PVM,cd_pian,
SATranslation/system/OBJ_CASINO_E.PVM,cd_paffy,
SATranslation/system/OBJ_CASINO_E.PVM,cd_nights,
SATranslation/system/OBJ_CASINO_E.PVM,cd_jackle,
SATranslation/system/OBJ_CASINO_E.PVM,cd_gill,
SATranslation/system/OBJ_CASINO_E.PVM,cd_elliot,
SATranslation/system/OBJ_CASINO_E.PVM,cd_claris,
SATranslation/system/OBJ_CASINO_E.PVM,cd_blue,
SATranslation/system/OBJ_CASINO_E.PVM,card_e_red,
SATranslation/system/OBJ_CASINO_E.PVM,card_e_green,
SATranslation/system/OBJ_CASINO_E.PVM,idea_yellow,
SATranslation/system/OBJ_CASINO_E.PVM,idea_blue,
SATranslation/system/OBJ_CASINO_E.PVM,idea_green,
SATranslation/system/OBJ_CASINO_E.PVM,idea_red,
SATranslation/system/OBJ_CASINO_E.PVM,idea_white,
SATranslation/system/OBJ_CASINO_E.PVM,card_idea_naka,
SATranslation/system/OBJ_CASINO_E.PVM,card_cap_e,EN
SATranslation/system/OBJ_CASINO_E.PVM,card_cap_ab,
SATranslation/system/OBJ_CASINO_E.PVM,card_cap_ag,
SATranslation/system/OBJ_CASINO_E.PVM,card_cap_ay,
SATranslation/system/OBJ_CASINO_E.PVM,card_cap_b,
SATranslation/system/OBJ_CASINO_E.PVM,card_cap_bb,
SATranslation/system/OBJ_CASINO_E.PVM,card_cap_bg,
SATranslation/system/OBJ_CASINO_E.PVM,card_cap_by,
SATranslation/system/OBJ_CASINO_E.PVM,card_cap_c,
SATranslation/system/OBJ_CASINO_E.PVM,card_cap_cb,
SATranslation/system/OBJ_CASINO_E.PVM,card_cap_cg,
SATranslation/system/OBJ_CASINO_E.PVM,card_cap_cy,
SATranslation/system/OBJ_CASINO_E.PVM,card_cap_d,
SATranslation/system/OBJ_CASINO_E.PVM,card_cap_a,
SATranslation/system/OBJ_CASINO_E.PVM,card_loop01,
SATranslation/system/OBJ_CASINO_E.PVM,card_t_star01,
SATranslation/system/OBJ_CASINO_E.PVM,csn_t_yaji4,
SATranslation/system/OBJ_CASINO_E.PVM,card_t_neo_b,
SATranslation/system/OBJ_CASINO_E.PVM,card_t_neo_c,
SATranslation/system/OBJ_CASINO_E.PVM,card_t_neo_d,
SATranslation/system/OBJ_CASINO_E.PVM,csn_t_yaji1,
SATranslation/system/OBJ_CASINO_E.PVM,csn_t_yaji2,
SATranslation/system/OBJ_CASINO_E.PVM,csn_t_yaji3,
SATranslation/system/OBJ_CASINO_E.PVM,card_t_neo_a,
SATranslation/system/OBJ_CASINO_E.PVM,card_tane_b,
SATranslation/system/OBJ_CASINO_E.PVM,card_tane_c,
SATranslation/system/OBJ_CASINO_E.PVM,card_xi_f,FR
SATranslation/system/OBJ_CASINO_E.PVM,card_8g,
SATranslation/system/OBJ_CASINO_E.PVM,card_8o,
SATranslation/system/OBJ_CASINO_E.PVM,card_8p,
SATranslation/system/OBJ_CASINO_E.PVM,card_8y,
SATranslation/system/OBJ_CASINO_E.PVM,card_xi_a,
SATranslation/system/OBJ_CASINO_E.PVM,card_xi_b,
SATranslation/system/OBJ_CASINO_E.PVM,card_xi_c,
SATranslation/system/OBJ_CASINO_E.PVM,card_xi_d,
SATranslation/system/OBJ_CASINO_E.PVM,card_xi_e,EN
SATranslation/system/OBJ_CASINO_E.PVM,card_8b,
SATranslation/system/OBJ_CASINO_E.PVM,card_t_yaji02,
SATranslation/system/OBJ_CASINO_E.PVM,card_t_yaji03,
SATranslation/system/OBJ_CASINO_E.PVM,card_t_yaji01,
SATranslation/system/OBJ_CASINO_E.PVM,card_pian_e,EN
SATranslation/system/OBJ_CASINO_E.PVM,card_pian_b,
SATranslation/system/OBJ_CASINO_E.PVM,card_pian_c,
SATranslation/system/OBJ_CASINO_E.PVM,card_pian_d,
SATranslation/system/OBJ_CASINO_E.PVM,card_pian_a,
SATranslation/system/OBJ_CASINO_E.PVM,card_pian_f,FR
SATranslation/system/OBJ_CASINO_E.PVM,card_yaku_b,
SATranslation/system/OBJ_CASINO_E.PVM,card_yaku_a,
SATranslation/system/OBJ_CASINO_E.PVM,card_kabe_a,
SATranslation/system/OBJ_CASINO_E.PVM,card_neon_ao,
SATranslation/system/OBJ_CASINO_E.PVM,card_rp_b,
SATranslation/system/OBJ_CASINO_E.PVM,np_taki_water,
SATranslation/system/OBJ_CASINO_E.PVM,card_redkumo,
SATranslation/system/OBJ_CASINO_E.PVM,card_neon_aka,
SATranslation/system/OBJ_CASINO_E.PVM,card_e_c,
SATranslation/system/OBJ_CHAOS7.PVM,lmm_brid1_1a,
SATranslation/system/OBJ_CHAOS7.PVM,lmm_brid1_1b,
SATranslation/system/OBJ_CHAOS7.PVM,lmm_brid1_2a,
SATranslation/system/OBJ_CHAOS7.PVM,lmm_brid1_2b,
SATranslation/system/OBJ_CHAOS7.PVM,lmm_way1_2b,
SATranslation/system/OBJ_CHAOS7.PVM,lmm_way1_3a,
SATranslation/system/OBJ_CHAOS7.PVM,lmm_way1_4c,
SATranslation/system/OBJ_CHAOS7.PVM,lmm_way1_5a,
SATranslation/system/OBJ_CHAOS7.PVM,lmm_brid1_1c,
SATranslation/system/OBJ_CHAOS7.PVM,lmm_brid1_2c,
SATranslation/system/OBJ_CHAOS7.PVM,lmm_way1_2a,
SATranslation/system/OBJ_CHAOS7.PVM,lmm_gird1a,
SATranslation/system/OBJ_CHAOS7.PVM,lmm_gird1b,
SATranslation/system/OBJ_CHAOS7.PVM,lmk_car_hra,
SATranslation/system/OBJ_CHAOS7.PVM,lmk_carbase,
SATranslation/system/OBJ_CHAOS7.PVM,lmk_carglas,
SATranslation/system/OBJ_CHAOS7.PVM,lmk_carhrb,
SATranslation/system/OBJ_CHAOS7.PVM,lmk_carla,
SATranslation/system/OBJ_CHAOS7.PVM,lmk_carmac,
SATranslation/system/OBJ_CHAOS7.PVM,lmk_cartex_nob,
SATranslation/system/OBJ_CHAOS7.PVM,lmk_cartexa,
SATranslation/system/OBJ_CHAOS7.PVM,lmk_cartexb,
SATranslation/system/OBJ_CHAOS7.PVM,lmk_cartexc,
SATranslation/system/OBJ_CHAOS7.PVM,lmk_cartexd,
SATranslation/system/OBJ_CHAOS7.PVM,lmk_cartexf,
SATranslation/system/OBJ_CHAOS7.PVM,lmk_cartexg,
SATranslation/system/OBJ_CHAOS7.PVM,lmk_cartexh,
SATranslation/system/OBJ_CHAOS7.PVM,lmk_cartexi,
SATranslation/system/OBJ_CHAOS7.PVM,lmk_cartir,
SATranslation/system/OBJ_CHAOS7.PVM,lmk_carwheela,
SATranslation/system/OBJ_CHAOS7.PVM,lmk_cartexaa,
SATranslation/system/OBJ_CHAOS7.PVM,lmk_cartexba,
SATranslation/system/OBJ_CHAOS7.PVM,lmk_cartexab,
SATranslation/system/OBJ_CHAOS7.PVM,lmk_cartexbb,
SATranslation/system/OBJ_CHAOS7.PVM,lmk_kanbani,
SATranslation/system/OBJ_CHAOS7.PVM,lmk_kanband,
SATranslation/system/OBJ_CHAOS7.PVM,lmk_kanbane,
SATranslation/system/OBJ_CHAOS7.PVM,lmk_kanban1a,
SATranslation/system/OBJ_CHAOS7.PVM,lmk_kanbang,
SATranslation/system/OBJ_CHAOS7.PVM,lmk_kanbanh,
SATranslation/system/OBJ_CHAOS7.PVM,lmk_kanban1b,
SATranslation/system/OBJ_CHAOS7.PVM,lmk_sig01,
SATranslation/system/OBJ_CHAOS7.PVM,lmk_sig02,
SATranslation/system/OBJ_CHAOS7.PVM,lmk_sig03,
SATranslation/system/OBJ_CHAOS7.PVM,lmk_sig04,
SATranslation/system/OBJ_CHAOS7.PVM,lmk_sigbu,
SATranslation/system/OBJ_CHAOS7.PVM,lmk_sigre,
SATranslation/system/OBJ_CHAOS7.PVM,lmk_sigye,
SATranslation/system/OBJ_CHAOS7.PVM,lmy_water02,
SATranslation/system/OBJ_CHAOS7.PVM,lm_sky1a,
SATranslation/system/OBJ_CHAOS7.PVM,lm_sky1b,
SATranslation/system/OBJ_CHAOS7.PVM,lm_sky2a,
SATranslation/system/OBJ_CHAOS7.PVM,lmk_build_a,
SATranslation/system/OBJ_CHAOS7.PVM,lmk_build_b,
SATranslation/system/OBJ_CHAOS7.PVM,lmk_build_c,
SATranslation/system/OBJ_CHAOS7.PVM,lmk_build_d,
SATranslation/system/OBJ_CHAOS7.PVM,lmk_build_e,EN
SATranslation/system/OBJ_CHAOS7.PVM,lmk_build_f,FR
SATranslation/system/OBJ_CHAOS7.PVM,lmk_carfr,
SATranslation/system/OBJ_CHAOS7.PVM,lmk_carin,
SATranslation/system/OBJ_CHAOS7.PVM,lmk_carmacb,
SATranslation/system/OBJ_CHAOS7.PVM,lmk_cartexaaa,
SATranslation/system/OBJ_CHAOS7.PVM,lmk_cartexe,
SATranslation/system/OBJ_CHAOS7.PVM,lmk_cartexj,
SATranslation/system/OBJ_CHAOS7.PVM,lmk_cone_s,ES
SATranslation/system/OBJ_CHAOS7.PVM,lmk_cone_u,
SATranslation/system/OBJ_CHAOS7.PVM,lmk_iron,
SATranslation/system/OBJ_CHAOS7.PVM,lmk_kabe1,
SATranslation/system/OBJ_CHAOS7.PVM,lmk_kabe2,
SATranslation/system/OBJ_CHAOS7.PVM,lmk_kabe3,
SATranslation/system/OBJ_CHAOS7.PVM,lmk_kabe4,
SATranslation/system/OBJ_CHAOS7.PVM,lmk_kabe5,
SATranslation/system/OBJ_CHAOS7.PVM,lmk_wallb,
SATranslation/system/OBJ_CHAOS7.PVM,lmk_wallc,
SATranslation/system/OBJ_CHAOS7.PVM,lmk_walle,
SATranslation/system/OBJ_CHAOS7.PVM,lmk_wallg,
SATranslation/system/OBJ_CHAOS7.PVM,lmk_wallh,
SATranslation/system/OBJ_CHAOS7.PVM,lmk_walli,
SATranslation/system/OBJ_CHAOS7.PVM,lmk_wallj,
SATranslation/system/OBJ_CHAOS7.PVM,lmk_wallk,
SATranslation/system/OBJ_CHAOS7.PVM,lmk_walll,
SATranslation/system/OBJ_CHAOS7.PVM,lmk_wallm,
SATranslation/system/OBJ_CHAOS7.PVM,lmy_103,
SATranslation/system/OBJ_CHAOS7.PVM,lmy_153,
SATranslation/system/OBJ_CHAOS7.PVM,lmy_182,
SATranslation/system/OBJ_CHAOS7.PVM,lmy_build108,
SATranslation/system/OBJ_CHAOS7.PVM,lmy_build128f,
SATranslation/system/OBJ_CHAOS7.PVM,lmy_build128uf,
SATranslation/system/OBJ_CHAOS7.PVM,lmy_build152,
SATranslation/system/OBJ_CHAOS7.PVM,lmy_build153,
SATranslation/system/OBJ_CHAOS7.PVM,lmy_build154,
SATranslation/system/OBJ_CHAOS7.PVM,lmy_build155,
SATranslation/system/OBJ_CHAOS7.PVM,lmy_build181,
SATranslation/system/OBJ_CHAOS7.PVM,lmy_renga01,
SATranslation/system/OBJ_CHAOS7.PVM,lmy_water01,
SATranslation/system/OBJ_CHAOS7.PVM,last_fall1,
SATranslation/system/OBJ_CHAOS7.PVM,last_fall2,
SATranslation/system/OBJ_CHAOS7.PVM,st3_83,
SATranslation/system/OBJ_CHAOS7.PVM,lastwater001,
SATranslation/system/OBJ_CHAOS7.PVM,lastwater002,
SATranslation/system/OBJ_CHAOS7.PVM,lastwater003,
SATranslation/system/OBJ_CHAOS7.PVM,lastwater004,
SATranslation/system/OBJ_CHAOS7.PVM,lastwater005,
SATranslation/system/OBJ_CHAOS7.PVM,lastwater006,
SATranslation/system/OBJ_CHAOS7.PVM,lastwater007,
SATranslation/system/OBJ_CHAOS7.PVM,lastwater008,
SATranslation/system/OBJ_CHAOS7.PVM,lastwater009,
SATranslation/system/OBJ_CHAOS7.PVM,lastwater010,
SATranslation/system/OBJ_CHAOS7.PVM,lastwater011,
SATranslation/system/OBJ_CHAOS7.PVM,lastwater012,
SATranslation/system/OBJ_CHAOS7.PVM,lastwater013,
SATranslation/system/OBJ_CHAOS7.PVM,lastwater014,
SATranslation/system/OBJ_EC00.PVM,eca_funb,
SATranslation/system/OBJ_EC00.PVM,eca_s_banal,
SATranslation/system/OBJ_EC00.PVM,eca_s_drill,
SATranslation/system/OBJ_EC00.PVM,eca_s_gold,
SATranslation/system/OBJ_EC00.PVM,eca_s_gre,
SATranslation/system/OBJ_EC00.PVM,eca_s_grh,
SATranslation/system/OBJ_EC00.PVM,eca_s_gro,
SATranslation/system/OBJ_EC00.PVM,eca_s_gya,
SATranslation/system/OBJ_EC00.PVM,eca_s_hasi,
SATranslation/system/OBJ_EC00.PVM,eca_s_kikb,
SATranslation/system/OBJ_EC00.PVM,eca_s_whi,
SATranslation/system/OBJ_EC00.PVM,eca_s_whib,
SATranslation/system/OBJ_EC00.PVM,eca_s_whtb,
SATranslation/system/OBJ_EC00.PVM,ecff_s_engc,
SATranslation/system/OBJ_EC00.PVM,ecf_s_gld,
SATranslation/system/OBJ_EC00.PVM,ecf_s_gya,
SATranslation/system/OBJ_EC00.PVM,ecf_s_intb,
SATranslation/system/OBJ_EC00.PVM,ecsc_s_lt,
SATranslation/system/OBJ_EC00.PVM,ecsc_s_ltb,
SATranslation/system/OBJ_EC00.PVM,edb_k_nori04,
SATranslation/system/OBJ_EC00.PVM,edb_o_akari01,
SATranslation/system/OBJ_EC00.PVM,edb_o_ana,
SATranslation/system/OBJ_EC00.PVM,edb_o_bed01,
SATranslation/system/OBJ_EC00.PVM,edb_o_bo02,
SATranslation/system/OBJ_EC00.PVM,edb_o_hon01,
SATranslation/system/OBJ_EC00.PVM,edb_o_hon02,
SATranslation/system/OBJ_EC00.PVM,edb_o_hon03,
SATranslation/system/OBJ_EC00.PVM,edb_o_hon04,
SATranslation/system/OBJ_EC00.PVM,edb_o_hon05,
SATranslation/system/OBJ_EC00.PVM,edb_o_hon06,
SATranslation/system/OBJ_EC00.PVM,edb_o_hon07,
SATranslation/system/OBJ_EC00.PVM,edb_o_hon08,
SATranslation/system/OBJ_EC00.PVM,edb_o_hon09,
SATranslation/system/OBJ_EC00.PVM,edb_o_hosi,
SATranslation/system/OBJ_EC00.PVM,edb_o_isu01,
SATranslation/system/OBJ_EC00.PVM,edb_o_isu02,
SATranslation/system/OBJ_EC00.PVM,edb_o_isu03,
SATranslation/system/OBJ_EC00.PVM,edb_o_isu04,
SATranslation/system/OBJ_EC00.PVM,edb_o_isu05,
SATranslation/system/OBJ_EC00.PVM,edb_o_isu06,
SATranslation/system/OBJ_EC00.PVM,edb_o_jyu,
SATranslation/system/OBJ_EC00.PVM,edb_o_kankyo,
SATranslation/system/OBJ_EC00.PVM,edb_o_kankyo4,
SATranslation/system/OBJ_EC00.PVM,edb_o_kanyo2,
SATranslation/system/OBJ_EC00.PVM,edb_o_kasa01,
SATranslation/system/OBJ_EC00.PVM,edb_o_kasa02,
SATranslation/system/OBJ_EC00.PVM,edb_o_kasan,
SATranslation/system/OBJ_EC00.PVM,edb_o_kawa01,
SATranslation/system/OBJ_EC00.PVM,edb_o_kawa02,
SATranslation/system/OBJ_EC00.PVM,edb_o_kyu01,
SATranslation/system/OBJ_EC00.PVM,edb_o_kyu02,
SATranslation/system/OBJ_EC00.PVM,edb_o_nori01,
SATranslation/system/OBJ_EC00.PVM,edb_o_nori02,
SATranslation/system/OBJ_EC00.PVM,edb_o_nori03,
SATranslation/system/OBJ_EC00.PVM,edb_o_nori04,
SATranslation/system/OBJ_EC00.PVM,edb_o_nori05,
SATranslation/system/OBJ_EC00.PVM,edb_o_nori06,
SATranslation/system/OBJ_EC00.PVM,edb_o_nori07,
SATranslation/system/OBJ_EC00.PVM,edb_o_rok02,
SATranslation/system/OBJ_EC00.PVM,edb_o_sen01,
SATranslation/system/OBJ_EC00.PVM,edb_o_sen02,
SATranslation/system/OBJ_EC00.PVM,edb_o_sen03,
SATranslation/system/OBJ_EC00.PVM,edb_o_sen04,
SATranslation/system/OBJ_EC00.PVM,edb_o_sen05,
SATranslation/system/OBJ_EC00.PVM,edb_o_sen06,
SATranslation/system/OBJ_EC00.PVM,edb_o_slot01,
SATranslation/system/OBJ_EC00.PVM,edb_o_slot02,
SATranslation/system/OBJ_EC00.PVM,edb_o_slot03,
SATranslation/system/OBJ_EC00.PVM,edb_o_slot04,
SATranslation/system/OBJ_EC00.PVM,edb_o_slot05,
SATranslation/system/OBJ_EC00.PVM,edb_o_slot06,
SATranslation/system/OBJ_EC00.PVM,edb_o_slot07,
SATranslation/system/OBJ_EC00.PVM,edb_o_slot08,
SATranslation/system/OBJ_EC00.PVM,edb_o_taia01,
SATranslation/system/OBJ_EC00.PVM,edb_o_taia02,
SATranslation/system/OBJ_EC00.PVM,edb_o_ten01,
SATranslation/system/OBJ_EC00.PVM,edb_o_ten02,
SATranslation/system/OBJ_EC00.PVM,edb_o_ten03,
SATranslation/system/OBJ_EC00.PVM,edb_o_ten05,
SATranslation/system/OBJ_EC00.PVM,edb_o_ten06,
SATranslation/system/OBJ_EC00.PVM,edb_o_ten13,
SATranslation/system/OBJ_EC00.PVM,edb_o_teno4,
SATranslation/system/OBJ_EC00.PVM,edb_o_tet03,
SATranslation/system/OBJ_EC00.PVM,edb_o_tet04,
SATranslation/system/OBJ_EC00.PVM,edb_tokei01,
SATranslation/system/OBJ_EC00.PVM,edb_tokei03,
SATranslation/system/OBJ_EC00.PVM,edc_k_display,
SATranslation/system/OBJ_EC00.PVM,edc_k_hekidan,
SATranslation/system/OBJ_EC00.PVM,edc_k_hekimon,
SATranslation/system/OBJ_EC00.PVM,edc_k_hliftright,
SATranslation/system/OBJ_EC00.PVM,edc_k_jkab002a,
SATranslation/system/OBJ_EC00.PVM,edc_k_jrokalight,
SATranslation/system/OBJ_EC00.PVM,edc_k_kabe8,
SATranslation/system/OBJ_EC00.PVM,edc_k_monuturi,
SATranslation/system/OBJ_EC00.PVM,edc_n_hasi,
SATranslation/system/OBJ_EC00.PVM,edc_n_herib,
SATranslation/system/OBJ_EC00.PVM,edc_n_kabe11,
SATranslation/system/OBJ_EC00.PVM,edc_n_kabe13,
SATranslation/system/OBJ_EC00.PVM,edc_n_kabe4,
SATranslation/system/OBJ_EC00.PVM,edc_n_osoujie,
SATranslation/system/OBJ_EC00.PVM,edc_n_tank10,
SATranslation/system/OBJ_EC00.PVM,edc_n_tank11,
SATranslation/system/OBJ_EC00.PVM,edc_n_tank2,
SATranslation/system/OBJ_EC00.PVM,edc_n_tank3,
SATranslation/system/OBJ_EC00.PVM,edc_n_tank9,
SATranslation/system/OBJ_EC00.PVM,edc_n_tobiraa,
SATranslation/system/OBJ_EC00.PVM,edc_n_tobirab,
SATranslation/system/OBJ_EC00.PVM,edc_n_tobirad,
SATranslation/system/OBJ_EC00.PVM,edc_n_tobirae,
SATranslation/system/OBJ_EC00.PVM,edc_n_tobirag,
SATranslation/system/OBJ_EC00.PVM,edc_n_tobirah,
SATranslation/system/OBJ_EC00.PVM,edc_n_uturi,
SATranslation/system/OBJ_EC00.PVM,edc_n_yane2,
SATranslation/system/OBJ_EC00.PVM,edv_f_beamf,
SATranslation/system/OBJ_EC00.PVM,edv_f_egg,
SATranslation/system/OBJ_EC00.PVM,edv_f_eggb,
SATranslation/system/OBJ_EC00.PVM,edv_f_hakob,
SATranslation/system/OBJ_EC00.PVM,edv_f_katabc,
SATranslation/system/OBJ_EC00.PVM,edv_f_nana,
SATranslation/system/OBJ_EC00.PVM,edv_f_nejiru,
SATranslation/system/OBJ_EC00.PVM,edv_f_sita,
SATranslation/system/OBJ_EC00.PVM,edv_f_ue,
SATranslation/system/OBJ_EC00.PVM,edv_f_zenmenb,
SATranslation/system/OBJ_EC00.PVM,edv_k_ekibut,
SATranslation/system/OBJ_EC00.PVM,edv_k_ekibut2,
SATranslation/system/OBJ_EC00.PVM,edv_k_ekihikari,
SATranslation/system/OBJ_EC00.PVM,edv_k_hliftuturi,
SATranslation/system/OBJ_EC00.PVM,edv_k_keiji,
SATranslation/system/OBJ_EC00.PVM,edv_k_mora,
SATranslation/system/OBJ_EC00.PVM,edv_k_morb,
SATranslation/system/OBJ_EC00.PVM,edv_k_morc,
SATranslation/system/OBJ_EC00.PVM,edv_k_mord,
SATranslation/system/OBJ_EC00.PVM,edv_k_more,
SATranslation/system/OBJ_EC00.PVM,edv_K_shimayuka09,
SATranslation/system/OBJ_EC00.PVM,edv_k_traingarasu,
SATranslation/system/OBJ_EC00.PVM,edv_n_light,
SATranslation/system/OBJ_EC00.PVM,edv_n_yuka07,
SATranslation/system/OBJ_EC00.PVM,edv_n_yuka09,
SATranslation/system/OBJ_EC00.PVM,edv_o_isi01,
SATranslation/system/OBJ_EC00.PVM,edv_o_yero01,
SATranslation/system/OBJ_EC00.PVM,era_k_kikb,
SATranslation/system/OBJ_EC00.PVM,era_s_a,
SATranslation/system/OBJ_EC00.PVM,era_s_bla,
SATranslation/system/OBJ_EC00.PVM,era_s_c,
SATranslation/system/OBJ_EC00.PVM,era_s_cocc,
SATranslation/system/OBJ_EC00.PVM,era_s_cova,
SATranslation/system/OBJ_EC00.PVM,era_s_covb,
SATranslation/system/OBJ_EC00.PVM,era_s_covc,
SATranslation/system/OBJ_EC00.PVM,era_s_covd,
SATranslation/system/OBJ_EC00.PVM,era_s_cove,
SATranslation/system/OBJ_EC00.PVM,era_s_covf,
SATranslation/system/OBJ_EC00.PVM,era_s_covh,
SATranslation/system/OBJ_EC00.PVM,era_s_d,
SATranslation/system/OBJ_EC00.PVM,era_s_daia,
SATranslation/system/OBJ_EC00.PVM,era_s_daib,
SATranslation/system/OBJ_EC00.PVM,era_s_daic,
SATranslation/system/OBJ_EC00.PVM,era_s_daid,
SATranslation/system/OBJ_EC00.PVM,era_s_door,
SATranslation/system/OBJ_EC00.PVM,era_s_egga,
SATranslation/system/OBJ_EC00.PVM,era_s_eggb,
SATranslation/system/OBJ_EC00.PVM,era_s_enmd,
SATranslation/system/OBJ_EC00.PVM,era_s_enus,
SATranslation/system/OBJ_EC00.PVM,era_s_gola,
SATranslation/system/OBJ_EC00.PVM,era_s_gre,
SATranslation/system/OBJ_EC00.PVM,era_s_grf,
SATranslation/system/OBJ_EC00.PVM,era_s_guna,
SATranslation/system/OBJ_EC00.PVM,era_s_haika,
SATranslation/system/OBJ_EC00.PVM,era_s_heda,
SATranslation/system/OBJ_EC00.PVM,era_s_hedb,
SATranslation/system/OBJ_EC00.PVM,era_s_hede,
SATranslation/system/OBJ_EC00.PVM,era_s_intb,
SATranslation/system/OBJ_EC00.PVM,era_s_intd,
SATranslation/system/OBJ_EC00.PVM,era_s_inte,
SATranslation/system/OBJ_EC00.PVM,era_s_kawa,
SATranslation/system/OBJ_EC00.PVM,era_s_kawb,
SATranslation/system/OBJ_EC00.PVM,era_s_kikb,
SATranslation/system/OBJ_EC00.PVM,era_s_kuro,
SATranslation/system/OBJ_EC00.PVM,era_s_light,
SATranslation/system/OBJ_EC00.PVM,era_s_okb,
SATranslation/system/OBJ_EC00.PVM,era_s_okc,
SATranslation/system/OBJ_EC00.PVM,era_s_oke,
SATranslation/system/OBJ_EC00.PVM,era_s_okf,
SATranslation/system/OBJ_EC00.PVM,era_s_orea,
SATranslation/system/OBJ_EC00.PVM,era_s_oreb,
SATranslation/system/OBJ_EC00.PVM,era_s_rail,
SATranslation/system/OBJ_EC00.PVM,era_s_syari,
SATranslation/system/OBJ_EC00.PVM,era_s_tend,
SATranslation/system/OBJ_EC00.PVM,era_s_yela,
SATranslation/system/OBJ_EC00.PVM,k_hasimoto001,
SATranslation/system/OBJ_EC00.PVM,k_hhashi01,
SATranslation/system/OBJ_EC00.PVM,k_hikaritubu,
SATranslation/system/OBJ_EC00.PVM,k_hkabeami,
SATranslation/system/OBJ_EC00.PVM,k_hkaidan003,
SATranslation/system/OBJ_EC00.PVM,k_hkuti2,
SATranslation/system/OBJ_EC00.PVM,k_tbgamewaku,
SATranslation/system/OBJ_EC00.PVM,k_tcomp,
SATranslation/system/OBJ_EC00.PVM,k_tgamehuta,
SATranslation/system/OBJ_EC00.PVM,k_tgamewaku,
SATranslation/system/OBJ_EC00.PVM,k_tmini,
SATranslation/system/OBJ_EC00.PVM,m128_sea001,
SATranslation/system/OBJ_EC00.PVM,o_en,EN
SATranslation/system/OBJ_EC00.PVM,o_en02,
SATranslation/system/OBJ_EC00.PVM,o_en03,
SATranslation/system/OBJ_EC00.PVM,o_yasi01,
SATranslation/system/OBJ_EC00.PVM,o_yasi03,
SATranslation/system/OBJ_EC00.PVM,o_yasi04,
SATranslation/system/OBJ_EC00.PVM,eca_s_whta,
SATranslation/system/OBJ_EC00.PVM,edb_i_egg,
SATranslation/system/OBJ_EC00.PVM,era_s_coca,
SATranslation/system/OBJ_EC00.PVM,era_s_cocb,
SATranslation/system/OBJ_EC00.PVM,sky_tlp,
SATranslation/system/OBJ_EC00.PVM,edc_n_kabe6,
SATranslation/system/OBJ_EC00.PVM,era_s_covee,
SATranslation/system/OBJ_EC30.PVM,eca_s_whi,
SATranslation/system/OBJ_EC30.PVM,eca_s_whib,
SATranslation/system/OBJ_EC30.PVM,eca_s_whtb,
SATranslation/system/OBJ_EC30.PVM,edb_k_nori04,
SATranslation/system/OBJ_EC30.PVM,edb_o_slot05,
SATranslation/system/OBJ_EC30.PVM,edc_k_display,
SATranslation/system/OBJ_EC30.PVM,edc_k_hekidan,
SATranslation/system/OBJ_EC30.PVM,edc_k_hekimon,
SATranslation/system/OBJ_EC30.PVM,edc_k_hliftright,
SATranslation/system/OBJ_EC30.PVM,edc_k_jhikari,
SATranslation/system/OBJ_EC30.PVM,edc_k_jrokalight,
SATranslation/system/OBJ_EC30.PVM,edc_k_jsen,
SATranslation/system/OBJ_EC30.PVM,edc_k_jtobira,
SATranslation/system/OBJ_EC30.PVM,edc_k_jtutu,
SATranslation/system/OBJ_EC30.PVM,edc_k_juturi,
SATranslation/system/OBJ_EC30.PVM,edc_k_juturi2,
SATranslation/system/OBJ_EC30.PVM,edc_k_monuturi,
SATranslation/system/OBJ_EC30.PVM,edc_n_garasu,
SATranslation/system/OBJ_EC30.PVM,edc_n_hasi,
SATranslation/system/OBJ_EC30.PVM,edc_n_kabe11,
SATranslation/system/OBJ_EC30.PVM,edc_n_kabe12,
SATranslation/system/OBJ_EC30.PVM,edc_n_kabe13,
SATranslation/system/OBJ_EC30.PVM,edc_n_kabe15,
SATranslation/system/OBJ_EC30.PVM,edc_n_kabe3,
SATranslation/system/OBJ_EC30.PVM,edc_n_kabe7,
SATranslation/system/OBJ_EC30.PVM,edc_n_kabe8,
SATranslation/system/OBJ_EC30.PVM,edc_n_osoujia,
SATranslation/system/OBJ_EC30.PVM,edc_n_osoujib,
SATranslation/system/OBJ_EC30.PVM,edc_n_osoujic,
SATranslation/system/OBJ_EC30.PVM,edc_n_osoujid,
SATranslation/system/OBJ_EC30.PVM,edc_n_osoujie,
SATranslation/system/OBJ_EC30.PVM,edc_n_osoujif,
SATranslation/system/OBJ_EC30.PVM,edc_n_osoujij,
SATranslation/system/OBJ_EC30.PVM,edc_n_osoujik,
SATranslation/system/OBJ_EC30.PVM,edc_n_osoujil,
SATranslation/system/OBJ_EC30.PVM,edc_n_osoujim,
SATranslation/system/OBJ_EC30.PVM,edc_n_tank1,
SATranslation/system/OBJ_EC30.PVM,edc_n_tank11,
SATranslation/system/OBJ_EC30.PVM,edc_n_tank2,
SATranslation/system/OBJ_EC30.PVM,edc_n_tank3,
SATranslation/system/OBJ_EC30.PVM,edc_n_tank6,
SATranslation/system/OBJ_EC30.PVM,edc_n_tank8,
SATranslation/system/OBJ_EC30.PVM,edc_n_tobiraa,
SATranslation/system/OBJ_EC30.PVM,edc_n_tobirab,
SATranslation/system/OBJ_EC30.PVM,edc_n_tobirac,
SATranslation/system/OBJ_EC30.PVM,edc_n_tobirad,
SATranslation/system/OBJ_EC30.PVM,edc_n_tobirae,
SATranslation/system/OBJ_EC30.PVM,edc_n_tobiraf,
SATranslation/system/OBJ_EC30.PVM,edc_n_tobirag,
SATranslation/system/OBJ_EC30.PVM,edc_n_tobirah,
SATranslation/system/OBJ_EC30.PVM,edc_n_uturi,
SATranslation/system/OBJ_EC30.PVM,edc_n_yane2,
SATranslation/system/OBJ_EC30.PVM,edc_n_yuka1,
SATranslation/system/OBJ_EC30.PVM,edv_k_ekibut,
SATranslation/system/OBJ_EC30.PVM,edv_k_ekibut2,
SATranslation/system/OBJ_EC30.PVM,edv_k_ekihikari,
SATranslation/system/OBJ_EC30.PVM,edv_k_hliftuturi,
SATranslation/system/OBJ_EC30.PVM,edv_k_keiji,
SATranslation/system/OBJ_EC30.PVM,edv_k_mora,
SATranslation/system/OBJ_EC30.PVM,edv_k_morb,
SATranslation/system/OBJ_EC30.PVM,edv_k_morc,
SATranslation/system/OBJ_EC30.PVM,edv_k_mord,
SATranslation/system/OBJ_EC30.PVM,edv_k_more,
SATranslation/system/OBJ_EC30.PVM,edv_K_shimayuka09,
SATranslation/system/OBJ_EC30.PVM,edv_k_traingarasu,
SATranslation/system/OBJ_EC30.PVM,edv_K_yuka09,
SATranslation/system/OBJ_EC30.PVM,edv_n_kabe08,
SATranslation/system/OBJ_EC30.PVM,edv_n_yuka09,
SATranslation/system/OBJ_EC30.PVM,edv_n_yuka11,
SATranslation/system/OBJ_EC30.PVM,edv_n_yuka12,
SATranslation/system/OBJ_EC30.PVM,edv_n_yuka13,
SATranslation/system/OBJ_EC30.PVM,era_k_kikb,
SATranslation/system/OBJ_EC30.PVM,era_k_yuka,
SATranslation/system/OBJ_EC30.PVM,era_s_haika,
SATranslation/system/OBJ_EC30.PVM,era_s_kawb,
SATranslation/system/OBJ_EC30.PVM,era_s_kuro,
SATranslation/system/OBJ_EC30.PVM,k_hasimoto001,
SATranslation/system/OBJ_EC30.PVM,k_hhashi01,
SATranslation/system/OBJ_EC30.PVM,k_hikaritubu,
SATranslation/system/OBJ_EC30.PVM,k_hkabe002,
SATranslation/system/OBJ_EC30.PVM,k_hkabeami,
SATranslation/system/OBJ_EC30.PVM,k_hkaidan002,
SATranslation/system/OBJ_EC30.PVM,k_hkaidan003,
SATranslation/system/OBJ_EC30.PVM,k_hkuti,
SATranslation/system/OBJ_EC30.PVM,k_hkuti2,
SATranslation/system/OBJ_EC30.PVM,k_hshuter,
SATranslation/system/OBJ_EC30.PVM,k_saku,
SATranslation/system/OBJ_EC30.PVM,k_tcomp,
SATranslation/system/OBJ_EC30.PVM,k_tuebou,
SATranslation/system/OBJ_EC30.PVM,n_totte,
SATranslation/system/OBJ_EC30.PVM,edc_k_pointl,
SATranslation/system/OBJ_EC30.PVM,edc_k_pointred,
SATranslation/system/OBJ_FINALEGG.PVM,d64arm4f,
SATranslation/system/OBJ_FINALEGG.PVM,d64metal1f,
SATranslation/system/OBJ_FINALEGG.PVM,d64metal2f,
SATranslation/system/OBJ_FINALEGG.PVM,d64tunagi1f,
SATranslation/system/OBJ_FINALEGG.PVM,tm128dak,
SATranslation/system/OBJ_FINALEGG.PVM,tm16sya,
SATranslation/system/OBJ_FINALEGG.PVM,tm16cam,
SATranslation/system/OBJ_FINALEGG.PVM,tm32gars,
SATranslation/system/OBJ_FINALEGG.PVM,tm64ginp,
SATranslation/system/OBJ_FINALEGG.PVM,tm64green,
SATranslation/system/OBJ_FINALEGG.PVM,tm64grnx,
SATranslation/system/OBJ_FINALEGG.PVM,tm64limo,
SATranslation/system/OBJ_FINALEGG.PVM,tm128tec,
SATranslation/system/OBJ_FINALEGG.PVM,fq64mtl_base01,
SATranslation/system/OBJ_FINALEGG.PVM,tm128gateja,
SATranslation/system/OBJ_FINALEGG.PVM,tm128keiki2,
SATranslation/system/OBJ_FINALEGG.PVM,d16jet1alfa,
SATranslation/system/OBJ_FINALEGG.PVM,tym64bkl,
SATranslation/system/OBJ_FINALEGG.PVM,tm16beam3,
SATranslation/system/OBJ_FINALEGG.PVM,d64_lv1_1c,
SATranslation/system/OBJ_FINALEGG.PVM,tm32bk1,
SATranslation/system/OBJ_FINALEGG.PVM,tm32gars2,
SATranslation/system/OBJ_FINALEGG.PVM,tm16yel,
SATranslation/system/OBJ_FINALEGG.PVM,tm64objgr1,
SATranslation/system/OBJ_FINALEGG.PVM,tm64objgr2,
SATranslation/system/OBJ_FINALEGG.PVM,tm128keiki,
SATranslation/system/OBJ_FINALEGG.PVM,d64tunagi5f,
SATranslation/system/OBJ_FINALEGG.PVM,fq128wall21,
SATranslation/system/OBJ_FINALEGG.PVM,fq64sabi02,
SATranslation/system/OBJ_FINALEGG.PVM,d128_lv1_1b,
SATranslation/system/OBJ_FINALEGG.PVM,tm128saba,
SATranslation/system/OBJ_FINALEGG.PVM,tm16beam2,
SATranslation/system/OBJ_FINALEGG.PVM,tm16bkbk,
SATranslation/system/OBJ_FINALEGG.PVM,tm32black,
SATranslation/system/OBJ_FINALEGG.PVM,d64blueeye,
SATranslation/system/OBJ_FINALEGG.PVM,d64hadabase,
SATranslation/system/OBJ_FINALEGG.PVM,d64redbase,
SATranslation/system/OBJ_FINALEGG.PVM,d64redeye,
SATranslation/system/OBJ_FINALEGG.PVM,d64redmune,
SATranslation/system/OBJ_FINALEGG.PVM,d64whitebase,
SATranslation/system/OBJ_FINALEGG.PVM,d64yebase,
SATranslation/system/OBJ_FINALEGG.PVM,d64yeeye,
SATranslation/system/OBJ_FINALEGG.PVM,d64yetale,
SATranslation/system/OBJ_FINALEGG.PVM,d8black,
SATranslation/system/OBJ_FINALEGG.PVM,d8hada,
SATranslation/system/OBJ_FINALEGG.PVM,d8white,
SATranslation/system/OBJ_FINALEGG.PVM,fq64gumblue02,
SATranslation/system/OBJ_FINALEGG.PVM,d64bluebase,
SATranslation/system/OBJ_FINALEGG.PVM,tm128uega,
SATranslation/system/OBJ_FINALEGG.PVM,tm32red1,
SATranslation/system/OBJ_FINALEGG.PVM,tm32yelvv,
SATranslation/system/OBJ_FINALEGG.PVM,tm32yelz,
SATranslation/system/OBJ_FINALEGG.PVM,tm64bk1,
SATranslation/system/OBJ_FINALEGG.PVM,tm64bl3,
SATranslation/system/OBJ_FINALEGG.PVM,tm64grip,
SATranslation/system/OBJ_FINALEGG.PVM,d32mileshoose1,
SATranslation/system/OBJ_FINALEGG.PVM,d32mileshoose2,
SATranslation/system/OBJ_FINALEGG.PVM,d32nacshoose1,
SATranslation/system/OBJ_FINALEGG.PVM,d32nacshoose2,
SATranslation/system/OBJ_FINALEGG.PVM,d32sonicshoose,
SATranslation/system/OBJ_FINALEGG.PVM,d32sonicshoose2,
SATranslation/system/OBJ_FINALEGG.PVM,d128side2f,
SATranslation/system/OBJ_FINALEGG.PVM,tm128sabis,
SATranslation/system/OBJ_FINALEGG.PVM,tm16eye2,
SATranslation/system/OBJ_FINALEGG.PVM,tm16reds,
SATranslation/system/OBJ_FINALEGG.PVM,tm16shada,
SATranslation/system/OBJ_FINALEGG.PVM,d128side_moto,
SATranslation/system/OBJ_FINALEGG.PVM,tm64bl,
SATranslation/system/OBJ_FINALEGG.PVM,tm64hoho,
SATranslation/system/OBJ_FINALEGG.PVM,tm64shara,
SATranslation/system/OBJ_FINALEGG.PVM,d64accent1f,
SATranslation/system/OBJ_FINALEGG.PVM,d64tunagi2f,
SATranslation/system/OBJ_FINALEGG.PVM,fq128pipesabi01,
SATranslation/system/OBJ_FINALEGG.PVM,fq128sabitile02,
SATranslation/system/OBJ_FINALEGG.PVM,fq64kabelight03,
SATranslation/system/OBJ_FINALEGG.PVM,fq64wall17,
SATranslation/system/OBJ_FINALEGG.PVM,tm126garab,
SATranslation/system/OBJ_FINALEGG.PVM,tm128cont,
SATranslation/system/OBJ_FINALEGG.PVM,tm128gata,
SATranslation/system/OBJ_FINALEGG.PVM,tm128gripaa,
SATranslation/system/OBJ_FINALEGG.PVM,tm128sbox,
SATranslation/system/OBJ_FINALEGG.PVM,tm32blu,
SATranslation/system/OBJ_FINALEGG.PVM,tm32deki,
SATranslation/system/OBJ_FINALEGG.PVM,tm64bkgg,
SATranslation/system/OBJ_FINALEGG.PVM,d8red,
SATranslation/system/OBJ_FINALEGG.PVM,tm64blin,
SATranslation/system/OBJ_FINALEGG.PVM,tm64egggren,
SATranslation/system/OBJ_FINALEGG.PVM,ai32futa01,
SATranslation/system/OBJ_FINALEGG.PVM,fq64kabelight02,
SATranslation/system/OBJ_FINALEGG.PVM,tm128kos,
SATranslation/system/OBJ_FINALEGG.PVM,ai128kabe07,
SATranslation/system/OBJ_FINALEGG.PVM,ai128box08,
SATranslation/system/OBJ_FINALEGG.PVM,fq128compane01,
SATranslation/system/OBJ_FINALEGG.PVM,fq128rack,
SATranslation/system/OBJ_FINALEGG.PVM,fq128wall22,
SATranslation/system/OBJ_FINALEGG.PVM,fq32wanigum01,
SATranslation/system/OBJ_FINALEGG.PVM,ai128box06,
SATranslation/system/OBJ_FINALEGG.PVM,fq64wall13,
SATranslation/system/OBJ_FINALEGG.PVM,fq64wall16,
SATranslation/system/OBJ_FINALEGG.PVM,fq64yb,
SATranslation/system/OBJ_FINALEGG.PVM,fq64zakobody_gly,
SATranslation/system/OBJ_FINALEGG.PVM,fq128pipesabi02,
SATranslation/system/OBJ_FINALEGG.PVM,ai128box09,
SATranslation/system/OBJ_FINALEGG.PVM,ai128box10,
SATranslation/system/OBJ_FINALEGG.PVM,ai64aamu10,
SATranslation/system/OBJ_FINALEGG.PVM,fq64alpheye,
SATranslation/system/OBJ_FINALEGG.PVM,ai128box05,
SATranslation/system/OBJ_FINALEGG.PVM,ai128kabe06,
SATranslation/system/OBJ_FINALEGG.PVM,ai32box,
SATranslation/system/OBJ_FINALEGG.PVM,ai32hou05,
SATranslation/system/OBJ_FINALEGG.PVM,ai64aamu05,
SATranslation/system/OBJ_FINALEGG.PVM,ai64kabe,
SATranslation/system/OBJ_FINALEGG.PVM,ai64kabe04,
SATranslation/system/OBJ_FINALEGG.PVM,ai64kabe08,
SATranslation/system/OBJ_FINALEGG.PVM,ai64mizo,
SATranslation/system/OBJ_FINALEGG.PVM,d128_lv1_1gl,
SATranslation/system/OBJ_FINALEGG.PVM,d64belt1a,
SATranslation/system/OBJ_FINALEGG.PVM,d128_lv1_2a,
SATranslation/system/OBJ_FINALEGG.PVM,d128side11f,
SATranslation/system/OBJ_FINALEGG.PVM,d128side12f,
SATranslation/system/OBJ_FINALEGG.PVM,d128side13f,
SATranslation/system/OBJ_FINALEGG.PVM,d128side14f,
SATranslation/system/OBJ_FINALEGG.PVM,d128side16f,
SATranslation/system/OBJ_FINALEGG.PVM,d64belcon1a,
SATranslation/system/OBJ_FINALEGG.PVM,d64hqri1f,
SATranslation/system/OBJ_FINALEGG.PVM,d64kouji2a,
SATranslation/system/OBJ_FINALEGG.PVM,d64pipe1a,
SATranslation/system/OBJ_FINALEGG.PVM,d64side8fe,
SATranslation/system/OBJ_FINALEGG.PVM,d64yuka1f,
SATranslation/system/OBJ_FINALEGG.PVM,d128belcon3a,
SATranslation/system/OBJ_FINALEGG.PVM,d64belcon2a,
SATranslation/system/OBJ_FINALEGG.PVM,d64pipe2b,
SATranslation/system/OBJ_FINALEGG.PVM,tm128contf,
SATranslation/system/OBJ_FINALEGG.PVM,d128dramcan1a,
SATranslation/system/OBJ_FINALEGG.PVM,d128dramcan2a,
SATranslation/system/OBJ_FINALEGG.PVM,d32amife1alpha,
SATranslation/system/OBJ_FINALEGG.PVM,d128shatter3f,
SATranslation/system/OBJ_FINALEGG.PVM,d128shatter2f,
SATranslation/system/OBJ_FINALEGG.PVM,ai64aamu06,
SATranslation/system/OBJ_FINALEGG.PVM,ai64aamu08,
SATranslation/system/OBJ_FINALEGG.PVM,ai32kou02,
SATranslation/system/OBJ_FINALEGG.PVM,ai32hou03,
SATranslation/system/OBJ_FINALEGG.PVM,ai64door08,
SATranslation/system/OBJ_FINALEGG.PVM,ai64door02,
SATranslation/system/OBJ_FINALEGG.PVM,ai64door03,
SATranslation/system/OBJ_FINALEGG.PVM,ai64door04,
SATranslation/system/OBJ_FINALEGG.PVM,ai64door05,
SATranslation/system/OBJ_FINALEGG.PVM,ai64door07,
SATranslation/system/OBJ_FINALEGG.PVM,ai128box02,
SATranslation/system/OBJ_FINALEGG.PVM,d8pinkwhite,
SATranslation/system/OBJ_FINALEGG.PVM,d8pink_alpha,
SATranslation/system/OBJ_FINALEGG.PVM,d8yellow,
SATranslation/system/OBJ_FINALEGG.PVM,fr32lightbl01,
SATranslation/system/OBJ_FINALEGG.PVM,d32houdenhikari,
SATranslation/system/OBJ_FINALEGG.PVM,tm64xxx,
SATranslation/system/OBJ_FINALEGG.PVM,tm64gripy,
SATranslation/system/OBJ_FINALEGG.PVM,fq128lv2fan2,
SATranslation/system/OBJ_FINALEGG.PVM,fq128phead,
SATranslation/system/OBJ_FINALEGG.PVM,fr64lightbl01,
SATranslation/system/OBJ_FINALEGG.PVM,ai64aamu07,
SATranslation/system/OBJ_FINALEGG.PVM,ai64box02,
SATranslation/system/OBJ_FINALEGG.PVM,ai64box,
SATranslation/system/OBJ_FINALEGG.PVM,d16arm3f,
SATranslation/system/OBJ_FINALEGG.PVM,d16arm2f,
SATranslation/system/OBJ_FINALEGG.PVM,fq64yukaami05,
SATranslation/system/OBJ_FINALEGG.PVM,tm64bla,
SATranslation/system/OBJ_FINALEGG.PVM,tm16beam1,
SATranslation/system/OBJ_FINALEGG.PVM,tm64ligyr,
SATranslation/system/OBJ_FINALEGG.PVM,fq32rackneji,
SATranslation/system/OBJ_FINALEGG.PVM,fq32yukaami01,
SATranslation/system/OBJ_FINALEGG.PVM,ef_06_00,
SATranslation/system/OBJ_FINALEGG.PVM,ef_06_01,
SATranslation/system/OBJ_FINALEGG.PVM,ef_06_02,
SATranslation/system/OBJ_FINALEGG.PVM,ef_06_03,
SATranslation/system/OBJ_FINALEGG.PVM,ef_06_04,
SATranslation/system/OBJ_FINALEGG.PVM,ef_06_05,
SATranslation/system/OBJ_HIGHWAY.PVM,ref_crome,
SATranslation/system/OBJ_HIGHWAY.PVM,s_w38,
SATranslation/system/OBJ_HIGHWAY.PVM,h2,
SATranslation/system/OBJ_HIGHWAY.PVM,s_w18,
SATranslation/system/OBJ_HIGHWAY.PVM,st_c19,
SATranslation/system/OBJ_HIGHWAY.PVM,st_c20,
SATranslation/system/OBJ_HIGHWAY.PVM,yakei_ref,
SATranslation/system/OBJ_HIGHWAY.PVM,st_green03,
SATranslation/system/OBJ_HIGHWAY.PVM,st_green12,
SATranslation/system/OBJ_HIGHWAY.PVM,st_c10,
SATranslation/system/OBJ_HIGHWAY.PVM,eggss,
SATranslation/system/OBJ_HIGHWAY.PVM,antetx00,
SATranslation/system/OBJ_HIGHWAY.PVM,st_slight06,
SATranslation/system/OBJ_HIGHWAY.PVM,st3_mado,
SATranslation/system/OBJ_HIGHWAY.PVM,ama_hw003,
SATranslation/system/OBJ_HIGHWAY.PVM,lmptx05,
SATranslation/system/OBJ_HIGHWAY.PVM,cone01,
SATranslation/system/OBJ_HIGHWAY.PVM,cone02,
SATranslation/system/OBJ_HIGHWAY.PVM,lmptx08,
SATranslation/system/OBJ_HIGHWAY.PVM,cone04,
SATranslation/system/OBJ_HIGHWAY.PVM,cone05,
SATranslation/system/OBJ_HIGHWAY.PVM,courseter02,
SATranslation/system/OBJ_HIGHWAY.PVM,curb09,
SATranslation/system/OBJ_HIGHWAY.PVM,post01,
SATranslation/system/OBJ_HIGHWAY.PVM,drnk,
SATranslation/system/OBJ_HIGHWAY.PVM,en04,
SATranslation/system/OBJ_HIGHWAY.PVM,en01,
SATranslation/system/OBJ_HIGHWAY.PVM,esc_01,
SATranslation/system/OBJ_HIGHWAY.PVM,esc_03,
SATranslation/system/OBJ_HIGHWAY.PVM,esc_05,
SATranslation/system/OBJ_HIGHWAY.PVM,fentx02,
SATranslation/system/OBJ_HIGHWAY.PVM,fentx03,
SATranslation/system/OBJ_HIGHWAY.PVM,fentx04,
SATranslation/system/OBJ_HIGHWAY.PVM,fentx05,
SATranslation/system/OBJ_HIGHWAY.PVM,fentx07,
SATranslation/system/OBJ_HIGHWAY.PVM,gatetx02,
SATranslation/system/OBJ_HIGHWAY.PVM,gatetx03,
SATranslation/system/OBJ_HIGHWAY.PVM,gatetx06,
SATranslation/system/OBJ_HIGHWAY.PVM,gr02,
SATranslation/system/OBJ_HIGHWAY.PVM,gr03,
SATranslation/system/OBJ_HIGHWAY.PVM,gr05,
SATranslation/system/OBJ_HIGHWAY.PVM,gr07,
SATranslation/system/OBJ_HIGHWAY.PVM,gr08,
SATranslation/system/OBJ_HIGHWAY.PVM,hg01,
SATranslation/system/OBJ_HIGHWAY.PVM,hyd_ylo2,
SATranslation/system/OBJ_HIGHWAY.PVM,light0,
SATranslation/system/OBJ_HIGHWAY.PVM,light2,
SATranslation/system/OBJ_HIGHWAY.PVM,lmpltx10,
SATranslation/system/OBJ_HIGHWAY.PVM,lmptx00,
SATranslation/system/OBJ_HIGHWAY.PVM,lmptx01,
SATranslation/system/OBJ_HIGHWAY.PVM,lmptx10,
SATranslation/system/OBJ_HIGHWAY.PVM,lmptx11,
SATranslation/system/OBJ_HIGHWAY.PVM,nw01,
SATranslation/system/OBJ_HIGHWAY.PVM,patlight,
SATranslation/system/OBJ_HIGHWAY.PVM,patlight_a,
SATranslation/system/OBJ_HIGHWAY.PVM,plant03,
SATranslation/system/OBJ_HIGHWAY.PVM,plant05,
SATranslation/system/OBJ_HIGHWAY.PVM,poot_01,
SATranslation/system/OBJ_HIGHWAY.PVM,post06,
SATranslation/system/OBJ_HIGHWAY.PVM,post07,
SATranslation/system/OBJ_HIGHWAY.PVM,poster2,
SATranslation/system/OBJ_HIGHWAY.PVM,poster3,
SATranslation/system/OBJ_HIGHWAY.PVM,poster4,
SATranslation/system/OBJ_HIGHWAY.PVM,ref_black,
SATranslation/system/OBJ_HIGHWAY.PVM,ref_lblue,
SATranslation/system/OBJ_HIGHWAY.PVM,ref_red,
SATranslation/system/OBJ_HIGHWAY.PVM,ref_white,
SATranslation/system/OBJ_HIGHWAY.PVM,ref_yellow,
SATranslation/system/OBJ_HIGHWAY.PVM,s_w28,
SATranslation/system/OBJ_HIGHWAY.PVM,senzai,
SATranslation/system/OBJ_HIGHWAY.PVM,sign2,
SATranslation/system/OBJ_HIGHWAY.PVM,sp01,
SATranslation/system/OBJ_HIGHWAY.PVM,sp03,
SATranslation/system/OBJ_HIGHWAY.PVM,sp04,
SATranslation/system/OBJ_HIGHWAY.PVM,sp05,
SATranslation/system/OBJ_HIGHWAY.PVM,sp06,
SATranslation/system/OBJ_HIGHWAY.PVM,st_c04,
SATranslation/system/OBJ_HIGHWAY.PVM,st_c05,
SATranslation/system/OBJ_HIGHWAY.PVM,st_c07,
SATranslation/system/OBJ_HIGHWAY.PVM,st_c09,
SATranslation/system/OBJ_HIGHWAY.PVM,st_c14,
SATranslation/system/OBJ_HIGHWAY.PVM,st_c17,
SATranslation/system/OBJ_HIGHWAY.PVM,st_c18,
SATranslation/system/OBJ_HIGHWAY.PVM,st_f07,
SATranslation/system/OBJ_HIGHWAY.PVM,st_fe01,
SATranslation/system/OBJ_HIGHWAY.PVM,st_green02,
SATranslation/system/OBJ_HIGHWAY.PVM,st_green07,
SATranslation/system/OBJ_HIGHWAY.PVM,st_green11,
SATranslation/system/OBJ_HIGHWAY.PVM,st_green13,
SATranslation/system/OBJ_HIGHWAY.PVM,st_l02,
SATranslation/system/OBJ_HIGHWAY.PVM,st_l03,
SATranslation/system/OBJ_HIGHWAY.PVM,st_lamp,
SATranslation/system/OBJ_HIGHWAY.PVM,st_slight01,
SATranslation/system/OBJ_HIGHWAY.PVM,st_slight05,
SATranslation/system/OBJ_HIGHWAY.PVM,st_slight09,
SATranslation/system/OBJ_HIGHWAY.PVM,st_t01,
SATranslation/system/OBJ_HIGHWAY.PVM,st_t02,
SATranslation/system/OBJ_HIGHWAY.PVM,st3_34,
SATranslation/system/OBJ_HIGHWAY.PVM,st3_8,
SATranslation/system/OBJ_HIGHWAY.PVM,st3_90,
SATranslation/system/OBJ_HIGHWAY.PVM,tokei08,
SATranslation/system/OBJ_HIGHWAY.PVM,tokei1,
SATranslation/system/OBJ_HIGHWAY.PVM,tokei2,
SATranslation/system/OBJ_HIGHWAY.PVM,tokei3,
SATranslation/system/OBJ_HIGHWAY.PVM,tokei4,
SATranslation/system/OBJ_HIGHWAY.PVM,tokei6,
SATranslation/system/OBJ_HIGHWAY.PVM,tokei7,
SATranslation/system/OBJ_HIGHWAY.PVM,yajirusi01,
SATranslation/system/OBJ_HIGHWAY.PVM,yajirusi02,
SATranslation/system/OBJ_HIGHWAY.PVM,yajirusi03,
SATranslation/system/OBJ_HIGHWAY.PVM,m32_ss001,
SATranslation/system/OBJ_HIGHWAY.PVM,m32_ss004,
SATranslation/system/OBJ_HIGHWAY.PVM,m32_ss002,
SATranslation/system/OBJ_HIGHWAY.PVM,m32_ss003,
SATranslation/system/OBJ_HIGHWAY.PVM,patlight_b,
SATranslation/system/OBJ_HIGHWAY.PVM,ama_hw010,
SATranslation/system/OBJ_HIGHWAY.PVM,ama_hw013,
SATranslation/system/OBJ_HIGHWAY.PVM,st3_89,
SATranslation/system/OBJ_HIGHWAY.PVM,sh_gakon_01,
SATranslation/system/OBJ_HIGHWAY.PVM,sh_gakon_02,
SATranslation/system/OBJ_HIGHWAY.PVM,sh_heri02,
SATranslation/system/OBJ_HIGHWAY.PVM,sh_heri01,
SATranslation/system/OBJ_HIGHWAY.PVM,sh_bkglass,
SATranslation/system/OBJ_HIGHWAY.PVM,sh_tsuro01,
SATranslation/system/OBJ_HIGHWAY.PVM,sh_clamp,
SATranslation/system/OBJ_HIGHWAY.PVM,ref_car,
SATranslation/system/OBJ_HIGHWAY2.PVM,courseter02,
SATranslation/system/OBJ_HIGHWAY2.PVM,neon02,
SATranslation/system/OBJ_HIGHWAY2.PVM,neon04,
SATranslation/system/OBJ_HIGHWAY2.PVM,neon06,
SATranslation/system/OBJ_HIGHWAY2.PVM,neon05,
SATranslation/system/OBJ_HIGHWAY2.PVM,neon09,
SATranslation/system/OBJ_HIGHWAY2.PVM,neon01,
SATranslation/system/OBJ_HIGHWAY2.PVM,light2,
SATranslation/system/OBJ_HIGHWAY2.PVM,neon03,
SATranslation/system/OBJ_HIGHWAY2.PVM,neon10,
SATranslation/system/OBJ_HIGHWAY2.PVM,neon04,
SATranslation/system/OBJ_HIGHWAY2.PVM,neon06,
SATranslation/system/OBJ_HIGHWAY2.PVM,fentx05,
SATranslation/system/OBJ_HIGHWAY2.PVM,fentx07,
SATranslation/system/OBJ_HIGHWAY2.PVM,neon02,
SATranslation/system/OBJ_HIGHWAY2.PVM,neon08,
SATranslation/system/OBJ_HIGHWAY2.PVM,neon01,
SATranslation/system/OBJ_HIGHWAY2.PVM,neon07,
SATranslation/system/OBJ_HIGHWAY2.PVM,neon02,
SATranslation/system/OBJ_HIGHWAY2.PVM,neon05,
SATranslation/system/OBJ_HIGHWAY2.PVM,neon07,
SATranslation/system/OBJ_HIGHWAY2.PVM,s_w18,
SATranslation/system/OBJ_HIGHWAY2.PVM,neon04,
SATranslation/system/OBJ_HIGHWAY2.PVM,neon09,
SATranslation/system/OBJ_HIGHWAY2.PVM,st_cornerlight,
SATranslation/system/OBJ_HIGHWAY2.PVM,sh_funsui01,
SATranslation/system/OBJ_HIGHWAY2.PVM,fountain01,
SATranslation/system/OBJ_HIGHWAY2.PVM,fountain02,
SATranslation/system/OBJ_HIGHWAY2.PVM,fountain03,
SATranslation/system/OBJ_HIGHWAY2.PVM,fountain04,
SATranslation/system/OBJ_HIGHWAY2.PVM,cone04,
SATranslation/system/OBJ_HIGHWAY2.PVM,light2,
SATranslation/system/OBJ_HIGHWAY2.PVM,nen_01,
SATranslation/system/OBJ_HIGHWAY2.PVM,ref_crome,
SATranslation/system/OBJ_HIGHWAY2.PVM,st_slight06,
SATranslation/system/OBJ_HIGHWAY2.PVM,cone04,
SATranslation/system/OBJ_HIGHWAY2.PVM,light2,
SATranslation/system/OBJ_HIGHWAY2.PVM,nen_02,
SATranslation/system/OBJ_HIGHWAY2.PVM,ref_crome,
SATranslation/system/OBJ_HIGHWAY2.PVM,st_slight06,
SATranslation/system/OBJ_HIGHWAY2.PVM,post01,
SATranslation/system/OBJ_HIGHWAY2.PVM,ref_red,
SATranslation/system/OBJ_HIGHWAY2.PVM,tokei3,
SATranslation/system/OBJ_HIGHWAY2.PVM,post07,
SATranslation/system/OBJ_HIGHWAY2.PVM,ref_red,
SATranslation/system/OBJ_HIGHWAY2.PVM,tokei3,
SATranslation/system/OBJ_HIGHWAY2.PVM,poster2,
SATranslation/system/OBJ_HIGHWAY2.PVM,ref_red,
SATranslation/system/OBJ_HIGHWAY2.PVM,tokei3,
SATranslation/system/OBJ_HIGHWAY2.PVM,poster3,
SATranslation/system/OBJ_HIGHWAY2.PVM,ref_red,
SATranslation/system/OBJ_HIGHWAY2.PVM,tokei3,
SATranslation/system/OBJ_HIGHWAY2.PVM,poster4,
SATranslation/system/OBJ_HIGHWAY2.PVM,ref_red,
SATranslation/system/OBJ_HIGHWAY2.PVM,tokei3,
SATranslation/system/OBJ_ICECAP.PVM,alphakori,
SATranslation/system/OBJ_ICECAP.PVM,alpha2kori,
SATranslation/system/OBJ_ICECAP.PVM,ice04,
SATranslation/system/OBJ_ICECAP.PVM,mizukori,
SATranslation/system/OBJ_ICECAP.PVM,cpiwa02,
SATranslation/system/OBJ_ICECAP.PVM,cpiwa_a,
SATranslation/system/OBJ_ICECAP.PVM,cp01,
SATranslation/system/OBJ_ICECAP.PVM,cpiwa07,
SATranslation/system/OBJ_ICECAP.PVM,cpiwa08,
SATranslation/system/OBJ_ICECAP.PVM,cpk_tunagi,
SATranslation/system/OBJ_ICECAP.PVM,map_iwagake2,
SATranslation/system/OBJ_ICECAP.PVM,map_iwagake3,
SATranslation/system/OBJ_ICECAP.PVM,balloon,
SATranslation/system/OBJ_ICECAP.PVM,ball_kago,
SATranslation/system/OBJ_ICECAP.PVM,balloon05,
SATranslation/system/OBJ_ICECAP.PVM,doa,
SATranslation/system/OBJ_ICECAP.PVM,ken32_jt03a,
SATranslation/system/OBJ_ICECAP.PVM,ken16_jt02a,
SATranslation/system/OBJ_ICECAP.PVM,ken08_jt01a,
SATranslation/system/OBJ_ICECAP.PVM,ken32_jt04a,
SATranslation/system/OBJ_ICECAP.PVM,ken32_jt05a,
SATranslation/system/OBJ_ICECAP.PVM,ken64_jt06a,
SATranslation/system/OBJ_ICECAP.PVM,ken64_jt07a,
SATranslation/system/OBJ_ICECAP.PVM,ken64_jt08a,
SATranslation/system/OBJ_ICECAP.PVM,ken64_jt09a,
SATranslation/system/OBJ_ICECAP.PVM,ken64_jt10a,
SATranslation/system/OBJ_ICECAP.PVM,ken64_jt11a,
SATranslation/system/OBJ_ICECAP.PVM,s_kanban,
SATranslation/system/OBJ_ICECAP.PVM,s_ita,
SATranslation/system/OBJ_ICECAP.PVM,ken32_bm01a,
SATranslation/system/OBJ_ICECAP.PVM,ken64_bm02a,
SATranslation/system/OBJ_ICECAP.PVM,snb05_ken128,
SATranslation/system/OBJ_ICECAP.PVM,snb14_ken128,
SATranslation/system/OBJ_ICECAP.PVM,kusari01,
SATranslation/system/OBJ_ICECAP.PVM,kusari02,
SATranslation/system/OBJ_ICECAP.PVM,bic_iwa2,
SATranslation/system/OBJ_ICECAP.PVM,bic_iwa,
SATranslation/system/OBJ_ICECAP.PVM,obj_turara,
SATranslation/system/OBJ_ICECAP.PVM,cpk01,
SATranslation/system/OBJ_ICECAP.PVM,house_03,
SATranslation/system/OBJ_ICECAP.PVM,house_01,
SATranslation/system/OBJ_ICECAP.PVM,house_04,
SATranslation/system/OBJ_ICECAP.PVM,sn_snow01,
SATranslation/system/OBJ_ICECAP.PVM,snowbox,
SATranslation/system/OBJ_ICECAP.PVM,hasi_sita,
SATranslation/system/OBJ_ICECAP.PVM,hasi_ue,
SATranslation/system/OBJ_ICECAP.PVM,alpha_turara,
SATranslation/system/OBJ_ICECAP.PVM,hasira,
SATranslation/system/OBJ_ICECAP.PVM,atama_a,
SATranslation/system/OBJ_ICECAP.PVM,house_01a,
SATranslation/system/OBJ_ICECAP.PVM,house_02,
SATranslation/system/OBJ_ICECAP.PVM,house_06,
SATranslation/system/OBJ_ICECAP.PVM,house_06a,
SATranslation/system/OBJ_ICECAP.PVM,house_07,
SATranslation/system/OBJ_ICECAP.PVM,house_08,
SATranslation/system/OBJ_ICECAP.PVM,house_08a,
SATranslation/system/OBJ_ICECAP.PVM,house_05,
SATranslation/system/OBJ_ICECAP.PVM,house_05a,
SATranslation/system/OBJ_ICECAP.PVM,sb_suis_yuki,
SATranslation/system/OBJ_ICECAP.PVM,cp_brake_ice,
SATranslation/system/OBJ_ICECAP.PVM,ice03,
SATranslation/system/OBJ_ICECAP.PVM,ken64_saku01,
SATranslation/system/OBJ_ICECAP.PVM,ken64_jpdi02,
SATranslation/system/OBJ_ICECAP.PVM,ken64_jpdi01,
SATranslation/system/OBJ_ICECAP.PVM,ken64_jpdi03,
SATranslation/system/OBJ_ICECAP.PVM,ken64_jpdi04,
SATranslation/system/OBJ_ICECAP.PVM,ken128_tree02,
SATranslation/system/OBJ_ICECAP.PVM,ken128_tree01,
SATranslation/system/OBJ_ICECAP.PVM,map_gake2,
SATranslation/system/OBJ_ICECAP.PVM,map_gake,
SATranslation/system/OBJ_ICECAP.PVM,map_gake3,
SATranslation/system/OBJ_ICECAP.PVM,sn_iwa2,
SATranslation/system/OBJ_ICECAP.PVM,sn_siwa01,
SATranslation/system/OBJ_ICECAP.PVM,sn_siwa02,
SATranslation/system/OBJ_ICECAP.PVM,sn_snow64,
SATranslation/system/OBJ_ICECAP.PVM,snb06_ken128,
SATranslation/system/OBJ_ICECAP.PVM,snb12_ken128,
SATranslation/system/OBJ_ICECAP.PVM,cp_kusa,
SATranslation/system/OBJ_ICECAP.PVM,cp_kusa02,
SATranslation/system/OBJ_ICECAP.PVM,ken64_mta03,
SATranslation/system/OBJ_ICECAP.PVM,ken64_mta02,
SATranslation/system/OBJ_ICECAP.PVM,ken64_mta01,
SATranslation/system/OBJ_ICECAP.PVM,ken64_mta04,
SATranslation/system/OBJ_ICECAP.PVM,mizukori2,
SATranslation/system/OBJ_ICECAP.PVM,cpwf,
SATranslation/system/OBJ_ICECAP.PVM,cpwk04,
SATranslation/system/OBJ_ICECAP.PVM,nada04,
SATranslation/system/OBJ_ICECAP.PVM,sb_suis_b,
SATranslation/system/OBJ_ICECAP.PVM,suisu_ji,
SATranslation/system/OBJ_ICECAP.PVM,cp_suisyou01,
SATranslation/system/OBJ_ICECAP.PVM,sb_suis_yuki2,
SATranslation/system/OBJ_ICECAP.PVM,map_turo3,
SATranslation/system/OBJ_ICECAP.PVM,map_turo1,
SATranslation/system/OBJ_ICECAP.PVM,ken128_tree04,
SATranslation/system/OBJ_ICECAP.PVM,ken64_gate12,
SATranslation/system/OBJ_ICECAP.PVM,ken64_gate08,
SATranslation/system/OBJ_ICECAP.PVM,snow_sprite,
SATranslation/system/OBJ_ICECAP.PVM,kira_b,
SATranslation/system/OBJ_ICECAP.PVM,kira_a,
SATranslation/system/OBJ_ICECAP.PVM,yuki_moto,
SATranslation/system/OBJ_ICECAP.PVM,cpiwa05,
SATranslation/system/OBJ_ICECAP.PVM,iwa_alpha,
SATranslation/system/OBJ_ICECAP.PVM,cpyk03,
SATranslation/system/OBJ_ICECAP2.PVM,pom01,
SATranslation/system/OBJ_ICECAP2.PVM,pom02,
SATranslation/system/OBJ_ICECAP2.PVM,pom03,
SATranslation/system/OBJ_ICECAP2.PVM,pom04,
SATranslation/system/OBJ_ICECAP2.PVM,pom05,
SATranslation/system/OBJ_ICECAP2.PVM,pom06,
SATranslation/system/OBJ_ICECAP2.PVM,pom07,
SATranslation/system/OBJ_ICECAP2.PVM,pom08,
SATranslation/system/OBJ_ICECAP2.PVM,alpha_water01,
SATranslation/system/OBJ_ICECAP2.PVM,alpha_water02,
SATranslation/system/OBJ_ICECAP2.PVM,alpha_water03,
SATranslation/system/OBJ_ICECAP2.PVM,alpha_water04,
SATranslation/system/OBJ_ICECAP2.PVM,alpha_water05,
SATranslation/system/OBJ_ICECAP2.PVM,alpha_water06,
SATranslation/system/OBJ_ICECAP2.PVM,alpha_water07,
SATranslation/system/OBJ_ICECAP2.PVM,alpha_water08,
SATranslation/system/OBJ_ICECAP2.PVM,snb01,
SATranslation/system/OBJ_ICECAP2.PVM,snb02,
SATranslation/system/OBJ_ICECAP2.PVM,snb03,
SATranslation/system/OBJ_ICECAP2.PVM,snb04,
SATranslation/system/OBJ_ICECAP2.PVM,snb05,
SATranslation/system/OBJ_ICECAP2.PVM,snb06,
SATranslation/system/OBJ_ICECAP2.PVM,snb07,
SATranslation/system/OBJ_ICECAP2.PVM,snb08,
SATranslation/system/OBJ_ICECAP2.PVM,h_nadd001,
SATranslation/system/OBJ_ICECAP2.PVM,h_nadd002,
SATranslation/system/OBJ_ICECAP2.PVM,h_nadd003,
SATranslation/system/OBJ_ICECAP2.PVM,h_nadd004,
SATranslation/system/OBJ_ICECAP2.PVM,h_nadd005,
SATranslation/system/OBJ_ICECAP2.PVM,h_nadd006,
SATranslation/system/OBJ_ICECAP2.PVM,h_nadd007,
SATranslation/system/OBJ_ICECAP2.PVM,h_nadd008,
SATranslation/system/OBJ_ICECAP2.PVM,hasi_sita,
SATranslation/system/OBJ_ICECAP2.PVM,hasi_ue,
SATranslation/system/OBJ_ICECAP2.PVM,hasi_ue,
SATranslation/system/OBJ_ICECAP2.PVM,hikari02,
SATranslation/system/OBJ_ICECAP2.PVM,hikari03,
SATranslation/system/OBJ_ICECAP2.PVM,hikari04,
SATranslation/system/OBJ_ICECAP2.PVM,hikari05,
SATranslation/system/OBJ_ICECAP2.PVM,hikari06,
SATranslation/system/OBJ_ICECAP2.PVM,hikari07,
SATranslation/system/OBJ_ICECAP2.PVM,hikari08,
SATranslation/system/OBJ_ICECAP2.PVM,jet_smk01p,
SATranslation/system/OBJ_ICECAP2.PVM,jet_smk02p,
SATranslation/system/OBJ_ICECAP2.PVM,jet_smk03p,
SATranslation/system/OBJ_ICECAP2.PVM,jet_smk04p,
SATranslation/system/OBJ_ICECAP2.PVM,jet_smk05p,
SATranslation/system/OBJ_ICECAP2.PVM,jet_smk06p,
SATranslation/system/OBJ_ICECAP2.PVM,jet_smk07p,
SATranslation/system/OBJ_ICECAP2.PVM,jet_smk08p,
SATranslation/system/OBJ_ICECAP2.PVM,yukibaku01,
SATranslation/system/OBJ_ICECAP2.PVM,yukibaku02,
SATranslation/system/OBJ_ICECAP2.PVM,yukibaku03,
SATranslation/system/OBJ_ICECAP2.PVM,yukibaku04,
SATranslation/system/OBJ_ICECAP2.PVM,yukibaku05,
SATranslation/system/OBJ_ICECAP2.PVM,yukibaku06,
SATranslation/system/OBJ_ICECAP2.PVM,yukibaku07,
SATranslation/system/OBJ_ICECAP2.PVM,yukibaku08,
SATranslation/system/OBJ_ICECAP2.PVM,yukibaku09,
SATranslation/system/OBJ_ICECAP2.PVM,yukibaku10,
SATranslation/system/OBJ_MINI_CART.PVM,tp1_24,
SATranslation/system/OBJ_MINI_CART.PVM,min_lamp2,
SATranslation/system/OBJ_MINI_CART.PVM,min_lamp3,
SATranslation/system/OBJ_MINI_CART.PVM,min_lampk,
SATranslation/system/OBJ_MINI_CART.PVM,min1,
SATranslation/system/OBJ_MINI_CART.PVM,min2,
SATranslation/system/OBJ_MINI_CART.PVM,min3,
SATranslation/system/OBJ_MINI_CART.PVM,min4,
SATranslation/system/OBJ_MINI_CART.PVM,min5,
SATranslation/system/OBJ_MINI_CART.PVM,min6,
SATranslation/system/OBJ_MINI_CART.PVM,min7,
SATranslation/system/OBJ_MINI_CART.PVM,min8,
SATranslation/system/OBJ_MINI_CART.PVM,tp1_14,
SATranslation/system/OBJ_MINI_CART.PVM,min_lamp,
SATranslation/system/OBJ_MINI_CART.PVM,robome4,
SATranslation/system/OBJ_MINI_CART.PVM,am_tp038_32,
SATranslation/system/OBJ_MINI_CART.PVM,am_tp051_16,
SATranslation/system/OBJ_MINI_CART.PVM,courseter04,
SATranslation/system/OBJ_MINI_CART.PVM,min_kan12,
SATranslation/system/OBJ_MINI_CART.PVM,min_kan6,
SATranslation/system/OBJ_MINI_CART.PVM,min_kan8,
SATranslation/system/OBJ_MINI_CART.PVM,min_kan7,
SATranslation/system/OBJ_MINI_CART.PVM,plate5,
SATranslation/system/OBJ_MINI_CART.PVM,ref_crome,
SATranslation/system/OBJ_MINI_CART.PVM,am_tp032_32,
SATranslation/system/OBJ_MINI_CART.PVM,rock_hane,
SATranslation/system/OBJ_MINI_CART.PVM,min_bodymae10,
SATranslation/system/OBJ_MINI_CART.PVM,min_bodymae11,
SATranslation/system/OBJ_MINI_CART.PVM,min_bodyyoko8,
SATranslation/system/OBJ_MINI_CART.PVM,min_eye,
SATranslation/system/OBJ_MINI_CART.PVM,min_hata5,
SATranslation/system/OBJ_MINI_CART.PVM,min_hata6,
SATranslation/system/OBJ_MINI_CART.PVM,min_hata7,
SATranslation/system/OBJ_MINI_CART.PVM,min_hata8,
SATranslation/system/OBJ_MINI_CART.PVM,min_mimi5,
SATranslation/system/OBJ_MINI_CART.PVM,min_hatawaku2,
SATranslation/system/OBJ_MINI_CART.PVM,min_hatawaku5,
SATranslation/system/OBJ_MINI_CART.PVM,mini_kan11,
SATranslation/system/OBJ_MINI_CART.PVM,cart_lap0,
SATranslation/system/OBJ_MINI_CART.PVM,cart_lap1,
SATranslation/system/OBJ_MINI_CART.PVM,cart_lap2,
SATranslation/system/OBJ_MINI_CART.PVM,cart_lap3,
SATranslation/system/OBJ_MINI_CART.PVM,timetuika,
SATranslation/system/OBJ_MINI_CART.PVM,hyoji_head_cart,
SATranslation/system/OBJ_MINI_CART.PVM,hyoji_lap1,
SATranslation/system/OBJ_MINI_CART.PVM,hyoji_lap2,
SATranslation/system/OBJ_MINI_CART.PVM,hyoji_lap3,
SATranslation/system/OBJ_MINI_CART.PVM,hyoji_lap4,
SATranslation/system/OBJ_MOUNTAIN.PVM,q64wall,
SATranslation/system/OBJ_MOUNTAIN.PVM,ai16_fuku1a,
SATranslation/system/OBJ_MOUNTAIN.PVM,ai16_fuku2a,
SATranslation/system/OBJ_MOUNTAIN.PVM,ai16_omori1a,
SATranslation/system/OBJ_MOUNTAIN.PVM,ai16_ude1a,
SATranslation/system/OBJ_MOUNTAIN.PVM,ai16_ude2a,
SATranslation/system/OBJ_MOUNTAIN.PVM,ai256_iwa31,
SATranslation/system/OBJ_MOUNTAIN.PVM,ai256_iwa34,
SATranslation/system/OBJ_MOUNTAIN.PVM,ai32_ha1,
SATranslation/system/OBJ_MOUNTAIN.PVM,ai32_omori1a,
SATranslation/system/OBJ_MOUNTAIN.PVM,ai64_kanban1,
SATranslation/system/OBJ_MOUNTAIN.PVM,ai8_eye1a,
SATranslation/system/OBJ_MOUNTAIN.PVM,d128dside3a,
SATranslation/system/OBJ_MOUNTAIN.PVM,d128dtunagi2a,
SATranslation/system/OBJ_MOUNTAIN.PVM,d128dtunagi5a,
SATranslation/system/OBJ_MOUNTAIN.PVM,d128dtunagi6a,
SATranslation/system/OBJ_MOUNTAIN.PVM,d128due3a,
SATranslation/system/OBJ_MOUNTAIN.PVM,d128due4a,
SATranslation/system/OBJ_MOUNTAIN.PVM,d128kumonosu,
SATranslation/system/OBJ_MOUNTAIN.PVM,d128side8a,
SATranslation/system/OBJ_MOUNTAIN.PVM,d128side9a,
SATranslation/system/OBJ_MOUNTAIN.PVM,d128tunagi3a,
SATranslation/system/OBJ_MOUNTAIN.PVM,d128tunagi5a,
SATranslation/system/OBJ_MOUNTAIN.PVM,d128wood2a,
SATranslation/system/OBJ_MOUNTAIN.PVM,d16rousoku1a,
SATranslation/system/OBJ_MOUNTAIN.PVM,d16tuna1a,
SATranslation/system/OBJ_MOUNTAIN.PVM,d256dside7b,
SATranslation/system/OBJ_MOUNTAIN.PVM,d256due6b,
SATranslation/system/OBJ_MOUNTAIN.PVM,d256unkai2alpha,
SATranslation/system/OBJ_MOUNTAIN.PVM,d32pole3a,
SATranslation/system/OBJ_MOUNTAIN.PVM,d32tyuu1a,
SATranslation/system/OBJ_MOUNTAIN.PVM,d64gaikotu2a,
SATranslation/system/OBJ_MOUNTAIN.PVM,d64haka1a,
SATranslation/system/OBJ_MOUNTAIN.PVM,d64haka2a,
SATranslation/system/OBJ_MOUNTAIN.PVM,d64isu1a,
SATranslation/system/OBJ_MOUNTAIN.PVM,d64metal3a,
SATranslation/system/OBJ_MOUNTAIN.PVM,d64metal4a,
SATranslation/system/OBJ_MOUNTAIN.PVM,d64metal6a,
SATranslation/system/OBJ_MOUNTAIN.PVM,d64nend1a,
SATranslation/system/OBJ_MOUNTAIN.PVM,d64wood3a,
SATranslation/system/OBJ_MOUNTAIN.PVM,d64wood3b,
SATranslation/system/OBJ_MOUNTAIN.PVM,d64wood3c,
SATranslation/system/OBJ_MOUNTAIN.PVM,d8black_m,
SATranslation/system/OBJ_MOUNTAIN.PVM,d8wire1a,
SATranslation/system/OBJ_MOUNTAIN.PVM,doa,
SATranslation/system/OBJ_MOUNTAIN.PVM,gq64stel045,
SATranslation/system/OBJ_MOUNTAIN.PVM,kusari01,
SATranslation/system/OBJ_MOUNTAIN.PVM,kusari02,
SATranslation/system/OBJ_MOUNTAIN.PVM,lave_02aniy,
SATranslation/system/OBJ_MOUNTAIN.PVM,metal01,
SATranslation/system/OBJ_MOUNTAIN.PVM,nuno_cha2,
SATranslation/system/OBJ_MOUNTAIN.PVM,q32chain01,
SATranslation/system/OBJ_MOUNTAIN.PVM,q32geras035,
SATranslation/system/OBJ_MOUNTAIN.PVM,q32metal015,
SATranslation/system/OBJ_MOUNTAIN.PVM,q32sabi01,
SATranslation/system/OBJ_MOUNTAIN.PVM,q32sabihone,
SATranslation/system/OBJ_MOUNTAIN.PVM,q63kankyo2,
SATranslation/system/OBJ_MOUNTAIN.PVM,q64_sg_027,
SATranslation/system/OBJ_MOUNTAIN.PVM,q64dukt3,
SATranslation/system/OBJ_MOUNTAIN.PVM,q64fence,
SATranslation/system/OBJ_MOUNTAIN.PVM,q64keyana02,
SATranslation/system/OBJ_MOUNTAIN.PVM,q64metal37,
SATranslation/system/OBJ_MOUNTAIN.PVM,q64mtlwall01,
SATranslation/system/OBJ_MOUNTAIN.PVM,q64mtlwall02,
SATranslation/system/OBJ_MOUNTAIN.PVM,q64pipeg11,
SATranslation/system/OBJ_MOUNTAIN.PVM,q64pipeg12,
SATranslation/system/OBJ_MOUNTAIN.PVM,q64rlight,
SATranslation/system/OBJ_MOUNTAIN.PVM,q64sabi03,
SATranslation/system/OBJ_MOUNTAIN.PVM,q64sabi04,
SATranslation/system/OBJ_MOUNTAIN.PVM,q64sabi05,
SATranslation/system/OBJ_MOUNTAIN.PVM,q64sabigear,
SATranslation/system/OBJ_MOUNTAIN.PVM,q64stile,
SATranslation/system/OBJ_MOUNTAIN.PVM,q64tanky,
SATranslation/system/OBJ_MOUNTAIN.PVM,q64tankyb,
SATranslation/system/OBJ_MOUNTAIN.PVM,q64wall02,
SATranslation/system/OBJ_MOUNTAIN.PVM,q64wdbox02,
SATranslation/system/OBJ_MOUNTAIN.PVM,q64wored,
SATranslation/system/OBJ_MOUNTAIN.PVM,q64ylight,
SATranslation/system/OBJ_MOUNTAIN.PVM,d64kankyosairen,
SATranslation/system/OBJ_MOUNTAIN.PVM,q64wdbox01,
SATranslation/system/OBJ_MOUNTAIN.PVM,d8blown_m,
SATranslation/system/OBJ_MOUNTAIN.PVM,d8blue_m,
SATranslation/system/OBJ_MOUNTAIN.PVM,d8boldow_m,
SATranslation/system/OBJ_MOUNTAIN.PVM,d8kinaka_m,
SATranslation/system/OBJ_MOUNTAIN.PVM,d8yellow_m,
SATranslation/system/OBJ_MOUNTAIN.PVM,d8kurozora1a,
SATranslation/system/OBJ_MOUNTAIN.PVM,d8aozora1a,
SATranslation/system/OBJ_MOUNTAIN.PVM,d64aozora1b,
SATranslation/system/OBJ_MOUNTAIN.PVM,d256sora3a,
SATranslation/system/OBJ_MOUNTAIN.PVM,d128kumo1alpha,
SATranslation/system/OBJ_PAST.PVM,m128_sea001,
SATranslation/system/OBJ_PAST.PVM,mr_032k_huti,
SATranslation/system/OBJ_PAST.PVM,mr_032k_pkage,
SATranslation/system/OBJ_PAST.PVM,mr_032k_pkaidanue2,
SATranslation/system/OBJ_PAST.PVM,mr_032k_pnikaid01,
SATranslation/system/OBJ_PAST.PVM,mr_064k__loweda,
SATranslation/system/OBJ_PAST.PVM,mr_064k_akaren,
SATranslation/system/OBJ_PAST.PVM,mr_064k_chyashikasan,
SATranslation/system/OBJ_PAST.PVM,mr_064k_chyashikoke,
SATranslation/system/OBJ_PAST.PVM,mr_064k_chyashikuki,
SATranslation/system/OBJ_PAST.PVM,mr_064k_chyashiue,
SATranslation/system/OBJ_PAST.PVM,mr_064k_chyaykikuki,
SATranslation/system/OBJ_PAST.PVM,mr_064k_chyaykkoke,
SATranslation/system/OBJ_PAST.PVM,mr_064k_chyaykue,
SATranslation/system/OBJ_PAST.PVM,mr_064k_kawa,
SATranslation/system/OBJ_PAST.PVM,mr_064k_knhashi,
SATranslation/system/OBJ_PAST.PVM,mr_064k_knkabem,
SATranslation/system/OBJ_PAST.PVM,mr_064k_knmizo,
SATranslation/system/OBJ_PAST.PVM,mr_064k_pcueye,
SATranslation/system/OBJ_PAST.PVM,mr_064k_ptuti,
SATranslation/system/OBJ_PAST.PVM,mr_064n_har,
SATranslation/system/OBJ_PAST.PVM,mr_064n_hau,
SATranslation/system/OBJ_PAST.PVM,mr_064n_mikih,
SATranslation/system/OBJ_PAST.PVM,mr_064n_sidaa,
SATranslation/system/OBJ_PAST.PVM,mr_064n_sidab,
SATranslation/system/OBJ_PAST.PVM,mr_064n_sidag,
SATranslation/system/OBJ_PAST.PVM,mr_064n_sidah,
SATranslation/system/OBJ_PAST.PVM,mr_064n_sidak,
SATranslation/system/OBJ_PAST.PVM,mr_064o_maki01,
SATranslation/system/OBJ_PAST.PVM,mr_128f_hekid,
SATranslation/system/OBJ_PAST.PVM,mr_128k_eda,
SATranslation/system/OBJ_PAST.PVM,mr_128k_knpknu,
SATranslation/system/OBJ_PAST.PVM,mr_128k_knpyuka,
SATranslation/system/OBJ_PAST.PVM,mr_128k_mrpkabe,
SATranslation/system/OBJ_PAST.PVM,mr_128k_nikabe01,
SATranslation/system/OBJ_PAST.PVM,mr_128k_phebi,
SATranslation/system/OBJ_PAST.PVM,mr_128n_eda,
SATranslation/system/OBJ_PAST.PVM,mr_128o_itaita,
SATranslation/system/OBJ_PAST.PVM,mr_64s_kawa,
SATranslation/system/OBJ_PAST.PVM,mr_016k_marukage,
SATranslation/system/OBJ_PAST.PVM,mr_016k_sikakukage,
SATranslation/system/OBJ_PAST.PVM,mr_064s_emered,
SATranslation/system/OBJ_PAST.PVM,mr_064s_emegren,
SATranslation/system/OBJ_PAST.PVM,mr_064s_emegrenb,
SATranslation/system/OBJ_PAST.PVM,mr_064s_emepupl,
SATranslation/system/OBJ_PAST.PVM,mr_064s_emebl,
SATranslation/system/OBJ_PAST.PVM,mr_064s_emesky,
SATranslation/system/OBJ_PAST.PVM,mr_064s_emewhit,
SATranslation/system/OBJ_PAST.PVM,mr_064s_emeyelw,
SATranslation/system/OBJ_PAST.PVM,mk_016k_emebmust,
SATranslation/system/OBJ_REGULAR.PVM,1upknuck,
SATranslation/system/OBJ_REGULAR.PVM,1upamy,
SATranslation/system/OBJ_REGULAR.PVM,1upbig,
SATranslation/system/OBJ_REGULAR.PVM,1up102,
SATranslation/system/OBJ_REGULAR.PVM,1uptails,
SATranslation/system/OBJ_REGULAR.PVM,bamper,
SATranslation/system/OBJ_REGULAR.PVM,bane_a,
SATranslation/system/OBJ_REGULAR.PVM,banebtm,
SATranslation/system/OBJ_REGULAR.PVM,banehead,
SATranslation/system/OBJ_REGULAR.PVM,baneside,
SATranslation/system/OBJ_REGULAR.PVM,banetop,
SATranslation/system/OBJ_REGULAR.PVM,black,
SATranslation/system/OBJ_REGULAR.PVM,board_ura,
SATranslation/system/OBJ_REGULAR.PVM,boardside,
SATranslation/system/OBJ_REGULAR.PVM,boxbtm1,
SATranslation/system/OBJ_REGULAR.PVM,boxfoot,
SATranslation/system/OBJ_REGULAR.PVM,boxside1,
SATranslation/system/OBJ_REGULAR.PVM,burn0,
SATranslation/system/OBJ_REGULAR.PVM,c_chg,
SATranslation/system/OBJ_REGULAR.PVM,dringside1,
SATranslation/system/OBJ_REGULAR.PVM,drum_ref,
SATranslation/system/OBJ_REGULAR.PVM,drum3,
SATranslation/system/OBJ_REGULAR.PVM,drumfuta1,
SATranslation/system/OBJ_REGULAR.PVM,drumfuta2,
SATranslation/system/OBJ_REGULAR.PVM,drumtop,
SATranslation/system/OBJ_REGULAR.PVM,fine_sky_ref,
SATranslation/system/OBJ_REGULAR.PVM,fusen,
SATranslation/system/OBJ_REGULAR.PVM,fusen2,
SATranslation/system/OBJ_REGULAR.PVM,hintgamen0,
SATranslation/system/OBJ_REGULAR.PVM,hyo_futi,
SATranslation/system/OBJ_REGULAR.PVM,hyo_ita,
SATranslation/system/OBJ_REGULAR.PVM,item_1up,
SATranslation/system/OBJ_REGULAR.PVM,item_ring10,
SATranslation/system/OBJ_REGULAR.PVM,item_ring5,
SATranslation/system/OBJ_REGULAR.PVM,item_ringq,
SATranslation/system/OBJ_REGULAR.PVM,item_speed,
SATranslation/system/OBJ_REGULAR.PVM,joint,
SATranslation/system/OBJ_REGULAR.PVM,jointside,
SATranslation/system/OBJ_REGULAR.PVM,kabe0,
SATranslation/system/OBJ_REGULAR.PVM,kabe1,
SATranslation/system/OBJ_REGULAR.PVM,kabe2,
SATranslation/system/OBJ_REGULAR.PVM,kabe3,
SATranslation/system/OBJ_REGULAR.PVM,kabe4,
SATranslation/system/OBJ_REGULAR.PVM,kaiho_asi,
SATranslation/system/OBJ_REGULAR.PVM,kaiho_gray,
SATranslation/system/OBJ_REGULAR.PVM,patbamp,
SATranslation/system/OBJ_REGULAR.PVM,ref_chrome_bk,
SATranslation/system/OBJ_REGULAR.PVM,ref_crome,
SATranslation/system/OBJ_REGULAR.PVM,ref_eme,
SATranslation/system/OBJ_REGULAR.PVM,ref_orange,
SATranslation/system/OBJ_REGULAR.PVM,ring_ref_a,
SATranslation/system/OBJ_REGULAR.PVM,ringside,
SATranslation/system/OBJ_REGULAR.PVM,rock_burn,
SATranslation/system/OBJ_REGULAR.PVM,rock_hane,
SATranslation/system/OBJ_REGULAR.PVM,rock_panel2,
SATranslation/system/OBJ_REGULAR.PVM,rock_panel3,
SATranslation/system/OBJ_REGULAR.PVM,rock_panel4,
SATranslation/system/OBJ_REGULAR.PVM,rock_panel5,
SATranslation/system/OBJ_REGULAR.PVM,shadow,
SATranslation/system/OBJ_REGULAR.PVM,sp_blue,SP
SATranslation/system/OBJ_REGULAR.PVM,sp_yellow,SP
SATranslation/system/OBJ_REGULAR.PVM,spring,
SATranslation/system/OBJ_REGULAR.PVM,toge_ring,
SATranslation/system/OBJ_REGULAR.PVM,togeana,
SATranslation/system/OBJ_REGULAR.PVM,togeside,
SATranslation/system/OBJ_REGULAR.PVM,w_kusa1,
SATranslation/system/OBJ_REGULAR.PVM,wlight,
SATranslation/system/OBJ_REGULAR.PVM,ya,
SATranslation/system/OBJ_REGULAR.PVM,yellow,
SATranslation/system/OBJ_REGULAR.PVM,yuka,
SATranslation/system/OBJ_REGULAR.PVM,item_tbarria,
SATranslation/system/OBJ_REGULAR.PVM,item_nbarria,
SATranslation/system/OBJ_REGULAR.PVM,item_muteki,
SATranslation/system/OBJ_REGULAR.PVM,item_explosion,
SATranslation/system/OBJ_REGULAR.PVM,item_tstop,
SATranslation/system/OBJ_REGULAR.PVM,jyotyuplant_b,
SATranslation/system/OBJ_REGULAR.PVM,rock_cover0,
SATranslation/system/OBJ_REGULAR.PVM,ripple,
SATranslation/system/OBJ_REGULAR.PVM,luitem01,
SATranslation/system/OBJ_REGULAR.PVM,luitem02,
SATranslation/system/OBJ_REGULAR.PVM,luitem03,
SATranslation/system/OBJ_REGULAR.PVM,luitem04,
SATranslation/system/OBJ_REGULAR.PVM,luitem05,
SATranslation/system/OBJ_REGULAR.PVM,luitem06,
SATranslation/system/OBJ_REGULAR.PVM,luitem07,
SATranslation/system/OBJ_REGULAR.PVM,luitem08,
SATranslation/system/OBJ_REGULAR.PVM,luitemyuka,
SATranslation/system/OBJ_REGULAR.PVM,nijiune01,
SATranslation/system/OBJ_REGULAR.PVM,nijiune02,
SATranslation/system/OBJ_REGULAR.PVM,nijiune04,
SATranslation/system/OBJ_REGULAR.PVM,nijiune03,
SATranslation/system/OBJ_REGULAR.PVM,aoune01,
SATranslation/system/OBJ_REGULAR.PVM,aoune02,
SATranslation/system/OBJ_REGULAR.PVM,aoune03,
SATranslation/system/OBJ_REGULAR.PVM,aoune04,
SATranslation/system/OBJ_REGULAR.PVM,item_ringnum,
SATranslation/system/OBJ_REGULAR.PVM,ind_2d,
SATranslation/system/OBJ_REGULAR.PVM,ind_3d,
SATranslation/system/OBJ_REGULAR.PVM,1upmetal,
SATranslation/system/OBJ_RUIN.PVM,ama_lw076,
SATranslation/system/OBJ_RUIN.PVM,ama_h03,
SATranslation/system/OBJ_RUIN.PVM,ama_lw001,
SATranslation/system/OBJ_RUIN.PVM,ama_lw002,
SATranslation/system/OBJ_RUIN.PVM,ama_lw003,
SATranslation/system/OBJ_RUIN.PVM,ama_lw004,
SATranslation/system/OBJ_RUIN.PVM,ama_lw005,
SATranslation/system/OBJ_RUIN.PVM,ama_lw006,
SATranslation/system/OBJ_RUIN.PVM,ama_lw007,
SATranslation/system/OBJ_RUIN.PVM,ama_lw008,
SATranslation/system/OBJ_RUIN.PVM,ama_lw009,
SATranslation/system/OBJ_RUIN.PVM,ama_lw010,
SATranslation/system/OBJ_RUIN.PVM,ama_lw011,
SATranslation/system/OBJ_RUIN.PVM,ama_lw012,
SATranslation/system/OBJ_RUIN.PVM,ama_lw013,
SATranslation/system/OBJ_RUIN.PVM,ama_lw015,
SATranslation/system/OBJ_RUIN.PVM,ama_lw016,
SATranslation/system/OBJ_RUIN.PVM,ama_lw017,
SATranslation/system/OBJ_RUIN.PVM,ama_lw018,
SATranslation/system/OBJ_RUIN.PVM,ama_lw019,
SATranslation/system/OBJ_RUIN.PVM,ama_lw020,
SATranslation/system/OBJ_RUIN.PVM,ama_lw021,
SATranslation/system/OBJ_RUIN.PVM,ama_lw022,
SATranslation/system/OBJ_RUIN.PVM,ama_lw023,
SATranslation/system/OBJ_RUIN.PVM,ama_lw024,
SATranslation/system/OBJ_RUIN.PVM,ama_lw025,
SATranslation/system/OBJ_RUIN.PVM,ama_lw026,
SATranslation/system/OBJ_RUIN.PVM,ama_lw027,
SATranslation/system/OBJ_RUIN.PVM,ama_lw028,
SATranslation/system/OBJ_RUIN.PVM,ama_lw029,
SATranslation/system/OBJ_RUIN.PVM,ama_lw030,
SATranslation/system/OBJ_RUIN.PVM,ama_lw031,
SATranslation/system/OBJ_RUIN.PVM,ama_lw032,
SATranslation/system/OBJ_RUIN.PVM,ama_lw033,
SATranslation/system/OBJ_RUIN.PVM,ama_lw034,
SATranslation/system/OBJ_RUIN.PVM,ama_lw035,
SATranslation/system/OBJ_RUIN.PVM,ama_lw036,
SATranslation/system/OBJ_RUIN.PVM,ama_lw037,
SATranslation/system/OBJ_RUIN.PVM,ama_lw038,
SATranslation/system/OBJ_RUIN.PVM,ama_lw039,
SATranslation/system/OBJ_RUIN.PVM,ama_lw040,
SATranslation/system/OBJ_RUIN.PVM,ama_lw041,
SATranslation/system/OBJ_RUIN.PVM,ama_lw042,
SATranslation/system/OBJ_RUIN.PVM,ama_lw044,
SATranslation/system/OBJ_RUIN.PVM,ama_lw045,
SATranslation/system/OBJ_RUIN.PVM,ama_lw047,
SATranslation/system/OBJ_RUIN.PVM,ama_lw048,
SATranslation/system/OBJ_RUIN.PVM,ama_lw049,
SATranslation/system/OBJ_RUIN.PVM,ama_lw050,
SATranslation/system/OBJ_RUIN.PVM,ama_lw051,
SATranslation/system/OBJ_RUIN.PVM,ama_lw052,
SATranslation/system/OBJ_RUIN.PVM,ama_lw054,
SATranslation/system/OBJ_RUIN.PVM,ama_lw055,
SATranslation/system/OBJ_RUIN.PVM,ama_lw056,
SATranslation/system/OBJ_RUIN.PVM,ama_lw057,
SATranslation/system/OBJ_RUIN.PVM,ama_lw059,
SATranslation/system/OBJ_RUIN.PVM,ama_lw062,
SATranslation/system/OBJ_RUIN.PVM,ama_lw063,
SATranslation/system/OBJ_RUIN.PVM,ama_lw064,
SATranslation/system/OBJ_RUIN.PVM,ama_h01,
SATranslation/system/OBJ_RUIN.PVM,honda_toge2,
SATranslation/system/OBJ_RUIN.PVM,honda_turn,
SATranslation/system/OBJ_RUIN.PVM,lost2_21,
SATranslation/system/OBJ_RUIN.PVM,lost1_17,
SATranslation/system/OBJ_RUIN.PVM,lost1_19,
SATranslation/system/OBJ_RUIN.PVM,lost1_24,
SATranslation/system/OBJ_RUIN.PVM,lost1_26,
SATranslation/system/OBJ_RUIN.PVM,lost1_27,
SATranslation/system/OBJ_RUIN.PVM,lost1_29,
SATranslation/system/OBJ_RUIN.PVM,lost1_30,
SATranslation/system/OBJ_RUIN.PVM,lost1_31,
SATranslation/system/OBJ_RUIN.PVM,lost1_33,
SATranslation/system/OBJ_RUIN.PVM,lost1_36,
SATranslation/system/OBJ_RUIN.PVM,lost1_38,
SATranslation/system/OBJ_RUIN.PVM,lost1_41,
SATranslation/system/OBJ_RUIN.PVM,lost1_44,
SATranslation/system/OBJ_RUIN.PVM,lost1_7,
SATranslation/system/OBJ_RUIN.PVM,lost2_16,
SATranslation/system/OBJ_RUIN.PVM,lost1_12,
SATranslation/system/OBJ_RUIN.PVM,lost2_7,
SATranslation/system/OBJ_RUIN.PVM,m64_los036,
SATranslation/system/OBJ_RUIN.PVM,m128_los003,
SATranslation/system/OBJ_RUIN.PVM,m128_los004,
SATranslation/system/OBJ_RUIN.PVM,m128_los010,
SATranslation/system/OBJ_RUIN.PVM,m128_los015,
SATranslation/system/OBJ_RUIN.PVM,m128_los036,
SATranslation/system/OBJ_RUIN.PVM,m128_los037,
SATranslation/system/OBJ_RUIN.PVM,m128_los038,
SATranslation/system/OBJ_RUIN.PVM,m128_los040,
SATranslation/system/OBJ_RUIN.PVM,m128_los042,
SATranslation/system/OBJ_RUIN.PVM,m128_los044,
SATranslation/system/OBJ_RUIN.PVM,m32_los010,
SATranslation/system/OBJ_RUIN.PVM,m32_los011,
SATranslation/system/OBJ_RUIN.PVM,m32_los012,
SATranslation/system/OBJ_RUIN.PVM,m32_los016,
SATranslation/system/OBJ_RUIN.PVM,m64_fall1,
SATranslation/system/OBJ_RUIN.PVM,m64_fall2,
SATranslation/system/OBJ_RUIN.PVM,m64_los001,
SATranslation/system/OBJ_RUIN.PVM,m64_los005,
SATranslation/system/OBJ_RUIN.PVM,m64_los009,
SATranslation/system/OBJ_RUIN.PVM,m64_los013,
SATranslation/system/OBJ_RUIN.PVM,m64_los014,
SATranslation/system/OBJ_RUIN.PVM,m64_los015,
SATranslation/system/OBJ_RUIN.PVM,m64_los017,
SATranslation/system/OBJ_RUIN.PVM,m64_los018,
SATranslation/system/OBJ_RUIN.PVM,m64_los021,
SATranslation/system/OBJ_RUIN.PVM,m64_los022,
SATranslation/system/OBJ_RUIN.PVM,m64_los024,
SATranslation/system/OBJ_RUIN.PVM,m64_los031,
SATranslation/system/OBJ_RUIN.PVM,m64_los033,
SATranslation/system/OBJ_RUIN.PVM,m64_los034,
SATranslation/system/OBJ_RUIN.PVM,m64_los035,
SATranslation/system/OBJ_RUIN.PVM,m128_los001,
SATranslation/system/OBJ_RUIN.PVM,mizu1,
SATranslation/system/OBJ_RUIN.PVM,vqm128_los019,
SATranslation/system/OBJ_RUIN.PVM,vqlost1_11,
SATranslation/system/OBJ_RUIN.PVM,vqlost1_14,
SATranslation/system/OBJ_RUIN.PVM,vqlost1_22,
SATranslation/system/OBJ_RUIN.PVM,vqlost1_37,
SATranslation/system/OBJ_RUIN.PVM,vqlost1_39,
SATranslation/system/OBJ_RUIN.PVM,vqlost1_43,
SATranslation/system/OBJ_RUIN.PVM,vqm128_los018,
SATranslation/system/OBJ_RUIN.PVM,vq32_los010,
SATranslation/system/OBJ_RUIN.PVM,vq128_los042,
SATranslation/system/OBJ_RUIN.PVM,vq64_los005,
SATranslation/system/OBJ_RUIN.PVM,vq64_los013,
SATranslation/system/OBJ_RUIN.PVM,vq64_los014,
SATranslation/system/OBJ_RUIN.PVM,ama_lw065,
SATranslation/system/OBJ_RUIN.PVM,ama_lw065a,
SATranslation/system/OBJ_RUIN.PVM,ama_lw066,
SATranslation/system/OBJ_RUIN.PVM,ama_lw066a,
SATranslation/system/OBJ_RUIN.PVM,ama_lw067,
SATranslation/system/OBJ_RUIN.PVM,ama_lw067a,
SATranslation/system/OBJ_RUIN.PVM,ama_lw068,
SATranslation/system/OBJ_RUIN.PVM,ama_lw068a,
SATranslation/system/OBJ_RUIN.PVM,ama_lw069,
SATranslation/system/OBJ_RUIN.PVM,ama_lw069a,
SATranslation/system/OBJ_RUIN.PVM,ama_lw070,
SATranslation/system/OBJ_RUIN.PVM,ama_lw070a,
SATranslation/system/OBJ_RUIN.PVM,lost1_mini01,
SATranslation/system/OBJ_RUIN.PVM,m64_los031_b,
SATranslation/system/OBJ_RUIN2.PVM,m128_los001,
SATranslation/system/OBJ_RUIN2.PVM,ama_lw068a,
SATranslation/system/OBJ_RUIN2.PVM,ama_lw070a,
SATranslation/system/OBJ_RUIN2.PVM,ama_lw066a,
SATranslation/system/OBJ_RUIN2.PVM,ama_lw065a,
SATranslation/system/OBJ_RUIN2.PVM,ama_lw069a,
SATranslation/system/OBJ_RUIN2.PVM,ama_lw067a,
SATranslation/system/OBJ_RUIN2.PVM,ama_lw050,
SATranslation/system/OBJ_RUIN2.PVM,ama_lw048,
SATranslation/system/OBJ_RUIN2.PVM,ama_lw065,
SATranslation/system/OBJ_RUIN2.PVM,ama_lw066,
SATranslation/system/OBJ_RUIN2.PVM,ama_lw069,
SATranslation/system/OBJ_RUIN2.PVM,ama_lw070,
SATranslation/system/OBJ_RUIN2.PVM,ama_lw067,
SATranslation/system/OBJ_RUIN2.PVM,ama_lw068,
SATranslation/system/OBJ_RUIN2.PVM,ama_lw075,
SATranslation/system/OBJ_RUIN2.PVM,_ama_lw062,
SATranslation/system/OBJ_RUIN2.PVM,m64_los012,
SATranslation/system/OBJ_RUIN2.PVM,lost1_12,
SATranslation/system/OBJ_RUIN2.PVM,lost1_17,
SATranslation/system/OBJ_RUIN2.PVM,lost1_27,
SATranslation/system/OBJ_RUIN2.PVM,los_wt00,
SATranslation/system/OBJ_RUIN2.PVM,los_wt01,
SATranslation/system/OBJ_RUIN2.PVM,los_wt02,
SATranslation/system/OBJ_RUIN2.PVM,los_wt03,
SATranslation/system/OBJ_RUIN2.PVM,los_wt04,
SATranslation/system/OBJ_RUIN2.PVM,los_wt05,
SATranslation/system/OBJ_RUIN2.PVM,los_wt06,
SATranslation/system/OBJ_RUIN2.PVM,los_wt07,
SATranslation/system/OBJ_RUIN2.PVM,los_wt08,
SATranslation/system/OBJ_RUIN2.PVM,los_wt09,
SATranslation/system/OBJ_RUIN2.PVM,los_wt10,
SATranslation/system/OBJ_RUIN2.PVM,los_wt11,
SATranslation/system/OBJ_RUIN2.PVM,los_wt12,
SATranslation/system/OBJ_RUIN2.PVM,los_wt13,
SATranslation/system/OBJ_RUIN2.PVM,ama_lw059,
SATranslation/system/OBJ_RUIN2.PVM,ama_lw059a,
SATranslation/system/OBJ_RUIN2.PVM,ama_lw062,
SATranslation/system/OBJ_RUIN2.PVM,ama_lw063,
SATranslation/system/OBJ_RUIN2.PVM,ama_lw064,
SATranslation/system/OBJ_RUIN2.PVM,lost2_16,
SATranslation/system/OBJ_SANDBOARD.PVM,ken64_gate12,
SATranslation/system/OBJ_SANDBOARD.PVM,ken64_gate08,
SATranslation/system/OBJ_SANDBOARD.PVM,iwab,
SATranslation/system/OBJ_SANDBOARD.PVM,iwasoko,
SATranslation/system/OBJ_SANDBOARD.PVM,iwasokob,
SATranslation/system/OBJ_SANDBOARD.PVM,iwasokoc,
SATranslation/system/OBJ_SANDBOARD.PVM,iwasokod,
SATranslation/system/OBJ_SANDBOARD.PVM,iwayokoa,
SATranslation/system/OBJ_SANDBOARD.PVM,iwayokob,
SATranslation/system/OBJ_SANDBOARD.PVM,iwayokoc,
SATranslation/system/OBJ_SANDBOARD.PVM,saboa,
SATranslation/system/OBJ_SANDBOARD.PVM,sabob,
SATranslation/system/OBJ_SANDBOARD.PVM,saboc,
SATranslation/system/OBJ_SANDBOARD.PVM,saboha,
SATranslation/system/OBJ_SANDBOARD.PVM,owa,
SATranslation/system/OBJ_SANDBOARD.PVM,owc,
SATranslation/system/OBJ_SANDBOARD.PVM,owd,
SATranslation/system/OBJ_SANDBOARD.PVM,owe,
SATranslation/system/OBJ_SANDBOARD.PVM,owf,
SATranslation/system/OBJ_SANDBOARD.PVM,owk,
SATranslation/system/OBJ_SANDBOARD.PVM,sbrock,
SATranslation/system/OBJ_SANDBOARD.PVM,sbrockb,
SATranslation/system/OBJ_SANDBOARD.PVM,owg,
SATranslation/system/OBJ_SANDBOARD.PVM,owh,
SATranslation/system/OBJ_SANDBOARD.PVM,owi,
SATranslation/system/OBJ_SANDBOARD.PVM,owj,
SATranslation/system/OBJ_SANDBOARD.PVM,owl,
SATranslation/system/OBJ_SANDBOARD.PVM,owm,
SATranslation/system/OBJ_SANDBOARD.PVM,wamdou,
SATranslation/system/OBJ_SANDBOARD.PVM,wamo,
SATranslation/system/OBJ_SANDBOARD.PVM,WAM_L,
SATranslation/system/OBJ_SANDBOARD.PVM,WAM_Ua,
SATranslation/system/OBJ_SANDBOARD.PVM,iwayoko2,
SATranslation/system/OBJ_SANDBOARD.PVM,wam_h,
SATranslation/system/OBJ_SANDBOARD.PVM,wamago,
SATranslation/system/OBJ_SANDBOARD.PVM,wamagoc,
SATranslation/system/OBJ_SANDBOARD.PVM,wamkuti,
SATranslation/system/OBJ_SANDBOARD.PVM,sb_jump04,
SATranslation/system/OBJ_SANDBOARD.PVM,sb_jump01,
SATranslation/system/OBJ_SANDBOARD.PVM,sb_jump02,
SATranslation/system/OBJ_SANDBOARD.PVM,sb_jump03,
SATranslation/system/OBJ_SANDBOARD.PVM,sdzoe,
SATranslation/system/OBJ_SANDBOARD.PVM,sdzoa,
SATranslation/system/OBJ_SANDBOARD.PVM,sdzob,
SATranslation/system/OBJ_SANDBOARD.PVM,sdzod,
SATranslation/system/OBJ_SANDBOARD.PVM,sdzoc,
SATranslation/system/OBJ_SANDBOARD.PVM,sdzof,
SATranslation/system/OBJ_SHAREOBJ.PVM,eisei01,
SATranslation/system/OBJ_SHAREOBJ.PVM,ref_red01,
SATranslation/system/OBJ_SHAREOBJ.PVM,ref_crome,
SATranslation/system/OBJ_SHAREOBJ.PVM,rocket01,
SATranslation/system/OBJ_SHAREOBJ.PVM,rocket12,
SATranslation/system/OBJ_SHAREOBJ.PVM,courseter03,
SATranslation/system/OBJ_SHAREOBJ.PVM,courseter02,
SATranslation/system/OBJ_SHAREOBJ.PVM,courseter08,
SATranslation/system/OBJ_SHAREOBJ.PVM,rocket08,
SATranslation/system/OBJ_SHAREOBJ.PVM,rocket11,
SATranslation/system/OBJ_SHAREOBJ.PVM,saku01,
SATranslation/system/OBJ_SHAREOBJ.PVM,st_slight01,
SATranslation/system/OBJ_SHAREOBJ.PVM,hg01,
SATranslation/system/OBJ_SHAREOBJ.PVM,am_tp058_64,
SATranslation/system/OBJ_SHAREOBJ.PVM,am_tp061_64,
SATranslation/system/OBJ_SHAREOBJ.PVM,am_tp060_64,
SATranslation/system/OBJ_SHAREOBJ.PVM,am_tp055_64,
SATranslation/system/OBJ_SHAREOBJ.PVM,am_tp056_64,
SATranslation/system/OBJ_SHAREOBJ.PVM,am_tp047_64b,
SATranslation/system/OBJ_SHAREOBJ.PVM,am_tp035_16,
SATranslation/system/OBJ_SHAREOBJ.PVM,am_tp051_16,
SATranslation/system/OBJ_SHAREOBJ.PVM,am_tp063_32,
SATranslation/system/OBJ_SHAREOBJ.PVM,am_tp053_64,
SATranslation/system/OBJ_SHAREOBJ.PVM,am_tp041_32,
SATranslation/system/OBJ_SHAREOBJ.PVM,courseter15,
SATranslation/system/OBJ_SHAREOBJ.PVM,am_tp032_32,
SATranslation/system/OBJ_SHAREOBJ.PVM,am_tp048_32,
SATranslation/system/OBJ_SHAREOBJ.PVM,am_tp037_32c,
SATranslation/system/OBJ_SHAREOBJ.PVM,am_tp064_32,
SATranslation/system/OBJ_SHAREOBJ.PVM,am_tp031_32,
SATranslation/system/OBJ_SHAREOBJ.PVM,am_tp030_64,
SATranslation/system/OBJ_SHAREOBJ.PVM,am_tp028_16,
SATranslation/system/OBJ_SHAREOBJ.PVM,am_tp040_8,
SATranslation/system/OBJ_SHAREOBJ.PVM,am_tp043_64,
SATranslation/system/OBJ_SHAREOBJ.PVM,am_tp034_32,
SATranslation/system/OBJ_SHAREOBJ.PVM,am_tp033_32,
SATranslation/system/OBJ_SHAREOBJ.PVM,am_tp036_16,
SATranslation/system/OBJ_SHAREOBJ.PVM,am_tp054_32,
SATranslation/system/OBJ_SHAREOBJ.PVM,am_tp046_8,
SATranslation/system/OBJ_SHAREOBJ.PVM,am_tp038_32,
SATranslation/system/OBJ_SHAREOBJ.PVM,am_tp062_16,
SATranslation/system/OBJ_SHAREOBJ.PVM,am_tp042_32,
SATranslation/system/OBJ_SHAREOBJ.PVM,m16_tp1_001,
SATranslation/system/OBJ_SHAREOBJ.PVM,m32_tp1_004,
SATranslation/system/OBJ_SHAREOBJ.PVM,m32_tp1_003,
SATranslation/system/OBJ_SHAREOBJ.PVM,m32_tp1_002,
SATranslation/system/OBJ_SHAREOBJ.PVM,m32_tp1_007,
SATranslation/system/OBJ_SHAREOBJ.PVM,m32_tp1_006,
SATranslation/system/OBJ_SHAREOBJ.PVM,m32_tp1_005,
SATranslation/system/OBJ_SHAREOBJ.PVM,m32_tp2_009,
SATranslation/system/OBJ_SHAREOBJ.PVM,m32_tp2_004,
SATranslation/system/OBJ_SHAREOBJ.PVM,courseter04,
SATranslation/system/OBJ_SHAREOBJ.PVM,courseter06,
SATranslation/system/OBJ_SHAREOBJ.PVM,am_tp044_16b,
SATranslation/system/OBJ_SHAREOBJ.PVM,yubi,
SATranslation/system/OBJ_SHAREOBJ.PVM,1,
SATranslation/system/OBJ_SHAREOBJ.PVM,2,
SATranslation/system/OBJ_SHAREOBJ.PVM,3,
SATranslation/system/OBJ_SHAREOBJ.PVM,4,
SATranslation/system/OBJ_SHAREOBJ.PVM,5,
SATranslation/system/OBJ_SHAREOBJ.PVM,6,
SATranslation/system/OBJ_SHAREOBJ.PVM,7,
SATranslation/system/OBJ_SHAREOBJ.PVM,8,
SATranslation/system/OBJ_SHAREOBJ.PVM,9,
SATranslation/system/OBJ_SHAREOBJ.PVM,arm,
SATranslation/system/OBJ_SHAREOBJ.PVM,arm0,
SATranslation/system/OBJ_SHAREOBJ.PVM,arm1,
SATranslation/system/OBJ_SHAREOBJ.PVM,bamp_l,
SATranslation/system/OBJ_SHAREOBJ.PVM,black,
SATranslation/system/OBJ_SHAREOBJ.PVM,black0,
SATranslation/system/OBJ_SHAREOBJ.PVM,blue,
SATranslation/system/OBJ_SHAREOBJ.PVM,board0,
SATranslation/system/OBJ_SHAREOBJ.PVM,body1,
SATranslation/system/OBJ_SHAREOBJ.PVM,buttom,
SATranslation/system/OBJ_SHAREOBJ.PVM,console,
SATranslation/system/OBJ_SHAREOBJ.PVM,cover,
SATranslation/system/OBJ_SHAREOBJ.PVM,enjinecov,
SATranslation/system/OBJ_SHAREOBJ.PVM,fan,
SATranslation/system/OBJ_SHAREOBJ.PVM,grass,
SATranslation/system/OBJ_SHAREOBJ.PVM,gray,
SATranslation/system/OBJ_SHAREOBJ.PVM,green,
SATranslation/system/OBJ_SHAREOBJ.PVM,hand0,
SATranslation/system/OBJ_SHAREOBJ.PVM,hoho,
SATranslation/system/OBJ_SHAREOBJ.PVM,kuti,
SATranslation/system/OBJ_SHAREOBJ.PVM,kuti0,
SATranslation/system/OBJ_SHAREOBJ.PVM,lblue,
SATranslation/system/OBJ_SHAREOBJ.PVM,met,
SATranslation/system/OBJ_SHAREOBJ.PVM,mimi,
SATranslation/system/OBJ_SHAREOBJ.PVM,mimi0,
SATranslation/system/OBJ_SHAREOBJ.PVM,mugen,
SATranslation/system/OBJ_SHAREOBJ.PVM,orange,
SATranslation/system/OBJ_SHAREOBJ.PVM,panel,
SATranslation/system/OBJ_SHAREOBJ.PVM,pink,
SATranslation/system/OBJ_SHAREOBJ.PVM,red,
SATranslation/system/OBJ_SHAREOBJ.PVM,seat0,
SATranslation/system/OBJ_SHAREOBJ.PVM,0,
SATranslation/system/OBJ_SKYDECK.PVM,sky_t_tanku,
SATranslation/system/OBJ_SKYDECK.PVM,b_hook_b,
SATranslation/system/OBJ_SKYDECK.PVM,b_liftsita,
SATranslation/system/OBJ_SKYDECK.PVM,b_liftue,
SATranslation/system/OBJ_SKYDECK.PVM,b_liftyoko,
SATranslation/system/OBJ_SKYDECK.PVM,b_tk_b,
SATranslation/system/OBJ_SKYDECK.PVM,black,
SATranslation/system/OBJ_SKYDECK.PVM,canopy_rep,
SATranslation/system/OBJ_SKYDECK.PVM,cloud02,
SATranslation/system/OBJ_SKYDECK.PVM,danhuti,
SATranslation/system/OBJ_SKYDECK.PVM,eca_s_banal,
SATranslation/system/OBJ_SKYDECK.PVM,eca_s_banb,
SATranslation/system/OBJ_SKYDECK.PVM,eca_s_bwa,
SATranslation/system/OBJ_SKYDECK.PVM,eca_s_bwb,
SATranslation/system/OBJ_SKYDECK.PVM,eca_s_cona,
SATranslation/system/OBJ_SKYDECK.PVM,eca_s_drill,
SATranslation/system/OBJ_SKYDECK.PVM,eca_s_gra,
SATranslation/system/OBJ_SKYDECK.PVM,eca_s_grb,
SATranslation/system/OBJ_SKYDECK.PVM,eca_s_grd,
SATranslation/system/OBJ_SKYDECK.PVM,eca_s_gre,
SATranslation/system/OBJ_SKYDECK.PVM,eca_s_gry,
SATranslation/system/OBJ_SKYDECK.PVM,eca_s_gya,
SATranslation/system/OBJ_SKYDECK.PVM,eca_s_kikb,
SATranslation/system/OBJ_SKYDECK.PVM,eca_s_whi,
SATranslation/system/OBJ_SKYDECK.PVM,eca_s_whib,
SATranslation/system/OBJ_SKYDECK.PVM,eca_s_whta,
SATranslation/system/OBJ_SKYDECK.PVM,ecf_funa,
SATranslation/system/OBJ_SKYDECK.PVM,ecf_s_aka,
SATranslation/system/OBJ_SKYDECK.PVM,ecf_s_egga,
SATranslation/system/OBJ_SKYDECK.PVM,ecf_s_eggb,
SATranslation/system/OBJ_SKYDECK.PVM,ecf_s_gla,
SATranslation/system/OBJ_SKYDECK.PVM,ecf_s_glb,
SATranslation/system/OBJ_SKYDECK.PVM,ecf_s_glc,
SATranslation/system/OBJ_SKYDECK.PVM,ecf_s_gld,
SATranslation/system/OBJ_SKYDECK.PVM,ecf_s_gle,
SATranslation/system/OBJ_SKYDECK.PVM,ecf_s_glf,
SATranslation/system/OBJ_SKYDECK.PVM,ecf_s_glg,
SATranslation/system/OBJ_SKYDECK.PVM,ecf_s_glh,
SATranslation/system/OBJ_SKYDECK.PVM,ecf_s_gra,
SATranslation/system/OBJ_SKYDECK.PVM,ecf_s_gya,
SATranslation/system/OBJ_SKYDECK.PVM,ecf_s_inta,
SATranslation/system/OBJ_SKYDECK.PVM,ecf_s_kia,
SATranslation/system/OBJ_SKYDECK.PVM,ecf_s_kib,
SATranslation/system/OBJ_SKYDECK.PVM,ecf_s_kic,
SATranslation/system/OBJ_SKYDECK.PVM,ecsc_s_bkca,
SATranslation/system/OBJ_SKYDECK.PVM,ecsc_s_bkcb,
SATranslation/system/OBJ_SKYDECK.PVM,ecsc_s_bkcc,
SATranslation/system/OBJ_SKYDECK.PVM,ecsc_s_bkcd,
SATranslation/system/OBJ_SKYDECK.PVM,edb_tokei01,
SATranslation/system/OBJ_SKYDECK.PVM,edc_f_wakib,
SATranslation/system/OBJ_SKYDECK.PVM,edc_k_jrokalight,
SATranslation/system/OBJ_SKYDECK.PVM,edc_k_kabe8,
SATranslation/system/OBJ_SKYDECK.PVM,edc_n_hasi,
SATranslation/system/OBJ_SKYDECK.PVM,edc_n_kabe12,
SATranslation/system/OBJ_SKYDECK.PVM,edc_n_kabe15,
SATranslation/system/OBJ_SKYDECK.PVM,edc_n_kabe4,
SATranslation/system/OBJ_SKYDECK.PVM,edc_n_kabe6,
SATranslation/system/OBJ_SKYDECK.PVM,edc_n_osoujia,
SATranslation/system/OBJ_SKYDECK.PVM,edc_n_osoujib,
SATranslation/system/OBJ_SKYDECK.PVM,edc_n_osoujic,
SATranslation/system/OBJ_SKYDECK.PVM,edc_n_osoujid,
SATranslation/system/OBJ_SKYDECK.PVM,edc_n_osoujie,
SATranslation/system/OBJ_SKYDECK.PVM,edc_n_osoujif,
SATranslation/system/OBJ_SKYDECK.PVM,edc_n_osoujij,
SATranslation/system/OBJ_SKYDECK.PVM,edc_n_osoujik,
SATranslation/system/OBJ_SKYDECK.PVM,edc_n_osoujil,
SATranslation/system/OBJ_SKYDECK.PVM,edc_n_osoujim,
SATranslation/system/OBJ_SKYDECK.PVM,edc_n_tank10,
SATranslation/system/OBJ_SKYDECK.PVM,edc_n_tank2,
SATranslation/system/OBJ_SKYDECK.PVM,edc_n_tank3,
SATranslation/system/OBJ_SKYDECK.PVM,edc_n_tank6,
SATranslation/system/OBJ_SKYDECK.PVM,edc_n_tank9,
SATranslation/system/OBJ_SKYDECK.PVM,edc_n_tobiraa,
SATranslation/system/OBJ_SKYDECK.PVM,edc_n_tobiraf,
SATranslation/system/OBJ_SKYDECK.PVM,edc_n_uturi,
SATranslation/system/OBJ_SKYDECK.PVM,edc_n_yuka1,
SATranslation/system/OBJ_SKYDECK.PVM,edv_n_kabe06,
SATranslation/system/OBJ_SKYDECK.PVM,era_s_a,
SATranslation/system/OBJ_SKYDECK.PVM,era_s_covd,
SATranslation/system/OBJ_SKYDECK.PVM,era_s_covh,
SATranslation/system/OBJ_SKYDECK.PVM,era_s_enmd,
SATranslation/system/OBJ_SKYDECK.PVM,era_s_guna,
SATranslation/system/OBJ_SKYDECK.PVM,era_s_inta,
SATranslation/system/OBJ_SKYDECK.PVM,era_s_intc,
SATranslation/system/OBJ_SKYDECK.PVM,era_s_knpb,
SATranslation/system/OBJ_SKYDECK.PVM,era_s_okb,
SATranslation/system/OBJ_SKYDECK.PVM,era_s_oke,
SATranslation/system/OBJ_SKYDECK.PVM,era_s_okg,
SATranslation/system/OBJ_SKYDECK.PVM,h_64wa02,
SATranslation/system/OBJ_SKYDECK.PVM,k_hkabe002,
SATranslation/system/OBJ_SKYDECK.PVM,k_hkabe003,
SATranslation/system/OBJ_SKYDECK.PVM,k_hkabe004,
SATranslation/system/OBJ_SKYDECK.PVM,k_hkabe006,
SATranslation/system/OBJ_SKYDECK.PVM,ken08_hd09,
SATranslation/system/OBJ_SKYDECK.PVM,ken08_hd27,
SATranslation/system/OBJ_SKYDECK.PVM,ken08_kk01,
SATranslation/system/OBJ_SKYDECK.PVM,ken08_sg07,
SATranslation/system/OBJ_SKYDECK.PVM,ken128_bk02,
SATranslation/system/OBJ_SKYDECK.PVM,ken128_bk03,
SATranslation/system/OBJ_SKYDECK.PVM,ken128_hd14,
SATranslation/system/OBJ_SKYDECK.PVM,ken128_hd15,
SATranslation/system/OBJ_SKYDECK.PVM,ken128_hd16,
SATranslation/system/OBJ_SKYDECK.PVM,ken128_hd17,
SATranslation/system/OBJ_SKYDECK.PVM,ken128_hd23,
SATranslation/system/OBJ_SKYDECK.PVM,ken128_n_lv07,
SATranslation/system/OBJ_SKYDECK.PVM,ken32_bk04,
SATranslation/system/OBJ_SKYDECK.PVM,ken32_bk05,
SATranslation/system/OBJ_SKYDECK.PVM,ken32_bk06,
SATranslation/system/OBJ_SKYDECK.PVM,ken32_hd30,
SATranslation/system/OBJ_SKYDECK.PVM,ken32_hd32,
SATranslation/system/OBJ_SKYDECK.PVM,ken32_lv04,
SATranslation/system/OBJ_SKYDECK.PVM,ken32_lv05,
SATranslation/system/OBJ_SKYDECK.PVM,ken32_lv06,
SATranslation/system/OBJ_SKYDECK.PVM,ken32_n_lv05,
SATranslation/system/OBJ_SKYDECK.PVM,ken32_ob01,
SATranslation/system/OBJ_SKYDECK.PVM,ken32_ob03,
SATranslation/system/OBJ_SKYDECK.PVM,ken32_ob04,
SATranslation/system/OBJ_SKYDECK.PVM,ken32_ob05,
SATranslation/system/OBJ_SKYDECK.PVM,ken32_ob06,
SATranslation/system/OBJ_SKYDECK.PVM,ken32_sg02,
SATranslation/system/OBJ_SKYDECK.PVM,ken32_sg05,
SATranslation/system/OBJ_SKYDECK.PVM,ken32_sg06,
SATranslation/system/OBJ_SKYDECK.PVM,ken32_tm02,
SATranslation/system/OBJ_SKYDECK.PVM,ken32_tm03,
SATranslation/system/OBJ_SKYDECK.PVM,ken64_bk01,
SATranslation/system/OBJ_SKYDECK.PVM,ken64_bk04,
SATranslation/system/OBJ_SKYDECK.PVM,ken64_hd01,
SATranslation/system/OBJ_SKYDECK.PVM,ken64_hd02,
SATranslation/system/OBJ_SKYDECK.PVM,ken64_hd03,
SATranslation/system/OBJ_SKYDECK.PVM,ken64_hd04,
SATranslation/system/OBJ_SKYDECK.PVM,ken64_hd05,
SATranslation/system/OBJ_SKYDECK.PVM,ken64_hd06,
SATranslation/system/OBJ_SKYDECK.PVM,ken64_hd07,
SATranslation/system/OBJ_SKYDECK.PVM,ken64_hd08,
SATranslation/system/OBJ_SKYDECK.PVM,ken64_hd18,
SATranslation/system/OBJ_SKYDECK.PVM,ken64_hd19,
SATranslation/system/OBJ_SKYDECK.PVM,ken64_hd20,
SATranslation/system/OBJ_SKYDECK.PVM,ken64_hd21,
SATranslation/system/OBJ_SKYDECK.PVM,ken64_hd22,
SATranslation/system/OBJ_SKYDECK.PVM,ken64_hd24,
SATranslation/system/OBJ_SKYDECK.PVM,ken64_hd25,
SATranslation/system/OBJ_SKYDECK.PVM,ken64_hd26,
SATranslation/system/OBJ_SKYDECK.PVM,ken64_hd28,
SATranslation/system/OBJ_SKYDECK.PVM,ken64_hd31,
SATranslation/system/OBJ_SKYDECK.PVM,ken64_kk02,
SATranslation/system/OBJ_SKYDECK.PVM,ken64_lv01,
SATranslation/system/OBJ_SKYDECK.PVM,ken64_n_lv01,
SATranslation/system/OBJ_SKYDECK.PVM,ken64_n_lv02,
SATranslation/system/OBJ_SKYDECK.PVM,ken64_n_lv03,
SATranslation/system/OBJ_SKYDECK.PVM,ken64_ob02,
SATranslation/system/OBJ_SKYDECK.PVM,ken64_sg01,
SATranslation/system/OBJ_SKYDECK.PVM,ken64_sg04,
SATranslation/system/OBJ_SKYDECK.PVM,ken64_sg08,
SATranslation/system/OBJ_SKYDECK.PVM,ken64_sp01,
SATranslation/system/OBJ_SKYDECK.PVM,ken64_tm01,
SATranslation/system/OBJ_SKYDECK.PVM,sky_b_yuka,
SATranslation/system/OBJ_SKYDECK.PVM,sky_bg01,
SATranslation/system/OBJ_SKYDECK.PVM,sky_bg02,
SATranslation/system/OBJ_SKYDECK.PVM,sky_bg03,
SATranslation/system/OBJ_SKYDECK.PVM,sky_bg04,
SATranslation/system/OBJ_SKYDECK.PVM,sky_esk,
SATranslation/system/OBJ_SKYDECK.PVM,sky_h_tama04,
SATranslation/system/OBJ_SKYDECK.PVM,sky_h_tama11,
SATranslation/system/OBJ_SKYDECK.PVM,sky_h_tama12,
SATranslation/system/OBJ_SKYDECK.PVM,sky_h_tama13,
SATranslation/system/OBJ_SKYDECK.PVM,sky_h_tamao02,
SATranslation/system/OBJ_SKYDECK.PVM,sky_kiryuu,
SATranslation/system/OBJ_SKYDECK.PVM,sky_t_16_ki,
SATranslation/system/OBJ_SKYDECK.PVM,sky_t_16kk,
SATranslation/system/OBJ_SKYDECK.PVM,sky_t_32yajirusi,
SATranslation/system/OBJ_SKYDECK.PVM,sky_t_64ti,
SATranslation/system/OBJ_SKYDECK.PVM,sky_t_8mid,
SATranslation/system/OBJ_SKYDECK.PVM,sky_t_ami,
SATranslation/system/OBJ_SKYDECK.PVM,sky_t_dai,
SATranslation/system/OBJ_SKYDECK.PVM,sky_t_efuti,
SATranslation/system/OBJ_SKYDECK.PVM,sky_t_ere,
SATranslation/system/OBJ_SKYDECK.PVM,sky_t_fensu,
SATranslation/system/OBJ_SKYDECK.PVM,sky_t_futi,
SATranslation/system/OBJ_SKYDECK.PVM,sky_t_gki,
SATranslation/system/OBJ_SKYDECK.PVM,sky_t_green,
SATranslation/system/OBJ_SKYDECK.PVM,sky_t_kankyou,
SATranslation/system/OBJ_SKYDECK.PVM,sky_t_kk,
SATranslation/system/OBJ_SKYDECK.PVM,sky_t_knt,
SATranslation/system/OBJ_SKYDECK.PVM,sky_t_memori,
SATranslation/system/OBJ_SKYDECK.PVM,sky_t_mizu,
SATranslation/system/OBJ_SKYDECK.PVM,sky_t_no0,
SATranslation/system/OBJ_SKYDECK.PVM,sky_t_no1,
SATranslation/system/OBJ_SKYDECK.PVM,sky_t_no2,
SATranslation/system/OBJ_SKYDECK.PVM,sky_t_no3,
SATranslation/system/OBJ_SKYDECK.PVM,sky_t_no4,
SATranslation/system/OBJ_SKYDECK.PVM,sky_t_no5,
SATranslation/system/OBJ_SKYDECK.PVM,sky_t_no6,
SATranslation/system/OBJ_SKYDECK.PVM,sky_t_no7,
SATranslation/system/OBJ_SKYDECK.PVM,sky_t_no8,
SATranslation/system/OBJ_SKYDECK.PVM,sky_t_no9,
SATranslation/system/OBJ_SKYDECK.PVM,sky_t_rail,
SATranslation/system/OBJ_SKYDECK.PVM,sky_t_tai,
SATranslation/system/OBJ_SKYDECK.PVM,sky_t_taiyac,
SATranslation/system/OBJ_SKYDECK.PVM,sky_t_taiyae,
SATranslation/system/OBJ_SKYDECK.PVM,b_hook_a,
SATranslation/system/OBJ_SKYDECK.PVM,sky_t_tankua,
SATranslation/system/OBJ_SKYDECK.PVM,sky_t_zoukin,
SATranslation/system/OBJ_SKYDECK.PVM,sky_tetualpha,
SATranslation/system/OBJ_SKYDECK.PVM,sky_tlp,
SATranslation/system/OBJ_SKYDECK.PVM,tkroom_tile,
SATranslation/system/OBJ_SKYDECK.PVM,sky_t_danger,
SATranslation/system/OBJ_SKYDECK.PVM,sky_t_hg,
SATranslation/system/OBJ_SKYDECK.PVM,sky_t_mark,
SATranslation/system/OBJ_SKYDECK.PVM,sky_t_mark2,
SATranslation/system/OBJ_SKYDECK.PVM,sky_t_warning,
SATranslation/system/OBJ_SKYDECK.PVM,sky_t_yajir,
SATranslation/system/OBJ_SKYDECK.PVM,sky_t_yajiy,
SATranslation/system/OBJ_SKYDECK.PVM,sky_yajiw,
SATranslation/system/OBJ_SKYDECK.PVM,ken64_hd29,
SATranslation/system/OBJ_SS.PVM,ast_kabe52,
SATranslation/system/OBJ_SS.PVM,ast_kabe55,
SATranslation/system/OBJ_SS.PVM,bst_enta,
SATranslation/system/OBJ_SS.PVM,cst_kaidan07,
SATranslation/system/OBJ_SS.PVM,gele_dis,
SATranslation/system/OBJ_SS.PVM,gele_yuka0,
SATranslation/system/OBJ_SS.PVM,gele_yuka1,
SATranslation/system/OBJ_SS.PVM,hotelelemado,
SATranslation/system/OBJ_SS.PVM,tra_yane1,
SATranslation/system/OBJ_SS.PVM,moji12,
SATranslation/system/OBJ_SS.PVM,box12,
SATranslation/system/OBJ_SS.PVM,box11,
SATranslation/system/OBJ_SS.PVM,containerF19,
SATranslation/system/OBJ_SS.PVM,containerF18,
SATranslation/system/OBJ_SS.PVM,tra_mado2,
SATranslation/system/OBJ_SS.PVM,tra_yane3,
SATranslation/system/OBJ_SS.PVM,gele_yuka2,
SATranslation/system/OBJ_SS.PVM,gele_kabe0,
SATranslation/system/OBJ_SS.PVM,gele_tenjyo0,
SATranslation/system/OBJ_SS.PVM,jyabara,
SATranslation/system/OBJ_SS.PVM,mojiban,
SATranslation/system/OBJ_SS.PVM,tokeihari,
SATranslation/system/OBJ_SS.PVM,alumb_t,
SATranslation/system/OBJ_SS.PVM,uradoor2,
SATranslation/system/OBJ_SS.PVM,uradoornobu,
SATranslation/system/OBJ_SS.PVM,uradoorwaku,
SATranslation/system/OBJ_SS.PVM,s2dnobu1,
SATranslation/system/OBJ_SS.PVM,shop2door,
SATranslation/system/OBJ_SS.PVM,s2dwaku,
SATranslation/system/OBJ_SS.PVM,eledai01,
SATranslation/system/OBJ_SS.PVM,elehasirahaji02,
SATranslation/system/OBJ_SS.PVM,shop1door2,
SATranslation/system/OBJ_SS.PVM,shop1doorwaku,
SATranslation/system/OBJ_SS.PVM,shop1dr01,
SATranslation/system/OBJ_SS.PVM,shop1nobu,
SATranslation/system/OBJ_SS.PVM,sakutop,
SATranslation/system/OBJ_SS.PVM,sakuunder,
SATranslation/system/OBJ_SS.PVM,eggdai,
SATranslation/system/OBJ_SS.PVM,card02,
SATranslation/system/OBJ_SS.PVM,card_front,
SATranslation/system/OBJ_SS.PVM,card_back,
SATranslation/system/OBJ_SS.PVM,twindoor,
SATranslation/system/OBJ_SS.PVM,elehasirahaji03,
SATranslation/system/OBJ_SS.PVM,kartdoor002,
SATranslation/system/OBJ_SS.PVM,kartdoor003,
SATranslation/system/OBJ_SS.PVM,kartdoor004,
SATranslation/system/OBJ_SS.PVM,m32_tp15,
SATranslation/system/OBJ_SS.PVM,twkabe04,
SATranslation/system/OBJ_SS.PVM,twbdoor01,
SATranslation/system/OBJ_SS.PVM,twkabe03,
SATranslation/system/OBJ_SS.PVM,doorhaji001,
SATranslation/system/OBJ_SS.PVM,twbwaku,
SATranslation/system/OBJ_SS.PVM,twcwaku,
SATranslation/system/OBJ_SS.PVM,kaiganmato,
SATranslation/system/OBJ_SS.PVM,ss_ref_hotelsea,
SATranslation/system/OBJ_SS.PVM,off_saku,
SATranslation/system/OBJ_SS.PVM,hwbshutter_blkn,
SATranslation/system/OBJ_SS.PVM,m32_tp2_009,
SATranslation/system/OBJ_SS.PVM,ref_red01,
SATranslation/system/OBJ_SS.PVM,ref_star,
SATranslation/system/OBJ_SS.PVM,st_slight01,
SATranslation/system/OBJ_SS.PVM,bst_entg,
SATranslation/system/OBJ_SS.PVM,bst_yane,
SATranslation/system/OBJ_SS.PVM,duw40,
SATranslation/system/OBJ_SS.PVM,duw78,
SATranslation/system/OBJ_SS.PVM,duw81,
SATranslation/system/OBJ_SS.PVM,duw82,
SATranslation/system/OBJ_SS.PVM,wshadow,
SATranslation/system/OBJ_SS.PVM,bst_shsd,
SATranslation/system/OBJ_SS.PVM,bst_shsdc,
SATranslation/system/OBJ_SS.PVM,cst_hari02,
SATranslation/system/OBJ_SS.PVM,ssoffmadox,
SATranslation/system/OBJ_SS.PVM,ssoffmadox_d,
SATranslation/system/OBJ_SS.PVM,uradoor,
SATranslation/system/OBJ_SS.PVM,benchkage,
SATranslation/system/OBJ_SS.PVM,offbarri,
SATranslation/system/OBJ_SS.PVM,ref_crome,
SATranslation/system/OBJ_SS.PVM,hoteldoor_ref,
SATranslation/system/OBJ_SS.PVM,ss_hoteldoor,
SATranslation/system/OBJ_SS.PVM,sshotelpink0,
SATranslation/system/OBJ_SS.PVM,st3_100,
SATranslation/system/OBJ_SS.PVM,tokeiyoko,
SATranslation/system/OBJ_SS.PVM,chaopass,
SATranslation/system/OBJ_SS.PVM,exit6,
SATranslation/system/OBJ_SS.PVM,exitF,
SATranslation/system/OBJ_SS.PVM,ss_light1,
SATranslation/system/OBJ_SS.PVM,light1,
SATranslation/system/OBJ_SS.PVM,ss_light2,
SATranslation/system/OBJ_SS.PVM,ss_light3,
SATranslation/system/OBJ_SS.PVM,ss_light5,
SATranslation/system/OBJ_SS.PVM,bin3,
SATranslation/system/OBJ_SS.PVM,bin_huta,
SATranslation/system/OBJ_SS.PVM,isu6,
SATranslation/system/OBJ_SS.PVM,isu8,
SATranslation/system/OBJ_SS.PVM,isu3_5,
SATranslation/system/OBJ_SS.PVM,pool_chair2,
SATranslation/system/OBJ_SS.PVM,parasolT5,
SATranslation/system/OBJ_SS.PVM,parasolT6,
SATranslation/system/OBJ_SS.PVM,pool_glass,
SATranslation/system/OBJ_SS.PVM,pool_hana,
SATranslation/system/OBJ_SS.PVM,pool_isu5,
SATranslation/system/OBJ_SS.PVM,pool_isuF,
SATranslation/system/OBJ_SS.PVM,parasolF5,
SATranslation/system/OBJ_SS.PVM,pool_orange,
SATranslation/system/OBJ_SS.PVM,pool_parasol12,
SATranslation/system/OBJ_SS.PVM,chair2,
SATranslation/system/OBJ_SS.PVM,chairseet,
SATranslation/system/OBJ_SS.PVM,ss_sig03,
SATranslation/system/OBJ_SS.PVM,shop_radio11,
SATranslation/system/OBJ_SS.PVM,shop_radio12,
SATranslation/system/OBJ_SS.PVM,shop_radio7,
SATranslation/system/OBJ_SS.PVM,kaseki5,
SATranslation/system/OBJ_SS.PVM,kaseki_hako,
SATranslation/system/OBJ_SS.PVM,kaseki_hako2,
SATranslation/system/OBJ_SS.PVM,moji,
SATranslation/system/OBJ_SS.PVM,egg_isi,
SATranslation/system/OBJ_SS.PVM,m64_tp118,
SATranslation/system/OBJ_SS.PVM,tw_w01,TW
SATranslation/system/OBJ_SS.PVM,circuit02,
SATranslation/system/OBJ_SS.PVM,twskabe09,
SATranslation/system/OBJ_SS.PVM,twkanbanmoji04,
SATranslation/system/OBJ_SS.PVM,twkanbanmoji01,
SATranslation/system/OBJ_SS.PVM,twkanbanmoji03,
SATranslation/system/OBJ_SS.PVM,s2af,
SATranslation/system/OBJ_SS.PVM,s2bf,
SATranslation/system/OBJ_SS.PVM,s2fc,
SATranslation/system/OBJ_SS.PVM,s2roboab,
SATranslation/system/OBJ_SS.PVM,s2roboaf,
SATranslation/system/OBJ_SS.PVM,s2roboah,
SATranslation/system/OBJ_SS.PVM,s2roboal,
SATranslation/system/OBJ_SS.PVM,s2robobb,
SATranslation/system/OBJ_SS.PVM,s2robobf,
SATranslation/system/OBJ_SS.PVM,s2robobh,
SATranslation/system/OBJ_SS.PVM,s2robobl,
SATranslation/system/OBJ_SS.PVM,s1rtable_04,
SATranslation/system/OBJ_SS.PVM,syou3,
SATranslation/system/OBJ_SS.PVM,syou6,
SATranslation/system/OBJ_SS.PVM,paper,
SATranslation/system/OBJ_SS.PVM,s1rpos1,
SATranslation/system/OBJ_SS.PVM,s1rsolta,
SATranslation/system/OBJ_SS.PVM,steel32pla,
SATranslation/system/OBJ_SS.PVM,steel32pla2,
SATranslation/system/OBJ_SS.PVM,du32tw006,
SATranslation/system/OBJ_SS.PVM,kanbandaigreen,
SATranslation/system/OBJ_SS.PVM,tenjixyou,
SATranslation/system/OBJ_SS.PVM,tenjixyou02,
SATranslation/system/OBJ_SS.PVM,s2tboxfuta,
SATranslation/system/OBJ_SS.PVM,s2tboxmi,
SATranslation/system/OBJ_SS.PVM,ast_hasi30,
SATranslation/system/OBJ_SS.PVM,ss_light18,
SATranslation/system/OBJ_SS.PVM,ast_hasi31,
SATranslation/system/OBJ_SS.PVM,ss_lightG4,
SATranslation/system/OBJ_SS.PVM,bst_shg,
SATranslation/system/OBJ_SS.PVM,keyblockhead,
SATranslation/system/OBJ_SS.PVM,bst_shgc,
SATranslation/system/OBJ_SS.PVM,ss_hotel_loads,
SATranslation/system/OBJ_SS.PVM,ssef_block,
SATranslation/system/OBJ_SS.PVM,ss_sig05,
SATranslation/system/OBJ_SS.PVM,ss_sig02,
SATranslation/system/OBJ_SS.PVM,hyousiki02,
SATranslation/system/OBJ_SS.PVM,ss_sigbu,
SATranslation/system/OBJ_SS.PVM,ss_sigye,
SATranslation/system/OBJ_SS.PVM,ss_sigre,
SATranslation/system/OBJ_SS.PVM,hyousiki01,
SATranslation/system/OBJ_SS.PVM,st_l02,
SATranslation/system/OBJ_SS.PVM,st_l03,
SATranslation/system/OBJ_SS.PVM,st_lamp2,
SATranslation/system/OBJ_SS.PVM,st_l104,
SATranslation/system/OBJ_SS.PVM,mr_016f_key,
SATranslation/system/OBJ_SS.PVM,mr_016f_keyb,
SATranslation/system/OBJ_SS.PVM,mr_016f_wakiso,
SATranslation/system/OBJ_SS.PVM,mr_032f_kannb,
SATranslation/system/OBJ_SS.PVM,mr_064f_kesshou,
SATranslation/system/OBJ_SS.PVM,powerbox_sita10,
SATranslation/system/OBJ_SS.PVM,cg_gold,
SATranslation/system/OBJ_SS.PVM,min_passura2,
SATranslation/system/OBJ_SS.PVM,min_pass9,
SATranslation/system/OBJ_SS.PVM,kabe_01w,
SATranslation/system/OBJ_TWINKLE.PVM,am_tp001_32,
SATranslation/system/OBJ_TWINKLE.PVM,am_tp002_32,
SATranslation/system/OBJ_TWINKLE.PVM,am_tp003a_16,
SATranslation/system/OBJ_TWINKLE.PVM,am_tp014_64,
SATranslation/system/OBJ_TWINKLE.PVM,am_tp015_64,
SATranslation/system/OBJ_TWINKLE.PVM,am_tp016_64,
SATranslation/system/OBJ_TWINKLE.PVM,am_tp017_64,
SATranslation/system/OBJ_TWINKLE.PVM,am_tp018_64,
SATranslation/system/OBJ_TWINKLE.PVM,am_tp020_32,
SATranslation/system/OBJ_TWINKLE.PVM,am_tp023a_32,
SATranslation/system/OBJ_TWINKLE.PVM,boo,
SATranslation/system/OBJ_TWINKLE.PVM,bwo03,
SATranslation/system/OBJ_TWINKLE.PVM,bwo04,
SATranslation/system/OBJ_TWINKLE.PVM,cly02,
SATranslation/system/OBJ_TWINKLE.PVM,cly03,
SATranslation/system/OBJ_TWINKLE.PVM,courseter05,
SATranslation/system/OBJ_TWINKLE.PVM,esc_01,
SATranslation/system/OBJ_TWINKLE.PVM,hata,
SATranslation/system/OBJ_TWINKLE.PVM,hata1,
SATranslation/system/OBJ_TWINKLE.PVM,lmp001,
SATranslation/system/OBJ_TWINKLE.PVM,lmpctp01,
SATranslation/system/OBJ_TWINKLE.PVM,lmpctp03,
SATranslation/system/OBJ_TWINKLE.PVM,m128_tp2_014,
SATranslation/system/OBJ_TWINKLE.PVM,m128_tp3_006,
SATranslation/system/OBJ_TWINKLE.PVM,m128_tp3_021,
SATranslation/system/OBJ_TWINKLE.PVM,m32_tp1_001,
SATranslation/system/OBJ_TWINKLE.PVM,m32_tp2_003,
SATranslation/system/OBJ_TWINKLE.PVM,m32_tp2_007,
SATranslation/system/OBJ_TWINKLE.PVM,m32_tp2_008,
SATranslation/system/OBJ_TWINKLE.PVM,m32_tp2_010,
SATranslation/system/OBJ_TWINKLE.PVM,m32_tp2_011,
SATranslation/system/OBJ_TWINKLE.PVM,m32_tp2_012,
SATranslation/system/OBJ_TWINKLE.PVM,m32_tp2_013,
SATranslation/system/OBJ_TWINKLE.PVM,m32_tp2_014,
SATranslation/system/OBJ_TWINKLE.PVM,m32_tp2_015,
SATranslation/system/OBJ_TWINKLE.PVM,m32_tp2_016,
SATranslation/system/OBJ_TWINKLE.PVM,m32_tp2_017,
SATranslation/system/OBJ_TWINKLE.PVM,m32_tp3_004,
SATranslation/system/OBJ_TWINKLE.PVM,m32_tp3_005,
SATranslation/system/OBJ_TWINKLE.PVM,m32_tp3_007,
SATranslation/system/OBJ_TWINKLE.PVM,m32_tp_co3,
SATranslation/system/OBJ_TWINKLE.PVM,m64_tp2_009,
SATranslation/system/OBJ_TWINKLE.PVM,m64_tp2_014,
SATranslation/system/OBJ_TWINKLE.PVM,m64_tp2_015,
SATranslation/system/OBJ_TWINKLE.PVM,m64_tp2_021,
SATranslation/system/OBJ_TWINKLE.PVM,m64_tp2_025,
SATranslation/system/OBJ_TWINKLE.PVM,m64_tp2_028,
SATranslation/system/OBJ_TWINKLE.PVM,m64_tp2_031,
SATranslation/system/OBJ_TWINKLE.PVM,m64_tp2_032,
SATranslation/system/OBJ_TWINKLE.PVM,m64_tp2_035,
SATranslation/system/OBJ_TWINKLE.PVM,m64_tp3_009,
SATranslation/system/OBJ_TWINKLE.PVM,m64_tp3_013,
SATranslation/system/OBJ_TWINKLE.PVM,pinred,
SATranslation/system/OBJ_TWINKLE.PVM,saku02,
SATranslation/system/OBJ_TWINKLE.PVM,st_lamp,
SATranslation/system/OBJ_TWINKLE.PVM,tp2_11,
SATranslation/system/OBJ_TWINKLE.PVM,tp2_31,
SATranslation/system/OBJ_TWINKLE.PVM,tp2_32,
SATranslation/system/OBJ_TWINKLE.PVM,tp2_4,
SATranslation/system/OBJ_TWINKLE.PVM,uma02,
SATranslation/system/OBJ_TWINKLE.PVM,uma03,
SATranslation/system/OBJ_TWINKLE.PVM,uma05,
SATranslation/system/OBJ_TWINKLE.PVM,uma06,
SATranslation/system/OBJ_TWINKLE.PVM,uma07,
SATranslation/system/OBJ_TWINKLE.PVM,uma08,
SATranslation/system/OBJ_TWINKLE.PVM,uma09,
SATranslation/system/OBJ_TWINKLE.PVM,winwood,
SATranslation/system/OBJ_TWINKLE.PVM,wood10,
SATranslation/system/OBJ_TWINKLE.PVM,wood13,
SATranslation/system/OBJ_TWINKLE.PVM,ref_red01,
SATranslation/system/OBJ_TWINKLE.PVM,ref_crome,
SATranslation/system/OBJ_TWINKLE.PVM,rocket12,
SATranslation/system/OBJ_TWINKLE.PVM,courseter03,
SATranslation/system/OBJ_TWINKLE.PVM,courseter02,
SATranslation/system/OBJ_TWINKLE.PVM,courseter08,
SATranslation/system/OBJ_TWINKLE.PVM,rocket11,
SATranslation/system/OBJ_TWINKLE.PVM,saku01,
SATranslation/system/OBJ_TWINKLE.PVM,hg01,
SATranslation/system/OBJ_TWINKLE.PVM,am_tp035_16,
SATranslation/system/OBJ_TWINKLE.PVM,courseter15,
SATranslation/system/OBJ_TWINKLE.PVM,am_tp037_32c,
SATranslation/system/OBJ_TWINKLE.PVM,am_tp030_64,
SATranslation/system/OBJ_TWINKLE.PVM,am_tp028_16,
SATranslation/system/OBJ_TWINKLE.PVM,am_tp043_64,
SATranslation/system/OBJ_TWINKLE.PVM,am_tp046_8,
SATranslation/system/OBJ_TWINKLE.PVM,m16_tp1_001,
SATranslation/system/OBJ_TWINKLE.PVM,m32_tp1_003,
SATranslation/system/OBJ_TWINKLE.PVM,m32_tp1_002,
SATranslation/system/OBJ_TWINKLE.PVM,m32_tp1_006,
SATranslation/system/OBJ_TWINKLE.PVM,m32_tp2_009,
SATranslation/system/OBJ_TWINKLE.PVM,m32_tp2_004,
SATranslation/system/OBJ_TWINKLE.PVM,courseter06,
SATranslation/system/OBJ_TWINKLE.PVM,am_tp044_16b,
SATranslation/system/OBJ_TWINKLE.PVM,courseter04,
SATranslation/system/OBJ_TWINKLE.PVM,am_tp044_16,
SATranslation/system/OBJ_TWINKLE.PVM,m32_tp2_020,
SATranslation/system/OBJ_TWINKLE.PVM,minstar,
SATranslation/system/OBJ_TWINKLE.PVM,shipgrap,
SATranslation/system/OBJ_TWINKLE.PVM,m128_tp2_tile,
SATranslation/system/OBJ_TWINKLE.PVM,m64_tp2_003,
SATranslation/system/OBJ_TWINKLE.PVM,m64_tp2_blue,
SATranslation/system/OBJ_TWINKLE.PVM,m64stone,
SATranslation/system/OBJ_TWINKLE.PVM,tp_ob_ueki,
SATranslation/system/OBJ_TWINKLE.PVM,tp2_bigwindow,
SATranslation/system/OBJ_TWINKLE.PVM,uma_parts,
SATranslation/system/OBJ_TWINKLE.PVM,window_basic,
SATranslation/system/OBJ_WINDY.PVM,am_win001_32b,
SATranslation/system/OBJ_WINDY.PVM,am_win002_16,
SATranslation/system/OBJ_WINDY.PVM,am_win003_32,
SATranslation/system/OBJ_WINDY.PVM,am_win004_64,
SATranslation/system/OBJ_WINDY.PVM,am_win007_128,
SATranslation/system/OBJ_WINDY.PVM,am_win008_32,
SATranslation/system/OBJ_WINDY.PVM,am_win010_32,
SATranslation/system/OBJ_WINDY.PVM,am_win011_32,
SATranslation/system/OBJ_WINDY.PVM,am_win012_32,
SATranslation/system/OBJ_WINDY.PVM,am_win013_64,
SATranslation/system/OBJ_WINDY.PVM,am_win014_8,
SATranslation/system/OBJ_WINDY.PVM,am_win016_64,
SATranslation/system/OBJ_WINDY.PVM,am_win017_32,
SATranslation/system/OBJ_WINDY.PVM,am_win021_16,
SATranslation/system/OBJ_WINDY.PVM,am_win022_32,
SATranslation/system/OBJ_WINDY.PVM,am_win024_32,
SATranslation/system/OBJ_WINDY.PVM,am_win026_32,
SATranslation/system/OBJ_WINDY.PVM,am_win027_32,
SATranslation/system/OBJ_WINDY.PVM,am_win028_32,
SATranslation/system/OBJ_WINDY.PVM,am_win029_64,
SATranslation/system/OBJ_WINDY.PVM,am_win030_32,
SATranslation/system/OBJ_WINDY.PVM,am_win033_32,
SATranslation/system/OBJ_WINDY.PVM,am_win034_64,
SATranslation/system/OBJ_WINDY.PVM,am_win039_32,
SATranslation/system/OBJ_WINDY.PVM,am_win040_32,
SATranslation/system/OBJ_WINDY.PVM,am_win041_32,
SATranslation/system/OBJ_WINDY.PVM,am_win042_32,
SATranslation/system/OBJ_WINDY.PVM,am_win044_32,
SATranslation/system/OBJ_WINDY.PVM,am_win045_128,
SATranslation/system/OBJ_WINDY.PVM,am_win046_32,
SATranslation/system/OBJ_WINDY.PVM,am_win047_32,
SATranslation/system/OBJ_WINDY.PVM,am_win048_64,
SATranslation/system/OBJ_WINDY.PVM,am_win049_32,
SATranslation/system/OBJ_WINDY.PVM,am_win050_32,
SATranslation/system/OBJ_WINDY.PVM,am_win052_32,
SATranslation/system/OBJ_WINDY.PVM,am_win054_16,
SATranslation/system/OBJ_WINDY.PVM,am_win055_8,
SATranslation/system/OBJ_WINDY.PVM,am_win056_32,
SATranslation/system/OBJ_WINDY.PVM,m128_wv1_003,
SATranslation/system/OBJ_WINDY.PVM,m32_wv1_001,
SATranslation/system/OBJ_WINDY.PVM,m32_wv1_002,
SATranslation/system/OBJ_WINDY.PVM,m32_wv1_003,
SATranslation/system/OBJ_WINDY.PVM,m32_wv1_004,
SATranslation/system/OBJ_WINDY.PVM,m32_wv1_005,
SATranslation/system/OBJ_WINDY.PVM,m32_wv1_006,
SATranslation/system/OBJ_WINDY.PVM,m32_wv1_007,
SATranslation/system/OBJ_WINDY.PVM,m32_wv1_008,
SATranslation/system/OBJ_WINDY.PVM,m32_wv1_009,
SATranslation/system/OBJ_WINDY.PVM,m32_wv1_010,
SATranslation/system/OBJ_WINDY.PVM,m32_wv1_012,
SATranslation/system/OBJ_WINDY.PVM,m32_wv1_013,
SATranslation/system/OBJ_WINDY.PVM,m32_wv1_014,
SATranslation/system/OBJ_WINDY.PVM,m32_wv1_015,
SATranslation/system/OBJ_WINDY.PVM,m64_wv1_001,
SATranslation/system/OBJ_WINDY.PVM,m64_wv1_002,
SATranslation/system/OBJ_WINDY.PVM,m64_wv1_003,
SATranslation/system/OBJ_WINDY.PVM,m64_wv1_004,
SATranslation/system/OBJ_WINDY.PVM,m64_wv1_005,
SATranslation/system/OBJ_WINDY.PVM,m64_wv1_006,
SATranslation/system/OBJ_WINDY.PVM,m64_wv1_007,
SATranslation/system/OBJ_WINDY.PVM,m64_wv1_008,
SATranslation/system/OBJ_WINDY.PVM,m64_wv1_009,
SATranslation/system/OBJ_WINDY.PVM,m64_wv1_010,
SATranslation/system/OBJ_WINDY.PVM,m64_wv1_011,
SATranslation/system/OBJ_WINDY.PVM,m64_wv1_012,
SATranslation/system/OBJ_WINDY.PVM,m64_wv1_013,
SATranslation/system/OBJ_WINDY.PVM,m8_wv1_001,
SATranslation/system/OBJ_WINDY.PVM,mtatu_center,
SATranslation/system/OBJ_WINDY.PVM,mtatu_in,
SATranslation/system/OBJ_WINDY.PVM,mtatu_noise,
SATranslation/system/OBJ_WINDY.PVM,mtatu_out,
SATranslation/system/OBJ_WINDY.PVM,windy1_1,
SATranslation/system/OBJ_WINDY.PVM,windy1_10,
SATranslation/system/OBJ_WINDY.PVM,windy1_11,
SATranslation/system/OBJ_WINDY.PVM,windy1_12,
SATranslation/system/OBJ_WINDY.PVM,windy1_13,
SATranslation/system/OBJ_WINDY.PVM,windy1_16,
SATranslation/system/OBJ_WINDY.PVM,windy1_6,
SATranslation/system/OBJ_WINDY.PVM,windy1_8,
SATranslation/system/OBJ_WINDY.PVM,windy2_5,
SATranslation/system/OBJ_WINDY.PVM,windy3_6,
SATranslation/system/OL_10000.PVM,612050,
SATranslation/system/OL_10000.PVM,612007,
SATranslation/system/OL_10000.PVM,612008,
SATranslation/system/OL_10000.PVM,612051,
SATranslation/system/OL_10000.PVM,612055,
SATranslation/system/OL_10000.PVM,612060,
SATranslation/system/OL_10000.PVM,612064,
SATranslation/system/OL_10000.PVM,612067,
SATranslation/system/OUM.PVM,oum_hane1,
SATranslation/system/OUM.PVM,oum_hane2,
SATranslation/system/OUM.PVM,oum_kao,
SATranslation/system/OUM.PVM,oum_karada,
SATranslation/system/OUM.PVM,oum_parts,
SATranslation/system/OY_10000.PVM,612002,
SATranslation/system/OY_10000.PVM,612007,
SATranslation/system/OY_10000.PVM,612008,
SATranslation/system/OY_10000.PVM,612010,
SATranslation/system/OY_10000.PVM,612000,
SATranslation/system/OY_10000.PVM,612060,
SATranslation/system/PAST00.PVM,mk_032k_pkaidanue,
SATranslation/system/PAST00.PVM,mr_008o_kuro,
SATranslation/system/PAST00.PVM,mr_032f_peye,
SATranslation/system/PAST00.PVM,mr_032f_yane,
SATranslation/system/PAST00.PVM,mr_032k_knphuti,
SATranslation/system/PAST00.PVM,mr_032k_knphuti2,
SATranslation/system/PAST00.PVM,mr_032k_pkaidanue2,
SATranslation/system/PAST00.PVM,mr_032k_pkaidanue3,
SATranslation/system/PAST00.PVM,mr_032k_pnikaid01,
SATranslation/system/PAST00.PVM,mr_032k_psansyoku,
SATranslation/system/PAST00.PVM,mr_064f_ata,
SATranslation/system/PAST00.PVM,mr_064f_atab,
SATranslation/system/PAST00.PVM,mr_064f_atac,
SATranslation/system/PAST00.PVM,mr_064f_atowerc,
SATranslation/system/PAST00.PVM,mr_064f_doord,
SATranslation/system/PAST00.PVM,mr_064f_doorg,
SATranslation/system/PAST00.PVM,mr_064f_puroe,
SATranslation/system/PAST00.PVM,mr_064f_purof,
SATranslation/system/PAST00.PVM,mr_064f_toi,
SATranslation/system/PAST00.PVM,mr_064f_tugime,
SATranslation/system/PAST00.PVM,mr_064f_tugimeb,
SATranslation/system/PAST00.PVM,mr_064k_knhashi,
SATranslation/system/PAST00.PVM,mr_064k_knkabem,
SATranslation/system/PAST00.PVM,mr_064k_knmizo,
SATranslation/system/PAST00.PVM,mr_064k_mizo,
SATranslation/system/PAST00.PVM,mr_064k_mizok,
SATranslation/system/PAST00.PVM,mr_064k_pcueye,
SATranslation/system/PAST00.PVM,mr_064k_pkaidanmae,
SATranslation/system/PAST00.PVM,mr_064k_pkaidanue,
SATranslation/system/PAST00.PVM,mr_064k_pkata,
SATranslation/system/PAST00.PVM,mr_064k_pkata2,
SATranslation/system/PAST00.PVM,mr_064k_pkire,
SATranslation/system/PAST00.PVM,mr_064k_pue,
SATranslation/system/PAST00.PVM,mr_064k_ue,
SATranslation/system/PAST00.PVM,mr_128f_minkabee,
SATranslation/system/PAST00.PVM,mr_128f_mosh,
SATranslation/system/PAST00.PVM,mr_128f_wallna,
SATranslation/system/PAST00.PVM,mr_128k_knpknu,
SATranslation/system/PAST00.PVM,mr_128k_knpyane,
SATranslation/system/PAST00.PVM,mr_128k_knpyuka,
SATranslation/system/PAST00.PVM,mr_128k_knpyuka25,
SATranslation/system/PAST00.PVM,mr_128k_knpyuka3,
SATranslation/system/PAST00.PVM,mr_128k_krgake,
SATranslation/system/PAST00.PVM,mr_128k_krgakehuti,
SATranslation/system/PAST00.PVM,mr_128k_krkaishita,
SATranslation/system/PAST00.PVM,mr_128k_kuzud,
SATranslation/system/PAST00.PVM,mr_128k_kuzure,
SATranslation/system/PAST00.PVM,mr_128k_kuzure3,
SATranslation/system/PAST00.PVM,mr_128k_mrpkabe,
SATranslation/system/PAST00.PVM,mr_128k_mrpkabe2,
SATranslation/system/PAST00.PVM,mr_128k_nikabe01,
SATranslation/system/PAST00.PVM,mr_128k_phebi,
SATranslation/system/PAST00.PVM,mr_128k_phebi2,
SATranslation/system/PAST00.PVM,mr_128k_phuti,
SATranslation/system/PAST00.PVM,mr_128k_pie,
SATranslation/system/PAST00.PVM,mr_128k_pmiti,
SATranslation/system/PAST00.PVM,mr_128k_pnakaheki,
SATranslation/system/PAST00.PVM,mr_128k_pnikabe01,
SATranslation/system/PAST00.PVM,mr_128k_uekaba,
SATranslation/system/PAST00.PVM,mr_256f_kaaikabe,
SATranslation/system/PAST00.PVM,mr_256f_minkabec,
SATranslation/system/PAST00.PVM,mr_256f_minkabed,
SATranslation/system/PAST00.PVM,mr_256k_krgakemoto,
SATranslation/system/PAST00.PVM,mr_256k_krgakeshi,
SATranslation/system/PAST00.PVM,mr_256k_krkusahara,
SATranslation/system/PAST00.PVM,mr_256k_pgaiheki,
SATranslation/system/PAST00.PVM,mr_256k_uekiregake,
SATranslation/system/PAST00.PVM,mrb_064k_criwac,
SATranslation/system/PAST00.PVM,mrb_128k_criwaa,
SATranslation/system/PAST00.PVM,mrb_128k_criwab,
SATranslation/system/PAST00.PVM,mr_064k_piemae,
SATranslation/system/PAST01.PVM,mr_008k_chshitamizu,
SATranslation/system/PAST01.PVM,mr_008o_kuro,
SATranslation/system/PAST01.PVM,mr_032f_hino,
SATranslation/system/PAST01.PVM,mr_064f_hikarumeb,
SATranslation/system/PAST01.PVM,mr_064f_tesuri,
SATranslation/system/PAST01.PVM,mr_064k_aonatunagi,
SATranslation/system/PAST01.PVM,mr_064k_chdaiza,
SATranslation/system/PAST01.PVM,mr_064k_chemepokasan,
SATranslation/system/PAST01.PVM,mr_064k_chemepokie,
SATranslation/system/PAST01.PVM,mr_064k_chkabekado,
SATranslation/system/PAST01.PVM,mr_064k_chmizo,
SATranslation/system/PAST01.PVM,mr_064k_chshitamizo,
SATranslation/system/PAST01.PVM,mr_064k_chuepokie,
SATranslation/system/PAST01.PVM,mr_064k_chwallue,
SATranslation/system/PAST01.PVM,mr_064k_dokutunagi,
SATranslation/system/PAST01.PVM,mr_128f_dodaid,
SATranslation/system/PAST01.PVM,mr_128f_hasiwaki,
SATranslation/system/PAST01.PVM,mr_128k_chbigiwa,
SATranslation/system/PAST01.PVM,mr_128k_chemepo,
SATranslation/system/PAST01.PVM,mr_128k_chemepokin,
SATranslation/system/PAST01.PVM,mr_128k_chemepotest,
SATranslation/system/PAST01.PVM,mr_128k_chgramiti,
SATranslation/system/PAST01.PVM,mr_128k_chgrass,
SATranslation/system/PAST01.PVM,mr_128k_chgrasskire,
SATranslation/system/PAST01.PVM,mr_128k_chgreen,
SATranslation/system/PAST01.PVM,mr_128k_chhashira,
SATranslation/system/PAST01.PVM,mr_128k_chkoke,
SATranslation/system/PAST01.PVM,mr_128k_chkoke2,
SATranslation/system/PAST01.PVM,mr_128k_chmoyou,
SATranslation/system/PAST01.PVM,mr_128k_chpoue,
SATranslation/system/PAST01.PVM,mr_128k_chtatesen,
SATranslation/system/PAST01.PVM,mr_128k_chuetail,
SATranslation/system/PAST01.PVM,mr_128k_chyuka,
SATranslation/system/PAST01.PVM,mr_128k_chyukatest,
SATranslation/system/PAST01.PVM,mr_128k_knpyuka2,
SATranslation/system/PAST01.PVM,mr_128k_knpyuka2huti,
SATranslation/system/PAST01.PVM,mr_128k_krgake,
SATranslation/system/PAST01.PVM,mr_128k_krgakehuti,
SATranslation/system/PAST01.PVM,mr_128k_krkiregake,
SATranslation/system/PAST01.PVM,mr_128k_mayagake,
SATranslation/system/PAST01.PVM,mr_128k_uebugake,
SATranslation/system/PAST01.PVM,mr_128k_uebugake2,
SATranslation/system/PAST01.PVM,mr_128k_uekaba,
SATranslation/system/PAST01.PVM,mr_256k_krgakeshi,
SATranslation/system/PAST01.PVM,mr_256k_mizugake,
SATranslation/system/PAST01.PVM,mr_256k_simgake,
SATranslation/system/PAST01.PVM,mrb_064k_criwac,
SATranslation/system/PAST01.PVM,mrb_128k_criwaa,
SATranslation/system/PAST01.PVM,mrb_128k_criwab,
SATranslation/system/PAST01.PVM,mrb_128s_aonad,
SATranslation/system/PAST01.PVM,mrb_256k_simueb,
SATranslation/system/PAST01.PVM,mrb_256s_aonaa,
SATranslation/system/PAST01.PVM,mrb_256s_aonab,
SATranslation/system/PAST01.PVM,mrb_256s_aonac,
SATranslation/system/PAST01.PVM,mrb_256s_yamaf,
SATranslation/system/PAST01.PVM,mr_064k_chotimizu,
SATranslation/system/PAST01.PVM,s_los_wt00,
SATranslation/system/PAST01.PVM,s_los_wt01,
SATranslation/system/PAST01.PVM,s_los_wt02,
SATranslation/system/PAST01.PVM,s_los_wt03,
SATranslation/system/PAST01.PVM,s_los_wt04,
SATranslation/system/PAST01.PVM,s_los_wt05,
SATranslation/system/PAST01.PVM,s_los_wt06,
SATranslation/system/PAST01.PVM,s_los_wt07,
SATranslation/system/PAST01.PVM,s_los_wt08,
SATranslation/system/PAST01.PVM,s_los_wt09,
SATranslation/system/PAST01.PVM,s_los_wt10,
SATranslation/system/PAST01.PVM,s_los_wt11,
SATranslation/system/PAST01.PVM,s_los_wt12,
SATranslation/system/PAST01.PVM,s_los_wt13,
SATranslation/system/PAST01.PVM,salt_tev00_00,
SATranslation/system/PAST01.PVM,salt_tev01_00,
SATranslation/system/PAST01.PVM,salt_tev02,
SATranslation/system/PAST02.PVM,_s_m128_sea001,
SATranslation/system/PAST02.PVM,_s_los_wt00,
SATranslation/system/PAST02.PVM,mr_128k_knpyuka2huti,
SATranslation/system/PAST02.PVM,mr_128k_uekaba,
SATranslation/system/PAST02.PVM,mr_128k_chgrass,
SATranslation/system/PAST02.PVM,mr_256k_simgake,
SATranslation/system/PAST02.PVM,mrb_256k_simueb,
SATranslation/system/PAST02.PVM,mr_128k_uebugake,
SATranslation/system/PAST02.PVM,mr_128k_knpyuka2,
SATranslation/system/PAST02.PVM,mr_128k_krgake,
SATranslation/system/PAST02.PVM,mr_128k_krkiregake,
SATranslation/system/PAST02.PVM,mr_256k_krgakeshi,
SATranslation/system/PAST02.PVM,mr_256k_mizugake,
SATranslation/system/PAST02.PVM,mr_128k_chgrasskire,
SATranslation/system/PAST02.PVM,mr_128k_uebugake2,
SATranslation/system/PAST02.PVM,mr_128k_mayagake,
SATranslation/system/PAST02.PVM,mrb_256s_yamaf,
SATranslation/system/PAST02.PVM,mr_064k_chwallue,
SATranslation/system/PAST02.PVM,mr_128k_chemepo,
SATranslation/system/PAST02.PVM,mr_128k_chkoke,
SATranslation/system/PAST02.PVM,mr_128k_chyuka,
SATranslation/system/PAST02.PVM,mr_032f_hino,
SATranslation/system/PAST02.PVM,mr_064f_hikarumeb,
SATranslation/system/PAST02.PVM,mr_064f_tesuri,
SATranslation/system/PAST02.PVM,mr_128f_dodaid,
SATranslation/system/PAST02.PVM,mr_128f_hasiwaki,
SATranslation/system/PAST02.PVM,mr_128k_chemepotest,
SATranslation/system/PAST02.PVM,mr_128k_chmoyou,
SATranslation/system/PAST02.PVM,mr_128k_chuetail,
SATranslation/system/PAST02.PVM,mr_128k_chyukatest,
SATranslation/system/PAST02.PVM,mr_128k_chtatesen,
SATranslation/system/PAST02.PVM,mr_128k_chkoke2,
SATranslation/system/PAST02.PVM,_mr_064k_chKABEKADO,
SATranslation/system/PAST02.PVM,mr_064k_chkabekado,
SATranslation/system/PAST02.PVM,mr_064k_chmizo,
SATranslation/system/PAST02.PVM,mr_128k_chpoue,
SATranslation/system/PAST02.PVM,mr_128k_chpkirikuti,
SATranslation/system/PAST02.PVM,mr_128k_chbigiwa,
SATranslation/system/PAST02.PVM,mr_128k_chpueha,
SATranslation/system/PAST02.PVM,mr_128k_chgramiti,
SATranslation/system/PAST02.PVM,mr_064k_aonatunagi,
SATranslation/system/PAST02.PVM,mr_064k_dokutunagi,
SATranslation/system/PAST02.PVM,mr_128k_krgakehuti,
SATranslation/system/PAST02.PVM,mrb_128s_aonad,
SATranslation/system/PAST02.PVM,mrb_256s_aonaa,
SATranslation/system/PAST02.PVM,mrb_256s_aonab,
SATranslation/system/PAST02.PVM,mrb_256s_aonac,
SATranslation/system/PAST02.PVM,mr_008o_kuro,
SATranslation/system/PAST02.PVM,mrb_064k_criwac,
SATranslation/system/PAST02.PVM,mrb_128k_criwaa,
SATranslation/system/PAST02.PVM,mrb_128k_criwab,
SATranslation/system/PAST02.PVM,mr_064k_chdaiza,
SATranslation/system/PAST02.PVM,mr_128k_chemepokin,
SATranslation/system/PAST02.PVM,mr_128k_chhashira,
SATranslation/system/PAST02.PVM,mr_064k_chemepokasan,
SATranslation/system/PAST02.PVM,mr_064k_chshitamizo,
SATranslation/system/PAST02.PVM,mr_064k_chemepokie,
SATranslation/system/PAST02.PVM,mr_008k_chshitamizu,
SATranslation/system/PAST02.PVM,mr_064k_chuepokie,
SATranslation/system/PAST02.PVM,mr_128k_chgreen,
SATranslation/system/PAST02.PVM,mr_064k_chotimizu,
SATranslation/system/PAST02.PVM,s_los_wt00,
SATranslation/system/PAST02.PVM,s_los_wt01,
SATranslation/system/PAST02.PVM,s_los_wt02,
SATranslation/system/PAST02.PVM,s_los_wt03,
SATranslation/system/PAST02.PVM,s_los_wt04,
SATranslation/system/PAST02.PVM,s_los_wt05,
SATranslation/system/PAST02.PVM,s_los_wt06,
SATranslation/system/PAST02.PVM,s_los_wt07,
SATranslation/system/PAST02.PVM,s_los_wt08,
SATranslation/system/PAST02.PVM,s_los_wt09,
SATranslation/system/PAST02.PVM,s_los_wt10,
SATranslation/system/PAST02.PVM,s_los_wt11,
SATranslation/system/PAST02.PVM,s_los_wt12,
SATranslation/system/PAST02.PVM,s_los_wt13,
SATranslation/system/PAST02.PVM,s_m128_sea001,
SATranslation/system/PAST02.PVM,s_m128_sea002,
SATranslation/system/PAST02.PVM,s_m128_sea003,
SATranslation/system/PAST02.PVM,s_m128_sea004,
SATranslation/system/PAST02.PVM,s_m128_sea005,
SATranslation/system/PAST02.PVM,s_m128_sea006,
SATranslation/system/PAST02.PVM,s_m128_sea007,
SATranslation/system/PAST02.PVM,s_m128_sea008,
SATranslation/system/PAST02.PVM,s_m128_sea009,
SATranslation/system/PAST02.PVM,s_m128_sea010,
SATranslation/system/PAST02.PVM,salt_tev00_00,
SATranslation/system/PAST02.PVM,salt_tev01_00,
SATranslation/system/PAST02.PVM,salt_tev02,
SATranslation/system/PAST_KN_FAM.PVM,610010,
SATranslation/system/PAST_KN_FAM.PVM,600302,
SATranslation/system/PAST_KN_FAM.PVM,600303,
SATranslation/system/PAST_KN_FAM.PVM,610000,
SATranslation/system/PAST_KN_FAM.PVM,610001,
SATranslation/system/PAST_KN_FAM.PVM,610002,
SATranslation/system/PAST_KN_FAM.PVM,610007,
SATranslation/system/PAST_KN_FAM.PVM,600301,
SATranslation/system/PAST_KN_FAM.PVM,610011,
SATranslation/system/PAST_KN_FAM.PVM,610012,
SATranslation/system/PAST_KN_FAM.PVM,610013,
SATranslation/system/PAST_KN_FAM.PVM,610014,
SATranslation/system/PAST_KN_FAM.PVM,610019,
SATranslation/system/PAST_KN_FAM.PVM,610016,
SATranslation/system/PAST_KN_FAM.PVM,610017,
SATranslation/system/PEN.PVM,pen_asi,
SATranslation/system/PEN.PVM,pen_atama,
SATranslation/system/PEN.PVM,pen_kao,
SATranslation/system/PEN.PVM,pen_kuti,
SATranslation/system/PEN.PVM,pen_mayu,
SATranslation/system/PIRANIA.PVM,f_pira04,
SATranslation/system/PIRANIA.PVM,f_pira01,
SATranslation/system/PIRANIA.PVM,f_pira07,
SATranslation/system/PIRANIA.PVM,f_pira02,
SATranslation/system/PIRANIA.PVM,f_pira05,
SATranslation/system/PIRANIA.PVM,sakana_meta,
SATranslation/system/PIRANIA.PVM,f_tai05,
SATranslation/system/PIRANIA.PVM,f_pira03,
SATranslation/system/PRESSSTART.PVM,hyoji_pressstart,
SATranslation/system/PVME101FACTORY.PVM,eca_s_kikb,
SATranslation/system/PVME101FACTORY.PVM,edc_n_garasu,
SATranslation/system/PVME101FACTORY.PVM,eca_s_drill,
SATranslation/system/PVME101FACTORY.PVM,era_s_okc,
SATranslation/system/PVME101FACTORY.PVM,edc_n_tank9,
SATranslation/system/PVME101FACTORY.PVM,edc_n_yane2,
SATranslation/system/PVME101FACTORY.PVM,edc_n_kabe3,
SATranslation/system/PVME101FACTORY.PVM,edc_n_kabe2,
SATranslation/system/PVME101FACTORY.PVM,edc_n_kabe15,
SATranslation/system/PVME101FACTORY.PVM,edv_K_shimayuka09,
SATranslation/system/PVME101FACTORY.PVM,k_tbgamewaku,
SATranslation/system/PVME101FACTORY.PVM,k_hkuti,
SATranslation/system/PVME101FACTORY.PVM,k_hkabe002,
SATranslation/system/PVME101FACTORY.PVM,era_k_kikb,
SATranslation/system/PVME101FACTORY.PVM,edc_k_jmedama,
SATranslation/system/PVME101FACTORY.PVM,edc_k_jkab002a,
SATranslation/system/PVME101FACTORY.PVM,eca_s_gya,
SATranslation/system/PVME101FACTORY.PVM,era_s_okb,
SATranslation/system/PVME101FACTORY.PVM,eca_s_gre,
SATranslation/system/PVME101FACTORY.PVM,edc_k_hliftright,
SATranslation/system/PVME101FACTORY.PVM,era_s_haika,
SATranslation/system/PVME101FACTORY.PVM,edv_n_yuka11,
SATranslation/system/PVME101FACTORY.PVM,era_s_kikb,
SATranslation/system/PVME101FACTORY.PVM,edv_o_yero01,
SATranslation/system/PVME101FACTORY.PVM,eca_s_banal,
SATranslation/system/PVME101FACTORY.PVM,eca_s_domb,
SATranslation/system/PVME101FACTORY.PVM,eca_s_grb,
SATranslation/system/PVME101FACTORY.PVM,eca_s_gro,
SATranslation/system/PVME101FACTORY.PVM,era_s_a,
SATranslation/system/PVME101FACTORY.PVM,era_s_cova,
SATranslation/system/PVME101FACTORY.PVM,era_s_daia,
SATranslation/system/PVME101FACTORY.PVM,era_s_daib,
SATranslation/system/PVME101FACTORY.PVM,era_s_guna,
SATranslation/system/PVME101FACTORY.PVM,era_s_intc,
SATranslation/system/PVME101FACTORY.PVM,era_s_tenc,
SATranslation/system/PVME101FACTORY.PVM,era_s_tend,
SATranslation/system/PVME101FACTORY.PVM,gamewaku,
SATranslation/system/PVME101FACTORY.PVM,eca_s_gra,
SATranslation/system/PVME101FACTORY.PVM,k_hkabe001,
SATranslation/system/PVME101FACTORY.PVM,k_hkabe004,
SATranslation/system/PVME101FACTORY.PVM,k_hkabe005,
SATranslation/system/PVME101FACTORY.PVM,edc_n_kabe7,
SATranslation/system/PVME101FACTORY.PVM,k_tami,
SATranslation/system/PVME101FACTORY.PVM,k_tkan,
SATranslation/system/PVME101FACTORY.PVM,k_tuturi1,
SATranslation/system/PVME101FACTORY.PVM,edv_n_kabe06,
SATranslation/system/PVME101FACTORY.PVM,edc_n_kabe1,
SATranslation/system/PVME101FACTORY.PVM,edc_k_kabe8,
SATranslation/system/PVME101FACTORY.PVM,01tx_dou_aka,
SATranslation/system/PVME101FACTORY.PVM,01tx_dou_aka2,
SATranslation/system/PVME101FACTORY.PVM,01tx_dou_ana,
SATranslation/system/PVME101FACTORY.PVM,01tx_dou_ana2,
SATranslation/system/PVME101FACTORY.PVM,01tx_dou_ana3,
SATranslation/system/PVME101FACTORY.PVM,01tx_dou_ao,
SATranslation/system/PVME101FACTORY.PVM,01tx_dou_futa,
SATranslation/system/PVME101FACTORY.PVM,01tx_dou_kiro,
SATranslation/system/PVME101FACTORY.PVM,01tx_dou_kuro,
SATranslation/system/PVME101FACTORY.PVM,01tx_dou_kuro2,
SATranslation/system/PVME101FACTORY.PVM,01tx_dou_metal,
SATranslation/system/PVME101FACTORY.PVM,01tx_dou_neji,
SATranslation/system/PVME101FACTORY.PVM,01tx_dou_sita,
SATranslation/system/PVME101FACTORY.PVM,01tx_dou_ue,
SATranslation/system/PVME101FACTORY.PVM,01tx_hako_mae,
SATranslation/system/PVME101FACTORY.PVM,01tx_hako_ue,
SATranslation/system/PVME101FACTORY.PVM,01tx_houdai,
SATranslation/system/PVME101FACTORY.PVM,01tx_houdai2,
SATranslation/system/PVME101FACTORY.PVM,01tx_me,
SATranslation/system/PVME101FACTORY.PVM,01tx_me2,
SATranslation/system/PVME101FACTORY.PVM,01tx_me3,
SATranslation/system/PVME101FACTORY.PVM,01tx_me4,
SATranslation/system/PVME101FACTORY.PVM,01tx_pipe,
SATranslation/system/PVME101FACTORY.PVM,01tx_pipe2,
SATranslation/system/PVME101FACTORY.PVM,01tx_pipe3,
SATranslation/system/PVME101FACTORY.PVM,01tx_pipe4,
SATranslation/system/PVME101FACTORY.PVM,01tx_siri,
SATranslation/system/PVME101FACTORY.PVM,01tx_te,
SATranslation/system/PVME101FACTORY.PVM,01tx_te2,
SATranslation/system/PVME101FACTORY.PVM,01tx_ude,
SATranslation/system/PVME101FACTORY.PVM,e101_asi1,
SATranslation/system/PVME101FACTORY.PVM,e101_b7,
SATranslation/system/PVME101FACTORY.PVM,e101_gard2,
SATranslation/system/PVME101FACTORY.PVM,edc_k_heki,
SATranslation/system/PVME101FACTORY.PVM,edc_n_tobirad2,
SATranslation/system/PVME101FACTORY.PVM,edv_f_kabe,
SATranslation/system/PVME101FACTORY.PVM,edv_n_kabe02,
SATranslation/system/PVME101FACTORY.PVM,edv_n_kabe11,
SATranslation/system/PVME101FACTORY.PVM,edv_n_kabe12,
SATranslation/system/PVME101FACTORY.PVM,etx_asi2,
SATranslation/system/PVME101FACTORY.PVM,etx_bluck1,
SATranslation/system/PVME101FACTORY.PVM,etx_enn1,
SATranslation/system/PVME101FACTORY.PVM,etx_enn2,
SATranslation/system/PVME101FACTORY.PVM,etx_green,
SATranslation/system/PVME101FACTORY.PVM,etx_gun1,
SATranslation/system/PVME101FACTORY.PVM,etx_gun2,
SATranslation/system/PVME101FACTORY.PVM,etx_guno,
SATranslation/system/PVME101FACTORY.PVM,etx_kosi0,
SATranslation/system/PVME101FACTORY.PVM,etx_metal2,
SATranslation/system/PVME101FACTORY.PVM,etx_pype1,
SATranslation/system/PVME101FACTORY.PVM,etx_right,
SATranslation/system/PVME101FACTORY.PVM,etx_right1,
SATranslation/system/PVME101FACTORY.PVM,etx_right3,
SATranslation/system/PVME101FACTORY.PVM,etx_te1,
SATranslation/system/PVME101FACTORY.PVM,etx_tiya,
SATranslation/system/RAKO.PVM,rako_asi,
SATranslation/system/RAKO.PVM,rako_kao,
SATranslation/system/RAKO.PVM,rako_karada,
SATranslation/system/RAKO.PVM,rako_parts,
SATranslation/system/ROBOTV.PVM,tm128er_ido1,
SATranslation/system/ROBOTV.PVM,tm128er_ido2,
SATranslation/system/ROBOTV.PVM,tm128er_ido3,
SATranslation/system/ROBOTV.PVM,tm128er_ido4,
SATranslation/system/ROBOTV.PVM,tm128er_ido5,
SATranslation/system/ROBOTV.PVM,tm128er_ido6,
SATranslation/system/ROBOTV.PVM,tm128er_ido7,
SATranslation/system/ROBOTV.PVM,tm128er_ido8,
SATranslation/system/ROBOTV.PVM,tm128er_ido9,
SATranslation/system/ROBOTV.PVM,tm128er_ido10,
SATranslation/system/ROBOTV.PVM,tm128er_ido11,
SATranslation/system/ROBOTV.PVM,tm128er_ido12,
SATranslation/system/ROBOTV.PVM,tm128er_ido13,
SATranslation/system/ROBOTV.PVM,tm128er_ido14,
SATranslation/system/ROBOTV.PVM,tm128er_ido15,
SATranslation/system/ROBOTV.PVM,tm128er_ido16,
SATranslation/system/RUIN01.PVM,aa_wt00,
SATranslation/system/RUIN01.PVM,lost1_11,
SATranslation/system/RUIN01.PVM,lost1_12,
SATranslation/system/RUIN01.PVM,lost1_13,
SATranslation/system/RUIN01.PVM,lost1_16,
SATranslation/system/RUIN01.PVM,lost1_17,
SATranslation/system/RUIN01.PVM,lost1_20,
SATranslation/system/RUIN01.PVM,lost1_21,
SATranslation/system/RUIN01.PVM,lost1_24,
SATranslation/system/RUIN01.PVM,lost1_26,
SATranslation/system/RUIN01.PVM,lost1_27,
SATranslation/system/RUIN01.PVM,lost1_28,
SATranslation/system/RUIN01.PVM,lost1_30,
SATranslation/system/RUIN01.PVM,lost1_31,
SATranslation/system/RUIN01.PVM,lost1_33,
SATranslation/system/RUIN01.PVM,lost1_34,
SATranslation/system/RUIN01.PVM,lost1_35,
SATranslation/system/RUIN01.PVM,lost1_36,
SATranslation/system/RUIN01.PVM,lost1_41,
SATranslation/system/RUIN01.PVM,lost1_42,
SATranslation/system/RUIN01.PVM,lost1_bigstone,
SATranslation/system/RUIN01.PVM,lost1_g00,
SATranslation/system/RUIN01.PVM,lost1_g01,
SATranslation/system/RUIN01.PVM,lost1_g02,
SATranslation/system/RUIN01.PVM,lost1_g03,
SATranslation/system/RUIN01.PVM,lost1_g04,
SATranslation/system/RUIN01.PVM,lost1_newtile,
SATranslation/system/RUIN01.PVM,lost1_piller,
SATranslation/system/RUIN01.PVM,lost1_piller2,
SATranslation/system/RUIN01.PVM,lost2_21,
SATranslation/system/RUIN01.PVM,m128_los001,
SATranslation/system/RUIN01.PVM,m128_los003,
SATranslation/system/RUIN01.PVM,m128_los004,
SATranslation/system/RUIN01.PVM,m128_los031,
SATranslation/system/RUIN01.PVM,m128_los040,
SATranslation/system/RUIN01.PVM,m128_los042,
SATranslation/system/RUIN01.PVM,m32_los006,
SATranslation/system/RUIN01.PVM,m32_los007,
SATranslation/system/RUIN01.PVM,m64_los007,
SATranslation/system/RUIN01.PVM,m64_los009,
SATranslation/system/RUIN01.PVM,m64_los011,
SATranslation/system/RUIN01.PVM,m64_los012,
SATranslation/system/RUIN01.PVM,m64_los015,
SATranslation/system/RUIN01.PVM,m64_los029,
SATranslation/system/RUIN01.PVM,m64_los030,
SATranslation/system/RUIN01.PVM,s_w14,
SATranslation/system/RUIN01.PVM,lost01_cloud,
SATranslation/system/RUIN01.PVM,los_wt00,
SATranslation/system/RUIN01.PVM,los_wt01,
SATranslation/system/RUIN01.PVM,los_wt02,
SATranslation/system/RUIN01.PVM,los_wt03,
SATranslation/system/RUIN01.PVM,los_wt04,
SATranslation/system/RUIN01.PVM,los_wt05,
SATranslation/system/RUIN01.PVM,los_wt06,
SATranslation/system/RUIN01.PVM,los_wt07,
SATranslation/system/RUIN01.PVM,los_wt08,
SATranslation/system/RUIN01.PVM,los_wt09,
SATranslation/system/RUIN01.PVM,los_wt10,
SATranslation/system/RUIN01.PVM,los_wt11,
SATranslation/system/RUIN01.PVM,los_wt12,
SATranslation/system/RUIN01.PVM,los_wt13,
SATranslation/system/RUIN02.PVM,ama_lw003,
SATranslation/system/RUIN02.PVM,ama_lw008,
SATranslation/system/RUIN02.PVM,ama_lw009,
SATranslation/system/RUIN02.PVM,ama_lw013,
SATranslation/system/RUIN02.PVM,lost1_12,
SATranslation/system/RUIN02.PVM,lost1_14,
SATranslation/system/RUIN02.PVM,lost1_17,
SATranslation/system/RUIN02.PVM,lost1_19,
SATranslation/system/RUIN02.PVM,lost1_24,
SATranslation/system/RUIN02.PVM,lost1_26,
SATranslation/system/RUIN02.PVM,lost1_27,
SATranslation/system/RUIN02.PVM,lost1_30,
SATranslation/system/RUIN02.PVM,lost1_32,
SATranslation/system/RUIN02.PVM,lost1_33,
SATranslation/system/RUIN02.PVM,lost1_34,
SATranslation/system/RUIN02.PVM,lost1_41,
SATranslation/system/RUIN02.PVM,lost1_5,
SATranslation/system/RUIN02.PVM,lost1_newtile,
SATranslation/system/RUIN02.PVM,lost2_1,
SATranslation/system/RUIN02.PVM,lost2_10,
SATranslation/system/RUIN02.PVM,lost2_12,
SATranslation/system/RUIN02.PVM,lost2_13,
SATranslation/system/RUIN02.PVM,lost2_14,
SATranslation/system/RUIN02.PVM,lost2_15,
SATranslation/system/RUIN02.PVM,lost2_16,
SATranslation/system/RUIN02.PVM,lost2_17,
SATranslation/system/RUIN02.PVM,lost2_2,
SATranslation/system/RUIN02.PVM,lost2_21,
SATranslation/system/RUIN02.PVM,lost2_22,
SATranslation/system/RUIN02.PVM,lost2_23,
SATranslation/system/RUIN02.PVM,lost2_24,
SATranslation/system/RUIN02.PVM,lost2_25,
SATranslation/system/RUIN02.PVM,lost2_2_w,
SATranslation/system/RUIN02.PVM,lost2_2half,
SATranslation/system/RUIN02.PVM,lost2_3,
SATranslation/system/RUIN02.PVM,lost2_4,
SATranslation/system/RUIN02.PVM,lost2_6,
SATranslation/system/RUIN02.PVM,lost2_7,
SATranslation/system/RUIN02.PVM,lost2_grasswall,
SATranslation/system/RUIN02.PVM,lost2_newwall0,
SATranslation/system/RUIN02.PVM,m128_los001,
SATranslation/system/RUIN02.PVM,m128_los003,
SATranslation/system/RUIN02.PVM,m128_los004,
SATranslation/system/RUIN02.PVM,m128_los007,
SATranslation/system/RUIN02.PVM,m128_los008,
SATranslation/system/RUIN02.PVM,m128_los018,
SATranslation/system/RUIN02.PVM,m128_los019,
SATranslation/system/RUIN02.PVM,m128_los019_2,
SATranslation/system/RUIN02.PVM,m128_los031,
SATranslation/system/RUIN02.PVM,m128_los038,
SATranslation/system/RUIN02.PVM,m128_los040,
SATranslation/system/RUIN02.PVM,m128_los044,
SATranslation/system/RUIN02.PVM,m32_los009,
SATranslation/system/RUIN02.PVM,m32_los010,
SATranslation/system/RUIN02.PVM,m64_fall2,
SATranslation/system/RUIN02.PVM,m64_fall3,
SATranslation/system/RUIN02.PVM,m64_los001,
SATranslation/system/RUIN02.PVM,m64_los004,
SATranslation/system/RUIN02.PVM,m64_los005,
SATranslation/system/RUIN02.PVM,m64_los008,
SATranslation/system/RUIN02.PVM,m64_los010,
SATranslation/system/RUIN02.PVM,m64_los011,
SATranslation/system/RUIN02.PVM,m64_los013,
SATranslation/system/RUIN02.PVM,m64_los014,
SATranslation/system/RUIN02.PVM,m64_los015,
SATranslation/system/RUIN02.PVM,m64_los016,
SATranslation/system/RUIN02.PVM,s_w14,
SATranslation/system/RUIN02.PVM,aa_wt00,
SATranslation/system/RUIN02.PVM,los_wt00,
SATranslation/system/RUIN02.PVM,los_wt01,
SATranslation/system/RUIN02.PVM,los_wt02,
SATranslation/system/RUIN02.PVM,los_wt03,
SATranslation/system/RUIN02.PVM,los_wt04,
SATranslation/system/RUIN02.PVM,los_wt05,
SATranslation/system/RUIN02.PVM,los_wt06,
SATranslation/system/RUIN02.PVM,los_wt07,
SATranslation/system/RUIN02.PVM,los_wt08,
SATranslation/system/RUIN02.PVM,los_wt09,
SATranslation/system/RUIN02.PVM,los_wt10,
SATranslation/system/RUIN02.PVM,los_wt11,
SATranslation/system/RUIN02.PVM,los_wt12,
SATranslation/system/RUIN02.PVM,los_wt13,
SATranslation/system/RUIN02.PVM,alpha,
SATranslation/system/RUIN03.PVM,lost1_17,
SATranslation/system/RUIN03.PVM,lost1_29,
SATranslation/system/RUIN03.PVM,lost1_30,
SATranslation/system/RUIN03.PVM,lost1_33,
SATranslation/system/RUIN03.PVM,lost1_36,
SATranslation/system/RUIN03.PVM,lost1_41,
SATranslation/system/RUIN03.PVM,lost1_44,
SATranslation/system/RUIN03.PVM,lost1_5,
SATranslation/system/RUIN03.PVM,lost2_14,
SATranslation/system/RUIN03.PVM,lost2_21,
SATranslation/system/RUIN03.PVM,lost2_22,
SATranslation/system/RUIN03.PVM,lost2_23,
SATranslation/system/RUIN03.PVM,lost2_24,
SATranslation/system/RUIN03.PVM,lost2_27,
SATranslation/system/RUIN03.PVM,lost2_wall1,
SATranslation/system/RUIN03.PVM,lost3_1,
SATranslation/system/RUIN03.PVM,lost3_2,
SATranslation/system/RUIN03.PVM,lost3_3,
SATranslation/system/RUIN03.PVM,lost3_4,
SATranslation/system/RUIN03.PVM,lost3_5,
SATranslation/system/RUIN03.PVM,lost3_7,
SATranslation/system/RUIN03.PVM,m128_los003,
SATranslation/system/RUIN03.PVM,m128_los004,
SATranslation/system/RUIN03.PVM,m128_los038,
SATranslation/system/RUIN03.PVM,m128_los040,
SATranslation/system/RUIN03.PVM,m64_los001,
SATranslation/system/RUIN03.PVM,m64_los011,
SATranslation/system/RUIN03.PVM,m64_los015,
SATranslation/system/RUIN03.PVM,m64_los016,
SATranslation/system/RUIN03.PVM,aa_wt00,
SATranslation/system/RUIN03.PVM,los_wt00,
SATranslation/system/RUIN03.PVM,los_wt01,
SATranslation/system/RUIN03.PVM,los_wt02,
SATranslation/system/RUIN03.PVM,los_wt03,
SATranslation/system/RUIN03.PVM,los_wt04,
SATranslation/system/RUIN03.PVM,los_wt05,
SATranslation/system/RUIN03.PVM,los_wt06,
SATranslation/system/RUIN03.PVM,los_wt07,
SATranslation/system/RUIN03.PVM,los_wt08,
SATranslation/system/RUIN03.PVM,los_wt09,
SATranslation/system/RUIN03.PVM,los_wt10,
SATranslation/system/RUIN03.PVM,los_wt11,
SATranslation/system/RUIN03.PVM,los_wt12,
SATranslation/system/RUIN03.PVM,los_wt13,
SATranslation/system/RYUGU.PVM,f_ryu03,
SATranslation/system/RYUGU.PVM,f_ryu01,
SATranslation/system/RYUGU.PVM,f_ryu02,
SATranslation/system/RYUGU.PVM,f_ryu08,
SATranslation/system/RYUGU.PVM,f_ryu05,
SATranslation/system/RYUGU.PVM,f_ryu10,
SATranslation/system/RYUGU.PVM,f_ryu09,
SATranslation/system/RYUGU.PVM,f_ryu11,
SATranslation/system/RYUGU.PVM,f_ryu12,
SATranslation/system/RYUGU.PVM,f_tai05,
SATranslation/system/RYUGU.PVM,f_ryu04,
SATranslation/system/SA_XMAS.PVM,xtree001_128,
SATranslation/system/SA_XMAS.PVM,xtree002_128,
SATranslation/system/SA_XMAS.PVM,xtree003_32,
SATranslation/system/SA_XMAS.PVM,xtree004_32,
SATranslation/system/SA_XMAS.PVM,xtree005_32,
SATranslation/system/SA_XMAS.PVM,xtree006_64,
SATranslation/system/SAKE.PVM,f_sake01,
SATranslation/system/SAKE.PVM,f_sake05,
SATranslation/system/SAKE.PVM,f_tai05,
SATranslation/system/SAKE.PVM,f_sake04,
SATranslation/system/SAKE.PVM,f_sake03,
SATranslation/system/SAKE.PVM,f_sake02,
SATranslation/system/SAKE.PVM,f_sake,
SATranslation/system/SAKE.PVM,f_sake06,
SATranslation/system/SAME.PVM,f_same04,
SATranslation/system/SAME.PVM,f_same01,
SATranslation/system/SAME.PVM,f_same02,
SATranslation/system/SAME.PVM,f_same05,
SATranslation/system/SAME.PVM,f_same03,
SATranslation/system/SAME.PVM,f_tai05,
SATranslation/system/SAME.PVM,sakana_meta,
SATranslation/system/SANDBOARD.PVM,owb,
SATranslation/system/SANDBOARD.PVM,sb_clif40,
SATranslation/system/SANDBOARD.PVM,sb_clif41,
SATranslation/system/SANDBOARD.PVM,sb_clif42,
SATranslation/system/SANDBOARD.PVM,sb_ground10,
SATranslation/system/SANDBOARD.PVM,sb_ground11,
SATranslation/system/SANDBOARD.PVM,sb_ground20,
SATranslation/system/SANDBOARD.PVM,sb_ground30,
SATranslation/system/SANDBOARD.PVM,sb_ground31,
SATranslation/system/SANDBOARD.PVM,sb_ground32,
SATranslation/system/SANDBOARD.PVM,sb_ground40,
SATranslation/system/SANDBOARD.PVM,sb_ground41,
SATranslation/system/SANDBOARD.PVM,sb_valley1a,
SATranslation/system/SANDBOARD.PVM,sb_valley1b,
SATranslation/system/SANDBOARD.PVM,sb_valley2a,
SATranslation/system/SANDBOARD.PVM,sb_valley2b,
SATranslation/system/SANDBOARD.PVM,sb_valley3a,
SATranslation/system/SANDBOARD.PVM,sb_valley3b,
SATranslation/system/SANDBOARD.PVM,sb_wall06,
SATranslation/system/SANDBOARD.PVM,sb_wall09,
SATranslation/system/SANDBOARD.PVM,sb_wall11,
SATranslation/system/SANDBOARD.PVM,sb_wall12,
SATranslation/system/SANDBOARD.PVM,sb_wall13,
SATranslation/system/SANDBOARD.PVM,sb_wall14,
SATranslation/system/SANDBOARD.PVM,sb_wall16,
SATranslation/system/SANDBOARD.PVM,sb_wall18,
SATranslation/system/SANDBOARD.PVM,sb_wall37,
SATranslation/system/SANDBOARD.PVM,sb_wall38,
SATranslation/system/SANDBOARD.PVM,sb_wall40,
SATranslation/system/SANDBOARD.PVM,sb_wall42,
SATranslation/system/SANDBOARD.PVM,sb_wall44,
SATranslation/system/SANDBOARD.PVM,sb_wall45,
SATranslation/system/SANDBOARD.PVM,sb_wall47,
SATranslation/system/SANDBOARD.PVM,sb_wall48,
SATranslation/system/SANDBOARD.PVM,sb_wall50,
SATranslation/system/SANDBOARD.PVM,sb_wall51,
SATranslation/system/SANDBOARD.PVM,sb_wall52,
SATranslation/system/SANDBOARD.PVM,sb_walle,
SATranslation/system/SANDBOARD.PVM,sdmt,
SATranslation/system/SANDBOARD.PVM,sdmtb,
SATranslation/system/SANDBOARD.PVM,sdmtc,
SATranslation/system/SANDBOARD.PVM,sdmtd,
SATranslation/system/SANDBOARD.PVM,sdmtf,
SATranslation/system/SANDBOARD.PVM,sdmtg,
SATranslation/system/SANDBOARD.PVM,sdmtj,
SATranslation/system/SANDBOARD.PVM,sb_ground21,
SATranslation/system/SCORE_ACT.PVM,action_0,
SATranslation/system/SCORE_ACT.PVM,action_1,
SATranslation/system/SCORE_ACT.PVM,action_2,
SATranslation/system/SCORE_ACT.PVM,action_3,
SATranslation/system/SCORE_ACT.PVM,action_4,
SATranslation/system/SCORE_ACT.PVM,action_5,
SATranslation/system/SCORE_ACT.PVM,action_10,
SATranslation/system/SCORE_ACT_E.PVM,action_0,
SATranslation/system/SCORE_ACT_E.PVM,action_1,
SATranslation/system/SCORE_ACT_E.PVM,action_2,
SATranslation/system/SCORE_ACT_E.PVM,action_3,
SATranslation/system/SCORE_ACT_E.PVM,action_4,
SATranslation/system/SCORE_ACT_E.PVM,action_5,
SATranslation/system/SCORE_ACT_E.PVM,action_10,
SATranslation/system/SCORE_BACK.PVM,score_back,
SATranslation/system/SCORE_BACK.PVM,score_back0_New,
SATranslation/system/SCORE_BACK.PVM,score_back1,
SATranslation/system/SCORE_BACK.PVM,score_ring,
SATranslation/system/SCORE_BOARD.PVM,action_10,
SATranslation/system/SCORE_BOARD.PVM,action_3,
SATranslation/system/SCORE_BOARD.PVM,action_4,
SATranslation/system/SCORE_BOARD.PVM,action_5,
SATranslation/system/SCORE_BOARD_E.PVM,action_10,
SATranslation/system/SCORE_BOARD_E.PVM,action_3,
SATranslation/system/SCORE_BOARD_E.PVM,action_4,
SATranslation/system/SCORE_BOARD_E.PVM,action_5,
SATranslation/system/SCORE_BOSS.PVM,boss_0,
SATranslation/system/SCORE_BOSS.PVM,boss_1,
SATranslation/system/SCORE_BOSS.PVM,boss_2,
SATranslation/system/SCORE_BOSS.PVM,boss_3,
SATranslation/system/SCORE_BOSS.PVM,boss_4,
SATranslation/system/SCORE_BOSS.PVM,boss+_0,
SATranslation/system/SCORE_BOSS.PVM,boss+_1,
SATranslation/system/SCORE_BOSS.PVM,boss+_2,
SATranslation/system/SCORE_BOSS.PVM,boss+_3,
SATranslation/system/SCORE_BOSS.PVM,boss+_4,
SATranslation/system/SCORE_BOSS.PVM,action_15,
SATranslation/system/SCORE_BOSS_E.PVM,boss_0,
SATranslation/system/SCORE_BOSS_E.PVM,boss_1,
SATranslation/system/SCORE_BOSS_E.PVM,boss_2,
SATranslation/system/SCORE_BOSS_E.PVM,boss_3,
SATranslation/system/SCORE_BOSS_E.PVM,boss_4,
SATranslation/system/SCORE_BOSS_E.PVM,boss__0,
SATranslation/system/SCORE_BOSS_E.PVM,boss__1,
SATranslation/system/SCORE_BOSS_E.PVM,boss__2,
SATranslation/system/SCORE_BOSS_E.PVM,boss__3,
SATranslation/system/SCORE_BOSS_E.PVM,boss__4,
SATranslation/system/SCORE_BOSS_E.PVM,action_15,
SATranslation/system/SCORE_CART.PVM,minigame_6,
SATranslation/system/SCORE_CART.PVM,minigame_7,
SATranslation/system/SCORE_CART.PVM,minigame_8,
SATranslation/system/SCORE_CART.PVM,action_15,
SATranslation/system/SCORE_CART_E.PVM,minigame_6,
SATranslation/system/SCORE_CART_E.PVM,minigame_7,
SATranslation/system/SCORE_CART_E.PVM,minigame_8,
SATranslation/system/SCORE_CART_E.PVM,action_15,
SATranslation/system/SCORE_MOLE.PVM,minigame_1,
SATranslation/system/SCORE_MOLE.PVM,minigame_2,
SATranslation/system/SCORE_MOLE.PVM,minigame_3,
SATranslation/system/SCORE_MOLE.PVM,action_5,
SATranslation/system/SCORE_MOLE_E.PVM,minigame_1,
SATranslation/system/SCORE_MOLE_E.PVM,minigame_2,
SATranslation/system/SCORE_MOLE_E.PVM,minigame_3,
SATranslation/system/SCORE_MOLE_E.PVM,action_5,
SATranslation/system/SCORE_RESULT.PVM,action_13,
SATranslation/system/SCORE_RESULT.PVM,action_7,
SATranslation/system/SCORE_RESULT.PVM,action_8,
SATranslation/system/SCORE_RESULT.PVM,action_9,
SATranslation/system/SCORE_RESULT.PVM,action_12,
SATranslation/system/SCORE_RESULT.PVM,action_11,
SATranslation/system/SCORE_RESULT_E.PVM,action_6,
SATranslation/system/SCORE_RESULT_E.PVM,action_7,
SATranslation/system/SCORE_RESULT_E.PVM,action_8,
SATranslation/system/SCORE_RESULT_E.PVM,action_9,
SATranslation/system/SCORE_RESULT_E.PVM,action_12,
SATranslation/system/SCORE_RESULT_E.PVM,action_11,
SATranslation/system/SCORE_SHOOT.PVM,action_2,
SATranslation/system/SCORE_SHOOT.PVM,minigame_0,
SATranslation/system/SCORE_SHOOT.PVM,action_16,
SATranslation/system/SCORE_SHOOT_E.PVM,action_2,
SATranslation/system/SCORE_SHOOT_E.PVM,minigame_0,
SATranslation/system/SCORE_SHOOT_E.PVM,action_16,
SATranslation/system/SEA_BASS.PVM,f_sbo1,
SATranslation/system/SEA_BASS.PVM,f_sake05,
SATranslation/system/SEA_BASS.PVM,f_sb04,
SATranslation/system/SEA_BASS.PVM,f_sb02,
SATranslation/system/SEA_BASS.PVM,f_sb05,
SATranslation/system/SEA_BASS.PVM,bb_kuchi,
SATranslation/system/SEA_BASS.PVM,f_sb03,
SATranslation/system/SEGALOGO.PVM,segalogo0,
SATranslation/system/SEGALOGO.PVM,segalogo1,
SATranslation/system/SEGALOGO.PVM,segalogo2,
SATranslation/system/SEGALOGO.PVM,segalogo3,
SATranslation/system/SEGALOGO.PVM,segalogo4,
SATranslation/system/SEGALOGO.PVM,segalogo5,
SATranslation/system/SEGALOGO.PVM,mwlogo0,
SATranslation/system/SEGALOGO.PVM,mwlogo1,
SATranslation/system/SEGALOGO.PVM,mwlogo2,
SATranslation/system/SEGALOGO.PVM,mwlogo3,
SATranslation/system/SEGALOGO.PVM,mwlogo4,
SATranslation/system/SEGALOGO.PVM,mwlogo5,
SATranslation/system/SEGALOGO.PVM,stlogo0,
SATranslation/system/SEGALOGO.PVM,stlogo1,
SATranslation/system/SEGALOGO.PVM,stlogo2,
SATranslation/system/SEGALOGO.PVM,stlogo3,
SATranslation/system/SEGALOGO.PVM,stlogo4,
SATranslation/system/SEGALOGO.PVM,stlogo5,
SATranslation/system/SEGALOGO_E.PVM,segalogo0,
SATranslation/system/SEGALOGO_E.PVM,segalogo1,
SATranslation/system/SEGALOGO_E.PVM,segalogo2,
SATranslation/system/SEGALOGO_E.PVM,segalogo3,
SATranslation/system/SEGALOGO_E.PVM,segalogo4,
SATranslation/system/SEGALOGO_E.PVM,segalogo5,
SATranslation/system/SEGALOGO_E.PVM,mwlogo0,
SATranslation/system/SEGALOGO_E.PVM,mwlogo1,
SATranslation/system/SEGALOGO_E.PVM,mwlogo2,
SATranslation/system/SEGALOGO_E.PVM,mwlogo3,
SATranslation/system/SEGALOGO_E.PVM,mwlogo4,
SATranslation/system/SEGALOGO_E.PVM,mwlogo5,
SATranslation/system/SEGALOGO_E.PVM,stlogo0,
SATranslation/system/SEGALOGO_E.PVM,stlogo1,
SATranslation/system/SEGALOGO_E.PVM,stlogo2,
SATranslation/system/SEGALOGO_E.PVM,stlogo3,
SATranslation/system/SEGALOGO_E.PVM,stlogo4,
SATranslation/system/SEGALOGO_E.PVM,stlogo5,
SATranslation/system/SHAPE_FROG.PVM,kaeru01,
SATranslation/system/SHAPE_FROG.PVM,kaeru03,
SATranslation/system/SHAPE_FROG.PVM,kaeru04,
SATranslation/system/SHAPE_FROG.PVM,kaeru05,
SATranslation/system/SHAPE_FROG.PVM,kaeru06,
SATranslation/system/SHAPE_FROG.PVM,kaeru07,
SATranslation/system/SHAPE_FROG.PVM,kaeru08,
SATranslation/system/SHAPE_FROG.PVM,kaeru09,
SATranslation/system/SHAPE_FROG_2.PVM,kaeru03,
SATranslation/system/SHAPE_FROG_2.PVM,kaeru01,
SATranslation/system/SHAPE_FROG_2.PVM,kaeru04,
SATranslation/system/SHAPE_FROG_2.PVM,kaeru05,
SATranslation/system/SHAPE_FROG_2.PVM,kaeru06,
SATranslation/system/SHAPE_FROG_2.PVM,kaeru07,
SATranslation/system/SHAPE_FROG_2.PVM,kaeru08,
SATranslation/system/SHAPE_FROG_2.PVM,kaeru09,
SATranslation/system/SHELTER_COLUMN.PVM,d64_column01,
SATranslation/system/SHELTER_COLUMN.PVM,d64_column02,
SATranslation/system/SHELTER_COLUMN.PVM,d64_column03,
SATranslation/system/SHELTER_COLUMN.PVM,d64_column04,
SATranslation/system/SHELTER_COLUMN.PVM,d64_column05,
SATranslation/system/SHELTER_SUIMEN.PVM,hot_wt00,
SATranslation/system/SHELTER_SUIMEN.PVM,hot_wt01,
SATranslation/system/SHELTER_SUIMEN.PVM,hot_wt02,
SATranslation/system/SHELTER_SUIMEN.PVM,hot_wt03,
SATranslation/system/SHELTER_SUIMEN.PVM,hot_wt04,
SATranslation/system/SHELTER_SUIMEN.PVM,hot_wt05,
SATranslation/system/SHELTER_SUIMEN.PVM,hot_wt06,
SATranslation/system/SHELTER_SUIMEN.PVM,hot_wt07,
SATranslation/system/SHELTER_SUIMEN.PVM,hot_wt08,
SATranslation/system/SHELTER_SUIMEN.PVM,hot_wt09,
SATranslation/system/SHELTER_SUIMEN.PVM,hot_wt10,
SATranslation/system/SHELTER_SUIMEN.PVM,hot_wt11,
SATranslation/system/SHELTER_SUIMEN.PVM,hot_wt12,
SATranslation/system/SHELTER_SUIMEN.PVM,hot_wt13,
SATranslation/system/SHOOTING0.PVM,bamper,
SATranslation/system/SHOOTING0.PVM,black,
SATranslation/system/SHOOTING0.PVM,body1,
SATranslation/system/SHOOTING0.PVM,canopy_rep,
SATranslation/system/SHOOTING0.PVM,canoside,
SATranslation/system/SHOOTING0.PVM,console,
SATranslation/system/SHOOTING0.PVM,eca_s_banal,
SATranslation/system/SHOOTING0.PVM,eca_s_banb,
SATranslation/system/SHOOTING0.PVM,eca_s_bwa,
SATranslation/system/SHOOTING0.PVM,eca_s_bwb,
SATranslation/system/SHOOTING0.PVM,eca_s_drill,
SATranslation/system/SHOOTING0.PVM,eca_s_gra,
SATranslation/system/SHOOTING0.PVM,eca_s_gre,
SATranslation/system/SHOOTING0.PVM,eca_s_gry,
SATranslation/system/SHOOTING0.PVM,eca_s_kikb,
SATranslation/system/SHOOTING0.PVM,eca_s_sitya,
SATranslation/system/SHOOTING0.PVM,eca_s_whta,
SATranslation/system/SHOOTING0.PVM,eca_s_wood,
SATranslation/system/SHOOTING0.PVM,ecf_funa,
SATranslation/system/SHOOTING0.PVM,ecf_s_aka,
SATranslation/system/SHOOTING0.PVM,ecf_s_egga,
SATranslation/system/SHOOTING0.PVM,ecf_s_eggb,
SATranslation/system/SHOOTING0.PVM,ecf_s_gla,
SATranslation/system/SHOOTING0.PVM,ecf_s_glb,
SATranslation/system/SHOOTING0.PVM,ecf_s_glc,
SATranslation/system/SHOOTING0.PVM,ecf_s_gld,
SATranslation/system/SHOOTING0.PVM,ecf_s_gle,
SATranslation/system/SHOOTING0.PVM,ecf_s_glf,
SATranslation/system/SHOOTING0.PVM,ecf_s_glg,
SATranslation/system/SHOOTING0.PVM,ecf_s_glh,
SATranslation/system/SHOOTING0.PVM,ecf_s_gra,
SATranslation/system/SHOOTING0.PVM,ecf_s_gya,
SATranslation/system/SHOOTING0.PVM,ecf_s_inta,
SATranslation/system/SHOOTING0.PVM,ecf_s_intb,
SATranslation/system/SHOOTING0.PVM,ecf_s_kana,
SATranslation/system/SHOOTING0.PVM,ecf_s_kia,
SATranslation/system/SHOOTING0.PVM,ecf_s_kib,
SATranslation/system/SHOOTING0.PVM,ecf_s_kic,
SATranslation/system/SHOOTING0.PVM,ecf_s_kid,
SATranslation/system/SHOOTING0.PVM,ecf_s_wina,
SATranslation/system/SHOOTING0.PVM,ecf_s_yuka,
SATranslation/system/SHOOTING0.PVM,ec_128s_shadow,
SATranslation/system/SHOOTING0.PVM,edb_o_kankyo4,
SATranslation/system/SHOOTING0.PVM,edb_o_nori05,
SATranslation/system/SHOOTING0.PVM,edc_f_kan,
SATranslation/system/SHOOTING0.PVM,edc_k_jroka,
SATranslation/system/SHOOTING0.PVM,edc_n_osoujim,
SATranslation/system/SHOOTING0.PVM,edc_n_tank3,
SATranslation/system/SHOOTING0.PVM,edc_n_uturi,
SATranslation/system/SHOOTING0.PVM,edv_f_body,
SATranslation/system/SHOOTING0.PVM,edv_f_bolt,
SATranslation/system/SHOOTING0.PVM,edv_f_chest,
SATranslation/system/SHOOTING0.PVM,edv_f_chestb,
SATranslation/system/SHOOTING0.PVM,edv_f_funsha,
SATranslation/system/SHOOTING0.PVM,edv_f_gaku,
SATranslation/system/SHOOTING0.PVM,edv_f_gamen,
SATranslation/system/SHOOTING0.PVM,edv_f_hanec,
SATranslation/system/SHOOTING0.PVM,edv_f_isu,
SATranslation/system/SHOOTING0.PVM,edv_f_isub,
SATranslation/system/SHOOTING0.PVM,edv_f_isuc,
SATranslation/system/SHOOTING0.PVM,edv_f_kabe,
SATranslation/system/SHOOTING0.PVM,edv_f_kadouh,
SATranslation/system/SHOOTING0.PVM,edv_f_kadoui,
SATranslation/system/SHOOTING0.PVM,edv_f_kadouk,
SATranslation/system/SHOOTING0.PVM,edv_f_kaiga,
SATranslation/system/SHOOTING0.PVM,edv_f_nuno,
SATranslation/system/SHOOTING0.PVM,edv_f_rei,
SATranslation/system/SHOOTING0.PVM,edv_f_reib,
SATranslation/system/SHOOTING0.PVM,edv_f_reic,
SATranslation/system/SHOOTING0.PVM,edv_f_reid,
SATranslation/system/SHOOTING0.PVM,edv_f_reie,
SATranslation/system/SHOOTING0.PVM,edv_f_sentan,
SATranslation/system/SHOOTING0.PVM,edv_f_smogb,
SATranslation/system/SHOOTING0.PVM,edv_f_smogen,
SATranslation/system/SHOOTING0.PVM,edv_f_sofa,
SATranslation/system/SHOOTING0.PVM,edv_f_sofab,
SATranslation/system/SHOOTING0.PVM,edv_f_soko,
SATranslation/system/SHOOTING0.PVM,edv_f_tana,
SATranslation/system/SHOOTING0.PVM,edv_f_tanab,
SATranslation/system/SHOOTING0.PVM,edv_f_tanac,
SATranslation/system/SHOOTING0.PVM,edv_f_tanad,
SATranslation/system/SHOOTING0.PVM,edv_f_te,
SATranslation/system/SHOOTING0.PVM,edv_f_tubo,
SATranslation/system/SHOOTING0.PVM,edv_f_tubob,
SATranslation/system/SHOOTING0.PVM,edv_f_tv,
SATranslation/system/SHOOTING0.PVM,edv_f_tvb,
SATranslation/system/SHOOTING0.PVM,edv_f_tvc,
SATranslation/system/SHOOTING0.PVM,edv_f_tvd,
SATranslation/system/SHOOTING0.PVM,edv_f_tve,
SATranslation/system/SHOOTING0.PVM,edv_f_tvura,
SATranslation/system/SHOOTING0.PVM,edv_f_tvyokob,
SATranslation/system/SHOOTING0.PVM,edv_f_zenmen,
SATranslation/system/SHOOTING0.PVM,edv_k_hliftuturi,
SATranslation/system/SHOOTING0.PVM,edv_n_yuka03,
SATranslation/system/SHOOTING0.PVM,engine0,
SATranslation/system/SHOOTING0.PVM,era_s_a,
SATranslation/system/SHOOTING0.PVM,era_s_enmd,
SATranslation/system/SHOOTING0.PVM,era_s_enus,
SATranslation/system/SHOOTING0.PVM,era_s_gola,
SATranslation/system/SHOOTING0.PVM,era_s_guna,
SATranslation/system/SHOOTING0.PVM,era_s_inta,
SATranslation/system/SHOOTING0.PVM,era_s_intc,
SATranslation/system/SHOOTING0.PVM,era_s_knpb,
SATranslation/system/SHOOTING0.PVM,era_s_oka,
SATranslation/system/SHOOTING0.PVM,era_s_okb,
SATranslation/system/SHOOTING0.PVM,era_s_oke,
SATranslation/system/SHOOTING0.PVM,eye,
SATranslation/system/SHOOTING0.PVM,flap0,
SATranslation/system/SHOOTING0.PVM,flap1,
SATranslation/system/SHOOTING0.PVM,gray,
SATranslation/system/SHOOTING0.PVM,gun0,
SATranslation/system/SHOOTING0.PVM,gunbody0,
SATranslation/system/SHOOTING0.PVM,gunscope,
SATranslation/system/SHOOTING0.PVM,intake0,
SATranslation/system/SHOOTING0.PVM,kuti,
SATranslation/system/SHOOTING0.PVM,mis_body0,
SATranslation/system/SHOOTING0.PVM,mis_body2,
SATranslation/system/SHOOTING0.PVM,rear,
SATranslation/system/SHOOTING0.PVM,seat0,
SATranslation/system/SHOOTING0.PVM,sky_ref,
SATranslation/system/SHOOTING0.PVM,stg_s_bkfirec,
SATranslation/system/SHOOTING0.PVM,stg_s_bkfired,
SATranslation/system/SHOOTING0.PVM,stg_s_tama,
SATranslation/system/SHOOTING0.PVM,stg_s_tamab,
SATranslation/system/SHOOTING0.PVM,stg_s_tamar,
SATranslation/system/SHOOTING0.PVM,stg_s_tamarb,
SATranslation/system/SHOOTING0.PVM,s_body1,
SATranslation/system/SHOOTING0.PVM,s_canopy_rep,
SATranslation/system/SHOOTING0.PVM,s_canoside,
SATranslation/system/SHOOTING0.PVM,s_engine0,
SATranslation/system/SHOOTING0.PVM,s_eye,
SATranslation/system/SHOOTING0.PVM,s_flap0,
SATranslation/system/SHOOTING0.PVM,s_flap1,
SATranslation/system/SHOOTING0.PVM,s_gray,
SATranslation/system/SHOOTING0.PVM,s_intake0,
SATranslation/system/SHOOTING0.PVM,s_rear,
SATranslation/system/SHOOTING0.PVM,s_sky_ref,
SATranslation/system/SHOOTING0.PVM,s_sky_refb,
SATranslation/system/SHOOTING0.PVM,s_wing0,
SATranslation/system/SHOOTING0.PVM,s_wing1,
SATranslation/system/SHOOTING0.PVM,wing0,
SATranslation/system/SHOOTING0.PVM,wing1,
SATranslation/system/SHOOTING0.PVM,winglamp,
SATranslation/system/SHOOTING0.PVM,eca_s_gold,
SATranslation/system/SHOOTING0.PVM,ste_beam,
SATranslation/system/SHOOTING0.PVM,ste_beam2,
SATranslation/system/SHOOTING0.PVM,ste_beam3,
SATranslation/system/SHOOTING0.PVM,ste_light,
SATranslation/system/SHOOTING0.PVM,stg_s_tamat,
SATranslation/system/SHOOTING0.PVM,stg_s_tamatb,
SATranslation/system/SHOOTING0.PVM,st_032s_kankyo,
SATranslation/system/SHOOTING0.PVM,st_016s_hpbar,
SATranslation/system/SHOOTING0.PVM,st_128s_hpgeji,
SATranslation/system/SHOOTING1.PVM,eca_s_banal,
SATranslation/system/SHOOTING1.PVM,eca_s_banb,
SATranslation/system/SHOOTING1.PVM,eca_s_bwa,
SATranslation/system/SHOOTING1.PVM,eca_s_gold,
SATranslation/system/SHOOTING1.PVM,ecf_funa,
SATranslation/system/SHOOTING1.PVM,edc_k_juturi2,
SATranslation/system/SHOOTING1.PVM,edc_n_tank6,
SATranslation/system/SHOOTING1.PVM,edc_n_tobirah,
SATranslation/system/SHOOTING1.PVM,edc_n_uturi,
SATranslation/system/SHOOTING1.PVM,edv_f_zenmenb,
SATranslation/system/SHOOTING1.PVM,edv_k_more,
SATranslation/system/SHOOTING1.PVM,edv_n_yuka12,
SATranslation/system/SHOOTING1.PVM,era_s_intc,
SATranslation/system/SHOOTING1.PVM,ste_beam,
SATranslation/system/SHOOTING1.PVM,ste_beam3,
SATranslation/system/SHOOTING1.PVM,ste_light,
SATranslation/system/SHOOTING1.PVM,stg_s_bkfire,
SATranslation/system/SHOOTING1.PVM,stg_s_bkfireb,
SATranslation/system/SHOOTING1.PVM,stsc_s_haresky,
SATranslation/system/SHOOTING1.PVM,stsc_s_hareskyb,
SATranslation/system/SHOOTING1.PVM,stsc_s_hareskyc,
SATranslation/system/SHOOTING1.PVM,stsc_s_hareskyd,
SATranslation/system/SHOOTING1.PVM,stsc_s_hrcla,
SATranslation/system/SHOOTING1.PVM,stsc_s_hrclb,
SATranslation/system/SHOOTING1.PVM,stsc_s_hrclc,
SATranslation/system/SHOOTING1.PVM,stx_kanagu,
SATranslation/system/SHOOTING1.PVM,stx_kutusoko0,
SATranslation/system/SHOOTING1.PVM,stx_kutusoko1,
SATranslation/system/SHOOTING1.PVM,stx_shoose4,
SATranslation/system/SHOOTING1.PVM,stx_shoose6,
SATranslation/system/SHOOTING1.PVM,s_eca_s_gold,
SATranslation/system/SHOOTING1.PVM,s_edc_k_monuturi,
SATranslation/system/SHOOTING1.PVM,s_edc_n_bor,
SATranslation/system/SHOOTING1.PVM,s_edc_n_garasu,
SATranslation/system/SHOOTING1.PVM,s_edc_n_tobirah,
SATranslation/system/SHOOTING1.PVM,s_edc_n_uturi,
SATranslation/system/SHOOTING1.PVM,s_edv_k_more,
SATranslation/system/SHOOTING1.PVM,s_soneye,
SATranslation/system/SHOOTING1.PVM,s_t1_asi,
SATranslation/system/SHOOTING1.PVM,s_t1_body_ga,
SATranslation/system/SHOOTING1.PVM,s_t1_body_gb,
SATranslation/system/SHOOTING1.PVM,s_t1_body_gc,
SATranslation/system/SHOOTING1.PVM,s_t1_body_gd,
SATranslation/system/SHOOTING1.PVM,s_t1_body_mk,
SATranslation/system/SHOOTING1.PVM,s_t1_body_mksl,
SATranslation/system/SHOOTING1.PVM,s_t1_body_mksr,
SATranslation/system/SHOOTING1.PVM,s_t1_body_r,
SATranslation/system/SHOOTING1.PVM,s_t1_body_rc,
SATranslation/system/SHOOTING1.PVM,s_t1_body_rf,
SATranslation/system/SHOOTING1.PVM,s_t1_body_rg,
SATranslation/system/SHOOTING1.PVM,s_t1_body_rh,
SATranslation/system/SHOOTING1.PVM,s_t1_body_ri,
SATranslation/system/SHOOTING1.PVM,s_t1_cano,
SATranslation/system/SHOOTING1.PVM,s_t1_engine,
SATranslation/system/SHOOTING1.PVM,s_t1_eye2,
SATranslation/system/SHOOTING1.PVM,s_t1_heada,
SATranslation/system/SHOOTING1.PVM,s_t1_headb,
SATranslation/system/SHOOTING1.PVM,s_t1_headc,
SATranslation/system/SHOOTING1.PVM,s_t1_headd,
SATranslation/system/SHOOTING1.PVM,s_t1_heade,
SATranslation/system/SHOOTING1.PVM,s_t1_hoho,
SATranslation/system/SHOOTING1.PVM,s_t1_jet,
SATranslation/system/SHOOTING1.PVM,s_t1_kyaku,
SATranslation/system/SHOOTING1.PVM,s_t1_line00,
SATranslation/system/SHOOTING1.PVM,s_t1_line02,
SATranslation/system/SHOOTING1.PVM,s_t1_m_eye,
SATranslation/system/SHOOTING1.PVM,s_t1_m_mune,
SATranslation/system/SHOOTING1.PVM,s_t1_pera,
SATranslation/system/SHOOTING1.PVM,s_t1_sityu,
SATranslation/system/SHOOTING1.PVM,s_t1_spin,
SATranslation/system/SHOOTING1.PVM,s_t1_swinga,
SATranslation/system/SHOOTING1.PVM,s_t1_swingb,
SATranslation/system/SHOOTING1.PVM,s_t1_wheel,
SATranslation/system/SHOOTING1.PVM,s_t1_winga,
SATranslation/system/SHOOTING1.PVM,s_t1_wingc,
SATranslation/system/SHOOTING1.PVM,s_tileye,
SATranslation/system/SHOOTING1.PVM,s_tr_sonblue,
SATranslation/system/SHOOTING1.PVM,s_tr_sonkuro,
SATranslation/system/SHOOTING1.PVM,s_tr_sonmimi,
SATranslation/system/SHOOTING1.PVM,s_tr_sonred,
SATranslation/system/SHOOTING1.PVM,s_tr_sonskin,
SATranslation/system/SHOOTING1.PVM,s_tr_sonsoko,
SATranslation/system/SHOOTING1.PVM,s_tr_sonwhite,
SATranslation/system/SHOOTING1.PVM,s_tr_tailmimi,
SATranslation/system/SHOOTING1.PVM,s_tr_tailorge,
SATranslation/system/SHOOTING1.PVM,mtx_body01,
SATranslation/system/SHOOTING1.PVM,mtx_eye,
SATranslation/system/SHOOTING1.PVM,mtx_hand01,
SATranslation/system/SHOOTING1.PVM,mtx_head01,
SATranslation/system/SHOOTING1.PVM,mtx_white,
SATranslation/system/SHOOTING1.PVM,s_anakage1,
SATranslation/system/SHOOTING1.PVM,s_hando2,
SATranslation/system/SHOOTING1.PVM,s_hando3,
SATranslation/system/SHOOTING1.PVM,s_testhand,
SATranslation/system/SHOOTING1.PVM,stx_btest1,
SATranslation/system/SHOOTING1.PVM,stx_eye2,
SATranslation/system/SHOOTING1.PVM,stx_hara,
SATranslation/system/SHOOTING1.PVM,stx_hoho,
SATranslation/system/SHOOTING1.PVM,ym_sjppse,
SATranslation/system/SHOOTING2.PVM,asi,
SATranslation/system/SHOOTING2.PVM,asi_b,
SATranslation/system/SHOOTING2.PVM,ecsc_s_cla,
SATranslation/system/SHOOTING2.PVM,ecsc_s_clb,
SATranslation/system/SHOOTING2.PVM,ecsc_s_clc,
SATranslation/system/SHOOTING2.PVM,foot_c,
SATranslation/system/SHOOTING2.PVM,hanyo_g,DE
SATranslation/system/SHOOTING2.PVM,kuti_a,
SATranslation/system/SHOOTING2.PVM,kuti_c,
SATranslation/system/SHOOTING2.PVM,stg_s_bkfire,
SATranslation/system/SHOOTING2.PVM,stg_s_bkfireb,
SATranslation/system/SHOOTING2.PVM,stg_s_bkfirec,
SATranslation/system/SHOOTING2.PVM,stg_s_bkfired,
SATranslation/system/SHOOTING2.PVM,stx_btest1,
SATranslation/system/SHOOTING2.PVM,stx_kanagu,
SATranslation/system/SHOOTING2.PVM,stx_kutusoko0,
SATranslation/system/SHOOTING2.PVM,stx_kutusoko1,
SATranslation/system/SHOOTING2.PVM,stx_shoose4,
SATranslation/system/SHOOTING2.PVM,stx_shoose6,
SATranslation/system/SHOOTING2.PVM,s_edc_n_bor,
SATranslation/system/SHOOTING2.PVM,s_soneye,
SATranslation/system/SHOOTING2.PVM,s_t1_engine,
SATranslation/system/SHOOTING2.PVM,s_t1_eye2,
SATranslation/system/SHOOTING2.PVM,s_t1_hoho,
SATranslation/system/SHOOTING2.PVM,s_t1_line00,
SATranslation/system/SHOOTING2.PVM,s_t1_line02,
SATranslation/system/SHOOTING2.PVM,s_t1_m_eye,
SATranslation/system/SHOOTING2.PVM,s_t1_m_mune,
SATranslation/system/SHOOTING2.PVM,s_t1_pera,
SATranslation/system/SHOOTING2.PVM,s_t1_swingb,
SATranslation/system/SHOOTING2.PVM,s_t2b_bodya,
SATranslation/system/SHOOTING2.PVM,s_t2b_bodyb,
SATranslation/system/SHOOTING2.PVM,s_t2b_bodyc,
SATranslation/system/SHOOTING2.PVM,s_t2b_jet,
SATranslation/system/SHOOTING2.PVM,s_t2b_sityu,
SATranslation/system/SHOOTING2.PVM,s_t2b_winga,
SATranslation/system/SHOOTING2.PVM,s_t2b_wingb,
SATranslation/system/SHOOTING2.PVM,s_t2b_wingc,
SATranslation/system/SHOOTING2.PVM,s_t2tf_cons,
SATranslation/system/SHOOTING2.PVM,s_t2tf_consb,
SATranslation/system/SHOOTING2.PVM,s_t2tf_consc,
SATranslation/system/SHOOTING2.PVM,s_t2tf_mca,
SATranslation/system/SHOOTING2.PVM,s_t2tf_mcb,
SATranslation/system/SHOOTING2.PVM,s_t2tf_mcc,
SATranslation/system/SHOOTING2.PVM,s_t2tf_mcd,
SATranslation/system/SHOOTING2.PVM,s_t2tf_mce,
SATranslation/system/SHOOTING2.PVM,s_t2tf_pera,
SATranslation/system/SHOOTING2.PVM,s_t2tf_winga,
SATranslation/system/SHOOTING2.PVM,s_t2tf_wingb,
SATranslation/system/SHOOTING2.PVM,s_t2tf_wingc,
SATranslation/system/SHOOTING2.PVM,s_t2tf_wingd,
SATranslation/system/SHOOTING2.PVM,s_t2_bodya,
SATranslation/system/SHOOTING2.PVM,s_t2_bodyb,
SATranslation/system/SHOOTING2.PVM,s_t2_bodyc,
SATranslation/system/SHOOTING2.PVM,s_t2_bodyd,
SATranslation/system/SHOOTING2.PVM,s_t2_bodye,
SATranslation/system/SHOOTING2.PVM,s_t2_bodyf,
SATranslation/system/SHOOTING2.PVM,s_t2_bodyg,
SATranslation/system/SHOOTING2.PVM,s_t2_cano,
SATranslation/system/SHOOTING2.PVM,s_t2_canob,
SATranslation/system/SHOOTING2.PVM,s_t2_heada,
SATranslation/system/SHOOTING2.PVM,s_t2_headb,
SATranslation/system/SHOOTING2.PVM,s_t2_headc,
SATranslation/system/SHOOTING2.PVM,s_t2_headd,
SATranslation/system/SHOOTING2.PVM,s_t2_heade,
SATranslation/system/SHOOTING2.PVM,s_t2_headf,
SATranslation/system/SHOOTING2.PVM,s_t2_jeta,
SATranslation/system/SHOOTING2.PVM,s_t2_jetb,
SATranslation/system/SHOOTING2.PVM,s_t2_jetc,
SATranslation/system/SHOOTING2.PVM,s_t2_jetd,
SATranslation/system/SHOOTING2.PVM,s_t2_mks,
SATranslation/system/SHOOTING2.PVM,s_t2_mkt,
SATranslation/system/SHOOTING2.PVM,s_t2_winga,
SATranslation/system/SHOOTING2.PVM,s_t2_wingb,
SATranslation/system/SHOOTING2.PVM,s_t2_wingc,
SATranslation/system/SHOOTING2.PVM,s_tileye,
SATranslation/system/SHOOTING2.PVM,s_tr_sonblue,
SATranslation/system/SHOOTING2.PVM,s_tr_sonkuro,
SATranslation/system/SHOOTING2.PVM,s_tr_sonmimi,
SATranslation/system/SHOOTING2.PVM,s_tr_sonred,
SATranslation/system/SHOOTING2.PVM,s_tr_sonskin,
SATranslation/system/SHOOTING2.PVM,s_tr_sonsoko,
SATranslation/system/SHOOTING2.PVM,s_tr_sonwhite,
SATranslation/system/SHOOTING2.PVM,s_tr_tailmimi,
SATranslation/system/SHOOTING2.PVM,s_tr_tailorge,
SATranslation/system/SHOOTING2.PVM,ecsc_s_bkcc,
SATranslation/system/SHOOTING2.PVM,ecsc_s_bkca,
SATranslation/system/SHOOTING2.PVM,ecsc_s_bkcb,
SATranslation/system/SHOOTING2.PVM,ecsc_s_bkcd,
SATranslation/system/SHOOTING2.PVM,mtx_body01,
SATranslation/system/SHOOTING2.PVM,mtx_eye,
SATranslation/system/SHOOTING2.PVM,mtx_hand01,
SATranslation/system/SHOOTING2.PVM,mtx_head01,
SATranslation/system/SHOOTING2.PVM,mtx_white,
SATranslation/system/SHOOTING2.PVM,s_anakage1,
SATranslation/system/SHOOTING2.PVM,s_hando2,
SATranslation/system/SHOOTING2.PVM,s_hando3,
SATranslation/system/SHOOTING2.PVM,s_t2_spin,
SATranslation/system/SHOOTING2.PVM,s_testhand,
SATranslation/system/SHOOTING2.PVM,stx_eye2,
SATranslation/system/SHOOTING2.PVM,stx_hara,
SATranslation/system/SHOOTING2.PVM,stx_hoho,
SATranslation/system/SHOOTING2.PVM,ym_sjppse,
SATranslation/system/SHOOTING2.PVM,arm_01,
SATranslation/system/SHOOTING2.PVM,arm_02,
SATranslation/system/SHOOTING2.PVM,arm_03,
SATranslation/system/SKYDECK01.PVM,b_hook_b,
SATranslation/system/SKYDECK01.PVM,b_liftue,
SATranslation/system/SKYDECK01.PVM,bamper,
SATranslation/system/SKYDECK01.PVM,body1,
SATranslation/system/SKYDECK01.PVM,canopy_rep,
SATranslation/system/SKYDECK01.PVM,canoside,
SATranslation/system/SKYDECK01.PVM,console,
SATranslation/system/SKYDECK01.PVM,danhuti,
SATranslation/system/SKYDECK01.PVM,eca_s_bwa,
SATranslation/system/SKYDECK01.PVM,eca_s_cona,
SATranslation/system/SKYDECK01.PVM,eca_s_gra,
SATranslation/system/SKYDECK01.PVM,eca_s_grb,
SATranslation/system/SKYDECK01.PVM,eca_s_grd,
SATranslation/system/SKYDECK01.PVM,eca_s_gre,
SATranslation/system/SKYDECK01.PVM,eca_s_gry,
SATranslation/system/SKYDECK01.PVM,eca_s_gya,
SATranslation/system/SKYDECK01.PVM,eca_s_gyaa,
SATranslation/system/SKYDECK01.PVM,eca_s_kikb,
SATranslation/system/SKYDECK01.PVM,eca_s_whta,
SATranslation/system/SKYDECK01.PVM,ecf_s_aka,
SATranslation/system/SKYDECK01.PVM,ecf_s_gla,
SATranslation/system/SKYDECK01.PVM,ecf_s_glc,
SATranslation/system/SKYDECK01.PVM,ecf_s_gld,
SATranslation/system/SKYDECK01.PVM,ecf_s_gle,
SATranslation/system/SKYDECK01.PVM,ecf_s_glf,
SATranslation/system/SKYDECK01.PVM,ecf_s_glg,
SATranslation/system/SKYDECK01.PVM,ecf_s_glh,
SATranslation/system/SKYDECK01.PVM,ecf_s_gra,
SATranslation/system/SKYDECK01.PVM,ecf_s_gya,
SATranslation/system/SKYDECK01.PVM,ecf_s_inta,
SATranslation/system/SKYDECK01.PVM,ecf_s_kana,
SATranslation/system/SKYDECK01.PVM,ecf_s_kic,
SATranslation/system/SKYDECK01.PVM,ecf_s_wina,
SATranslation/system/SKYDECK01.PVM,edc_f_wakib,
SATranslation/system/SKYDECK01.PVM,edc_k_jrokalight,
SATranslation/system/SKYDECK01.PVM,edc_n_hasi,
SATranslation/system/SKYDECK01.PVM,edc_n_kabe15,
SATranslation/system/SKYDECK01.PVM,edc_n_kabe4,
SATranslation/system/SKYDECK01.PVM,edc_n_tank10,
SATranslation/system/SKYDECK01.PVM,edc_n_tank9,
SATranslation/system/SKYDECK01.PVM,edv_n_kabe06,
SATranslation/system/SKYDECK01.PVM,engine0,
SATranslation/system/SKYDECK01.PVM,era_s_guna,
SATranslation/system/SKYDECK01.PVM,era_s_knpb,
SATranslation/system/SKYDECK01.PVM,era_s_okg,
SATranslation/system/SKYDECK01.PVM,eye,
SATranslation/system/SKYDECK01.PVM,flap0,
SATranslation/system/SKYDECK01.PVM,flap1,
SATranslation/system/SKYDECK01.PVM,gun0,
SATranslation/system/SKYDECK01.PVM,gunbody0,
SATranslation/system/SKYDECK01.PVM,gunscope,
SATranslation/system/SKYDECK01.PVM,intake0,
SATranslation/system/SKYDECK01.PVM,k_hkabe003,
SATranslation/system/SKYDECK01.PVM,k_hkabe004,
SATranslation/system/SKYDECK01.PVM,ken32_hd32,
SATranslation/system/SKYDECK01.PVM,ken32_lv06,
SATranslation/system/SKYDECK01.PVM,ken32_tm02,
SATranslation/system/SKYDECK01.PVM,ken64_hd02,
SATranslation/system/SKYDECK01.PVM,ken64_hd04,
SATranslation/system/SKYDECK01.PVM,ken64_hd22,
SATranslation/system/SKYDECK01.PVM,ken64_hd29,
SATranslation/system/SKYDECK01.PVM,ken64_ob02,
SATranslation/system/SKYDECK01.PVM,ken64_st03,
SATranslation/system/SKYDECK01.PVM,kuti,
SATranslation/system/SKYDECK01.PVM,mis_body0,
SATranslation/system/SKYDECK01.PVM,mis_body2,
SATranslation/system/SKYDECK01.PVM,rear,
SATranslation/system/SKYDECK01.PVM,sky_b_yuka,
SATranslation/system/SKYDECK01.PVM,sky_cr_isu32,
SATranslation/system/SKYDECK01.PVM,sky_crleder32,
SATranslation/system/SKYDECK01.PVM,sky_ref,
SATranslation/system/SKYDECK01.PVM,sky_t_efuti,
SATranslation/system/SKYDECK01.PVM,sky_t_ere,
SATranslation/system/SKYDECK01.PVM,sky_t_fensu2,
SATranslation/system/SKYDECK01.PVM,sky_t_knt2,
SATranslation/system/SKYDECK01.PVM,sky_tetualpha,
SATranslation/system/SKYDECK01.PVM,tkroom_tile,
SATranslation/system/SKYDECK01.PVM,wing0,
SATranslation/system/SKYDECK01.PVM,wing1,
SATranslation/system/SKYDECK01.PVM,era_s_enmd,
SATranslation/system/SKYDECK02.PVM,b_hook_b,
SATranslation/system/SKYDECK02.PVM,b_tk_b,
SATranslation/system/SKYDECK02.PVM,danhuti,
SATranslation/system/SKYDECK02.PVM,eca_s_bwa,
SATranslation/system/SKYDECK02.PVM,eca_s_bwb,
SATranslation/system/SKYDECK02.PVM,eca_s_drill,
SATranslation/system/SKYDECK02.PVM,eca_s_gra,
SATranslation/system/SKYDECK02.PVM,eca_s_grb,
SATranslation/system/SKYDECK02.PVM,eca_s_grd,
SATranslation/system/SKYDECK02.PVM,eca_s_gre,
SATranslation/system/SKYDECK02.PVM,eca_s_gry,
SATranslation/system/SKYDECK02.PVM,eca_s_gya,
SATranslation/system/SKYDECK02.PVM,eca_s_kikb,
SATranslation/system/SKYDECK02.PVM,eca_s_whib,
SATranslation/system/SKYDECK02.PVM,eca_s_whta,
SATranslation/system/SKYDECK02.PVM,ecf_funa,
SATranslation/system/SKYDECK02.PVM,ecf_s_aka,
SATranslation/system/SKYDECK02.PVM,ecf_s_gla,
SATranslation/system/SKYDECK02.PVM,ecf_s_glb,
SATranslation/system/SKYDECK02.PVM,ecf_s_glc,
SATranslation/system/SKYDECK02.PVM,ecf_s_gld,
SATranslation/system/SKYDECK02.PVM,ecf_s_glg,
SATranslation/system/SKYDECK02.PVM,ecf_s_glh,
SATranslation/system/SKYDECK02.PVM,ecf_s_inta,
SATranslation/system/SKYDECK02.PVM,ecf_s_kic,
SATranslation/system/SKYDECK02.PVM,ecf_s_kid,
SATranslation/system/SKYDECK02.PVM,ecf_s_wina,
SATranslation/system/SKYDECK02.PVM,edc_n_hasi,
SATranslation/system/SKYDECK02.PVM,edc_n_kabe15,
SATranslation/system/SKYDECK02.PVM,edc_n_kabe4,
SATranslation/system/SKYDECK02.PVM,edc_n_tank10,
SATranslation/system/SKYDECK02.PVM,edc_n_tank3,
SATranslation/system/SKYDECK02.PVM,edc_n_uturi,
SATranslation/system/SKYDECK02.PVM,era_s_enmd,
SATranslation/system/SKYDECK02.PVM,era_s_oka,
SATranslation/system/SKYDECK02.PVM,k_hkabe002,
SATranslation/system/SKYDECK02.PVM,k_hkabe003,
SATranslation/system/SKYDECK02.PVM,ken128_bk02,
SATranslation/system/SKYDECK02.PVM,ken128_bk03,
SATranslation/system/SKYDECK02.PVM,ken128_hd15,
SATranslation/system/SKYDECK02.PVM,ken32_bk04,
SATranslation/system/SKYDECK02.PVM,ken32_bk05,
SATranslation/system/SKYDECK02.PVM,ken32_bk06,
SATranslation/system/SKYDECK02.PVM,ken32_lv06,
SATranslation/system/SKYDECK02.PVM,ken32_tm02,
SATranslation/system/SKYDECK02.PVM,ken64_bk01,
SATranslation/system/SKYDECK02.PVM,ken64_bk04,
SATranslation/system/SKYDECK02.PVM,ken64_hd21,
SATranslation/system/SKYDECK02.PVM,ken64_hd22,
SATranslation/system/SKYDECK02.PVM,ken64_hd28,
SATranslation/system/SKYDECK02.PVM,ken64_ob02,
SATranslation/system/SKYDECK02.PVM,sky_b_yuka,
SATranslation/system/SKYDECK02.PVM,sky_cr_isu32,
SATranslation/system/SKYDECK02.PVM,sky_crleder32,
SATranslation/system/SKYDECK02.PVM,sky_t_efuti,
SATranslation/system/SKYDECK02.PVM,sky_t_fensu2,
SATranslation/system/SKYDECK02.PVM,sky_t_knt2,
SATranslation/system/SKYDECK02.PVM,sky_tlp,
SATranslation/system/SKYDECK02.PVM,era_s_guna,
SATranslation/system/SKYDECK03.PVM,b_hook_a,
SATranslation/system/SKYDECK03.PVM,b_hook_b,
SATranslation/system/SKYDECK03.PVM,b_liftue,
SATranslation/system/SKYDECK03.PVM,b_liftyoko,
SATranslation/system/SKYDECK03.PVM,b_tk_b,
SATranslation/system/SKYDECK03.PVM,console,
SATranslation/system/SKYDECK03.PVM,danhuti,
SATranslation/system/SKYDECK03.PVM,eca_s_gra,
SATranslation/system/SKYDECK03.PVM,eca_s_grb,
SATranslation/system/SKYDECK03.PVM,eca_s_grd,
SATranslation/system/SKYDECK03.PVM,eca_s_gre,
SATranslation/system/SKYDECK03.PVM,eca_s_gya,
SATranslation/system/SKYDECK03.PVM,eca_s_kikb,
SATranslation/system/SKYDECK03.PVM,eca_s_whta,
SATranslation/system/SKYDECK03.PVM,eca_s_wood,
SATranslation/system/SKYDECK03.PVM,ecf_funa,
SATranslation/system/SKYDECK03.PVM,ecf_s_aka,
SATranslation/system/SKYDECK03.PVM,ecf_s_gya,
SATranslation/system/SKYDECK03.PVM,ecf_s_inta,
SATranslation/system/SKYDECK03.PVM,ecf_s_kana,
SATranslation/system/SKYDECK03.PVM,edc_k_jkab002a,
SATranslation/system/SKYDECK03.PVM,edc_k_kabe8,
SATranslation/system/SKYDECK03.PVM,edc_n_bo,
SATranslation/system/SKYDECK03.PVM,edc_n_hasi,
SATranslation/system/SKYDECK03.PVM,edc_n_kabe12,
SATranslation/system/SKYDECK03.PVM,edc_n_kabe13,
SATranslation/system/SKYDECK03.PVM,edc_n_kabe15,
SATranslation/system/SKYDECK03.PVM,edc_n_kabe4,
SATranslation/system/SKYDECK03.PVM,edv_k_shimayuka09,
SATranslation/system/SKYDECK03.PVM,edv_n_kabe06,
SATranslation/system/SKYDECK03.PVM,edv_n_yuka03,
SATranslation/system/SKYDECK03.PVM,era_s_a,
SATranslation/system/SKYDECK03.PVM,era_s_cocc,
SATranslation/system/SKYDECK03.PVM,era_s_covh,
SATranslation/system/SKYDECK03.PVM,era_s_inta,
SATranslation/system/SKYDECK03.PVM,era_s_knpb,
SATranslation/system/SKYDECK03.PVM,era_s_okb,
SATranslation/system/SKYDECK03.PVM,era_s_okg,
SATranslation/system/SKYDECK03.PVM,gun0,
SATranslation/system/SKYDECK03.PVM,k_hkabe002,
SATranslation/system/SKYDECK03.PVM,k_hkabe003,
SATranslation/system/SKYDECK03.PVM,k_hkabe004,
SATranslation/system/SKYDECK03.PVM,ken32_hd32,
SATranslation/system/SKYDECK03.PVM,ken64_hd20,
SATranslation/system/SKYDECK03.PVM,ken64_st01,
SATranslation/system/SKYDECK03.PVM,ken64_st02,
SATranslation/system/SKYDECK03.PVM,ken64_st03,
SATranslation/system/SKYDECK03.PVM,ken64_st04,
SATranslation/system/SKYDECK03.PVM,ken64_st05,
SATranslation/system/SKYDECK03.PVM,ken64_tm01,
SATranslation/system/SKYDECK03.PVM,rear,
SATranslation/system/SKYDECK03.PVM,sky_b_ami,
SATranslation/system/SKYDECK03.PVM,sky_b_yuka,
SATranslation/system/SKYDECK03.PVM,sky_t_efuti,
SATranslation/system/SKYDECK03.PVM,sky_t_ere,
SATranslation/system/SKYDECK03.PVM,sky_t_fensu2,
SATranslation/system/SKYDECK03.PVM,sky_t_knt,
SATranslation/system/SKYDECK03.PVM,sky_t_knt2,
SATranslation/system/SKYDECK03.PVM,sky_tetualpha,
SATranslation/system/SKYDECK03.PVM,sky_tlp,
SATranslation/system/SKYDECK03.PVM,tkroom_tile,
SATranslation/system/SKYDECK03.PVM,era_s_enus,
SATranslation/system/SMRYBG_AMY.PVM,ji_amy_1,
SATranslation/system/SMRYBG_AMY.PVM,ji_amy_2,
SATranslation/system/SMRYBG_AMY.PVM,ji_amy_3,
SATranslation/system/SMRYBG_AMY.PVM,ji_amy_4,
SATranslation/system/SMRYBG_AMY.PVM,ji_amy_5,
SATranslation/system/SMRYBG_AMY.PVM,ji_amy_6,
SATranslation/system/SMRYBG_AMY.PVM,ji_amy_7,
SATranslation/system/SMRYBG_AMY.PVM,ji_amy_8,
SATranslation/system/SMRYBG_BIG.PVM,ji_big_1,
SATranslation/system/SMRYBG_BIG.PVM,ji_big_2,
SATranslation/system/SMRYBG_BIG.PVM,ji_big_3,
SATranslation/system/SMRYBG_BIG.PVM,ji_big_4,
SATranslation/system/SMRYBG_BIG.PVM,ji_big_5,
SATranslation/system/SMRYBG_BIG.PVM,ji_big_6,
SATranslation/system/SMRYBG_BIG.PVM,ji_big_7,
SATranslation/system/SMRYBG_BIG.PVM,ji_big_8,
SATranslation/system/SMRYBG_E102.PVM,ji_e102_1,
SATranslation/system/SMRYBG_E102.PVM,ji_e102_2,
SATranslation/system/SMRYBG_E102.PVM,ji_e102_3,
SATranslation/system/SMRYBG_E102.PVM,ji_e102_4,
SATranslation/system/SMRYBG_E102.PVM,ji_e102_5,
SATranslation/system/SMRYBG_E102.PVM,ji_e102_6,
SATranslation/system/SMRYBG_E102.PVM,ji_e102_7,
SATranslation/system/SMRYBG_E102.PVM,ji_e102_8,
SATranslation/system/SMRYBG_KNUCKLES.PVM,ji_knuckles_1,
SATranslation/system/SMRYBG_KNUCKLES.PVM,ji_knuckles_2,
SATranslation/system/SMRYBG_KNUCKLES.PVM,ji_knuckles_3,
SATranslation/system/SMRYBG_KNUCKLES.PVM,ji_knuckles_4,
SATranslation/system/SMRYBG_KNUCKLES.PVM,ji_knuckles_5,
SATranslation/system/SMRYBG_KNUCKLES.PVM,ji_knuckles_6,
SATranslation/system/SMRYBG_KNUCKLES.PVM,ji_knuckles_7,
SATranslation/system/SMRYBG_KNUCKLES.PVM,ji_knuckles_8,
SATranslation/system/SMRYBG_SONIC.PVM,ji_sonic_1,
SATranslation/system/SMRYBG_SONIC.PVM,ji_sonic_2,
SATranslation/system/SMRYBG_SONIC.PVM,ji_sonic_3,
SATranslation/system/SMRYBG_SONIC.PVM,ji_sonic_4,
SATranslation/system/SMRYBG_SONIC.PVM,ji_sonic_5,
SATranslation/system/SMRYBG_SONIC.PVM,ji_sonic_6,
SATranslation/system/SMRYBG_SONIC.PVM,ji_sonic_7,
SATranslation/system/SMRYBG_SONIC.PVM,ji_sonic_8,
SATranslation/system/SMRYBG_SUPERSONIC.PVM,ji_supersonic_1,
SATranslation/system/SMRYBG_SUPERSONIC.PVM,ji_supersonic_2,
SATranslation/system/SMRYBG_SUPERSONIC.PVM,ji_supersonic_3,
SATranslation/system/SMRYBG_SUPERSONIC.PVM,ji_supersonic_4,
SATranslation/system/SMRYBG_SUPERSONIC.PVM,ji_supersonic_5,
SATranslation/system/SMRYBG_SUPERSONIC.PVM,ji_supersonic_6,
SATranslation/system/SMRYBG_SUPERSONIC.PVM,ji_supersonic_7,
SATranslation/system/SMRYBG_SUPERSONIC.PVM,ji_supersonic_8,
SATranslation/system/SMRYBG_TAILS.PVM,ji_tails_1,
SATranslation/system/SMRYBG_TAILS.PVM,ji_tails_2,
SATranslation/system/SMRYBG_TAILS.PVM,ji_tails_3,
SATranslation/system/SMRYBG_TAILS.PVM,ji_tails_4,
SATranslation/system/SMRYBG_TAILS.PVM,ji_tails_5,
SATranslation/system/SMRYBG_TAILS.PVM,ji_tails_6,
SATranslation/system/SMRYBG_TAILS.PVM,ji_tails_7,
SATranslation/system/SMRYBG_TAILS.PVM,ji_tails_8,
SATranslation/system/SON_EFF.PVM,s_ball_a,
SATranslation/system/SON_EFF.PVM,s_ball_b,
SATranslation/system/SON_EFF.PVM,s_dash01,
SATranslation/system/SON_EFF.PVM,s_dash02,
SATranslation/system/SON_EFF.PVM,s_dash03,
SATranslation/system/SON_EFF.PVM,s_dash04,
SATranslation/system/SON_EFF.PVM,s_dash05,
SATranslation/system/SON_EFF.PVM,s_dash06,
SATranslation/system/SON_EFF.PVM,s_dash07,
SATranslation/system/SON_EFF.PVM,s_dash08,
SATranslation/system/SON_EFF.PVM,s_dash09,
SATranslation/system/SON_EFF.PVM,s_dash10,
SATranslation/system/SON_EFF.PVM,s_dash11,
SATranslation/system/SON_EFF.PVM,s_dash12,
SATranslation/system/SON_EFF.PVM,s_dash13,
SATranslation/system/SON_EFF.PVM,s_dash14,
SATranslation/system/SON_EFF.PVM,s_dash15,
SATranslation/system/SON_EFF.PVM,s_dash16,
SATranslation/system/SON_EFF.PVM,s_dash17,
SATranslation/system/SON_EFF.PVM,s_dash18,
SATranslation/system/SON_EFF.PVM,s_dash19,
SATranslation/system/SON_EFF.PVM,s_dash20,
SATranslation/system/SON_EFF.PVM,s_dash21,
SATranslation/system/SON_EFF.PVM,s_dash22,
SATranslation/system/SON_EFF.PVM,s_dash23,
SATranslation/system/SON_EFF.PVM,lcharge01,
SATranslation/system/SON_EFF.PVM,lcharge02,
SATranslation/system/SON_EFF.PVM,lcharge03,
SATranslation/system/SON_EFF.PVM,lcharge04,
SATranslation/system/SONIC.PVM,mtx_kuchinaka0,
SATranslation/system/SONIC.PVM,mtx_kuchinaka1,
SATranslation/system/SONIC.PVM,s_anakage1,
SATranslation/system/SONIC.PVM,s_hando2,
SATranslation/system/SONIC.PVM,s_hando3,
SATranslation/system/SONIC.PVM,s_testhand,
SATranslation/system/SONIC.PVM,stx_btest1,
SATranslation/system/SONIC.PVM,stx_eye2,
SATranslation/system/SONIC.PVM,stx_ha,
SATranslation/system/SONIC.PVM,stx_hara,
SATranslation/system/SONIC.PVM,stx_hoho,
SATranslation/system/SONIC.PVM,stx_itemring,
SATranslation/system/SONIC.PVM,stx_itemshoos0,
SATranslation/system/SONIC.PVM,stx_kanagu,
SATranslation/system/SONIC.PVM,stx_newspin,
SATranslation/system/SONIC.PVM,ym_sjppse,
SATranslation/system/SONICDX_GG_BG_JP.PVM,y128_h02,
SATranslation/system/SONICDX_GG_BG_JP.PVM,y128_h03,
SATranslation/system/SONICDX_GG_BG_JP.PVM,y128_h04,
SATranslation/system/SONICDX_GG_BG_JP.PVM,y128_h05,
SATranslation/system/SONICDX_GG_BG_JP.PVM,y256_h01a,
SATranslation/system/SONICDX_GG_BG_JP.PVM,y256_h01b,
SATranslation/system/SONICDX_GG_BG_JP.PVM,y256_h01c,
SATranslation/system/SONICDX_GG_BG_JP.PVM,y256_h01d,
SATranslation/system/SONICDX_GG_BG_JP.PVM,y256_select,
SATranslation/system/SONICDX_GG_BG_JP.PVM,y256_title,
SATranslation/system/SONICDX_GG_PARTS.PVM,kk256_aobo,
SATranslation/system/SONICDX_GG_PARTS.PVM,kk256_sentaku,
SATranslation/system/SONICDX_GG_PARTS.PVM,y8_kado,
SATranslation/system/SS_BG.PVM,obj_sssky_d,
SATranslation/system/SS_BG.PVM,obj_sssky_e,EN
SATranslation/system/SS_BG.PVM,obj_ssskybb_n,
SATranslation/system/SS_BG.PVM,obj_sssky_n,
SATranslation/system/SS_BOAT.PVM,gele_yuka1,
SATranslation/system/SS_BOAT.PVM,box11,
SATranslation/system/SS_BOAT.PVM,belt2,
SATranslation/system/SS_BOAT.PVM,pipe_2,
SATranslation/system/SS_BOAT.PVM,tra_metal,
SATranslation/system/SS_BOAT.PVM,boatdeck0,
SATranslation/system/SS_BOAT.PVM,boat_body1,
SATranslation/system/SS_BOAT.PVM,bot_hudl0,
SATranslation/system/SS_BOAT.PVM,boat_box,
SATranslation/system/SS_BOAT.PVM,gele_tenjyo0,
SATranslation/system/SS_BOAT.PVM,kuda_so2,
SATranslation/system/SS_BOAT.PVM,paip_4,
SATranslation/system/SS_BOAT.PVM,usuaometal,
SATranslation/system/SS_BOAT.PVM,bluemetal2,
SATranslation/system/SS_BOAT.PVM,paip_1,
SATranslation/system/SS_BOAT.PVM,usuaometal4,
SATranslation/system/SS_BOAT.PVM,ss_k_4,
SATranslation/system/SS_BOAT.PVM,jyabara,
SATranslation/system/SS_BOAT.PVM,bluemetalbase,
SATranslation/system/SS_BOAT.PVM,todana10,
SATranslation/system/SS_BOAT.PVM,isu8,
SATranslation/system/SS_BOAT.PVM,isu3_5,
SATranslation/system/SS_BURGER.PVM,612008,
SATranslation/system/SS_BURGER.PVM,612050,
SATranslation/system/SS_BURGER.PVM,612060,
SATranslation/system/SS_BURGER.PVM,612007,
SATranslation/system/SS_BURGER.PVM,612067,
SATranslation/system/SS_BURGER.PVM,612061,
SATranslation/system/SS_BURGER.PVM,612052,
SATranslation/system/SS_BURGER.PVM,612053,
SATranslation/system/SS_BURGER.PVM,612068,
SATranslation/system/SS_BURGER.PVM,612071,
SATranslation/system/SS_BURGER.PVM,612074,
SATranslation/system/SS_BURGER.PVM,614003,
SATranslation/system/SS_BURGER.PVM,614018,
SATranslation/system/SS_BURGER.PVM,614019,
SATranslation/system/SS_BURGER.PVM,botan,
SATranslation/system/SS_BURGER.PVM,612000,
SATranslation/system/SS_BURGER.PVM,612010,
SATranslation/system/SS_CASINO.PVM,cst_shutter,
SATranslation/system/SS_CASINO.PVM,refcasinodoor,
SATranslation/system/SS_CASINO.PVM,cst_cdoor01,
SATranslation/system/SS_CASINO.PVM,cst_button01,
SATranslation/system/SS_CASINO.PVM,cst_button02,
SATranslation/system/SS_CASINO.PVM,cst_button03,
SATranslation/system/SS_CASINO.PVM,cst_button04,
SATranslation/system/SS_CASINO.PVM,cst_button05,
SATranslation/system/SS_CASINO.PVM,cst_button06,
SATranslation/system/SS_CASINO.PVM,ast_kabe46,
SATranslation/system/SS_CASINO.PVM,ast_kabe47,
SATranslation/system/SS_CASINO.PVM,cajinoneon3,
SATranslation/system/SS_CASINO.PVM,cajinoneon4,
SATranslation/system/SS_CASINO.PVM,cajinoneon5,
SATranslation/system/SS_CASINO.PVM,ast_hasi30,
SATranslation/system/SS_CASINO.PVM,ast_hasi31,
SATranslation/system/SS_CASINO.PVM,ast_hasi33,
SATranslation/system/SS_CASINO.PVM,ast_kabe44,
SATranslation/system/SS_CASINO.PVM,ast_kabe45,
SATranslation/system/SS_CASINO.PVM,bst_cwc,
SATranslation/system/SS_CASINO.PVM,cajinoneon0,
SATranslation/system/SS_CASINO.PVM,cajinoneon1,
SATranslation/system/SS_CASINO.PVM,cajinoneon2,
SATranslation/system/SS_CASINO.PVM,cst_cajino01,
SATranslation/system/SS_CASINO.PVM,cst_cajino08,
SATranslation/system/SS_CASINO.PVM,cst_cajino15,
SATranslation/system/SS_CASINO.PVM,cst_hasi01,
SATranslation/system/SS_CASINO.PVM,cst_kabe12,
SATranslation/system/SS_CASINO.PVM,cst_yuka01,
SATranslation/system/SS_CASINO.PVM,kabe_03g,
SATranslation/system/SS_CASINO.PVM,cst_cajino05,
SATranslation/system/SS_CASINO.PVM,cst_cajino06,
SATranslation/system/SS_CASINO.PVM,cst_cajino07,
SATranslation/system/SS_CASINO.PVM,ast_hasi24,
SATranslation/system/SS_CASINO.PVM,ast_kabe37,
SATranslation/system/SS_CASINO.PVM,ast_kabe38,
SATranslation/system/SS_CASINO.PVM,ast_kabe39,
SATranslation/system/SS_CASINO.PVM,cst_cajino09,
SATranslation/system/SS_DENTOU.PVM,dentoukasa,
SATranslation/system/SS_DENTOU.PVM,dentou_d,
SATranslation/system/SS_DENTOU.PVM,dentou_n,
SATranslation/system/SS_EKIIN.PVM,612008,
SATranslation/system/SS_EKIIN.PVM,612060,
SATranslation/system/SS_EKIIN.PVM,612007,
SATranslation/system/SS_EKIIN.PVM,botan,
SATranslation/system/SS_EKIIN.PVM,612000,
SATranslation/system/SS_EKIIN.PVM,612010,
SATranslation/system/SS_EKIIN.PVM,614008,
SATranslation/system/SS_EKIIN.PVM,614009,
SATranslation/system/SS_KANBAN.PVM,s1risu_01,
SATranslation/system/SS_KANBAN.PVM,chair2,
SATranslation/system/SS_KANBAN.PVM,s1kan_d,
SATranslation/system/SS_KANBAN.PVM,s1kan_n,
SATranslation/system/SS_MIZUGI.PVM,612064,
SATranslation/system/SS_MIZUGI.PVM,612050,
SATranslation/system/SS_MIZUGI.PVM,612055,
SATranslation/system/SS_MIZUGI.PVM,612057,
SATranslation/system/SS_MIZUGI.PVM,612065,
SATranslation/system/SS_MIZUGI.PVM,612058,
SATranslation/system/SS_MIZUGI.PVM,612061,
SATranslation/system/SS_PEOPLE.PVM,612064,
SATranslation/system/SS_PEOPLE.PVM,612008,
SATranslation/system/SS_PEOPLE.PVM,612050,
SATranslation/system/SS_PEOPLE.PVM,612055,
SATranslation/system/SS_PEOPLE.PVM,612060,
SATranslation/system/SS_PEOPLE.PVM,612007,
SATranslation/system/SS_PEOPLE.PVM,612067,
SATranslation/system/SS_PEOPLE.PVM,612057,
SATranslation/system/SS_PEOPLE.PVM,612065,
SATranslation/system/SS_PEOPLE.PVM,612058,
SATranslation/system/SS_PEOPLE.PVM,612061,
SATranslation/system/SS_PEOPLE.PVM,612052,
SATranslation/system/SS_PEOPLE.PVM,612053,
SATranslation/system/SS_PEOPLE.PVM,612068,
SATranslation/system/SS_PEOPLE.PVM,612071,
SATranslation/system/SS_PEOPLE.PVM,612074,
SATranslation/system/SS_PEOPLE.PVM,614003,
SATranslation/system/SS_PEOPLE.PVM,614018,
SATranslation/system/SS_PEOPLE.PVM,614019,
SATranslation/system/SS_PEOPLE.PVM,botan,
SATranslation/system/SS_PEOPLE.PVM,612000,
SATranslation/system/SS_PEOPLE.PVM,612010,
SATranslation/system/SS_PEOPLE.PVM,614008,
SATranslation/system/SS_PEOPLE.PVM,614009,
SATranslation/system/SS_PEOPLE.PVM,611026,
SATranslation/system/SS_PEOPLE.PVM,611027,
SATranslation/system/SS_PEOPLE.PVM,611028,
SATranslation/system/SS_PEOPLE.PVM,611029,
SATranslation/system/SS_PEOPLE.PVM,611031,
SATranslation/system/SS_PEOPLE.PVM,611033,
SATranslation/system/SS_PEOPLE.PVM,611034,
SATranslation/system/SS_PEOPLE.PVM,611035,
SATranslation/system/SS_PEOPLE.PVM,612002,
SATranslation/system/SS_PEOPLE.PVM,612003,
SATranslation/system/SS_PEOPLE.PVM,612004,
SATranslation/system/SS_PEOPLE.PVM,612005,
SATranslation/system/SS_PEOPLE.PVM,612009,
SATranslation/system/SS_PEOPLE.PVM,612051,
SATranslation/system/SS_PEOPLE.PVM,612054,
SATranslation/system/SS_PEOPLE.PVM,612056,
SATranslation/system/SS_PEOPLE.PVM,612059,
SATranslation/system/SS_PEOPLE.PVM,612062,
SATranslation/system/SS_PEOPLE.PVM,612072,
SATranslation/system/SS_PEOPLE.PVM,612073,
SATranslation/system/SS_PEOPLE.PVM,614002,
SATranslation/system/SS_PEOPLE.PVM,614004,
SATranslation/system/SS_PEOPLE.PVM,614005,
SATranslation/system/SS_PEOPLE.PVM,614006,
SATranslation/system/SS_PEOPLE.PVM,614010,
SATranslation/system/SS_PEOPLE.PVM,614011,
SATranslation/system/SS_PEOPLE.PVM,614012,
SATranslation/system/SS_PEOPLE.PVM,614013,
SATranslation/system/SS_PEOPLE.PVM,614014,
SATranslation/system/SS_PEOPLE.PVM,614015,
SATranslation/system/SS_PEOPLE.PVM,614016,
SATranslation/system/SS_PEOPLE.PVM,614017,
SATranslation/system/SS_PEOPLE.PVM,615002,
SATranslation/system/SS_PEOPLE.PVM,615003,
SATranslation/system/SS_PEOPLE.PVM,615005,
SATranslation/system/SS_PEOPLE.PVM,615006,
SATranslation/system/SS_PEOPLE.PVM,615007,
SATranslation/system/SS_PEOPLE.PVM,615008,
SATranslation/system/SS_PEOPLE.PVM,hada,
SATranslation/system/SS_PEOPLE.PVM,kutu,
SATranslation/system/SS_PEOPLE.PVM,megane,
SATranslation/system/SS_PEOPLE.PVM,611025,
SATranslation/system/SS_PEOPLE.PVM,611030,
SATranslation/system/SS_PEOPLE.PVM,612006,
SATranslation/system/SS_PEOPLE.PVM,6140012,
SATranslation/system/SS_PEOPLE.PVM,615000,
SATranslation/system/SS_PEOPLE.PVM,615001,
SATranslation/system/SS_PEOPLE.PVM,615004,
SATranslation/system/SS_PEOPLE.PVM,615009,
SATranslation/system/SS_TRAIN.PVM,belt2,
SATranslation/system/SS_TRAIN.PVM,kuda03,
SATranslation/system/SS_TRAIN.PVM,patlight_a,
SATranslation/system/SS_TRAIN.PVM,patlight_b,
SATranslation/system/SS_TRAIN.PVM,pipe_2,
SATranslation/system/SS_TRAIN.PVM,tra_black,
SATranslation/system/SS_TRAIN.PVM,tra_body0,
SATranslation/system/SS_TRAIN.PVM,tra_body1,
SATranslation/system/SS_TRAIN.PVM,tra_body2,
SATranslation/system/SS_TRAIN.PVM,tra_body4,
SATranslation/system/SS_TRAIN.PVM,tra_bottom0,
SATranslation/system/SS_TRAIN.PVM,tra_door1,
SATranslation/system/SS_TRAIN.PVM,tra_floor0,
SATranslation/system/SS_TRAIN.PVM,tra_gotomr,
SATranslation/system/SS_TRAIN.PVM,tra_isu0,
SATranslation/system/SS_TRAIN.PVM,tra_isu1,
SATranslation/system/SS_TRAIN.PVM,tra_mado2,
SATranslation/system/SS_TRAIN.PVM,tra_mado3,
SATranslation/system/SS_TRAIN.PVM,tra_mado4,
SATranslation/system/SS_TRAIN.PVM,tra_metal,
SATranslation/system/SS_TRAIN.PVM,tra_tyre0,
SATranslation/system/SS_TRAIN.PVM,tra_yane0,
SATranslation/system/SS_TRAIN.PVM,tra_yane1,
SATranslation/system/SS_TRAIN.PVM,tra_yane2,
SATranslation/system/SS_TRAIN.PVM,tra_yane3,
SATranslation/system/SS_TRAIN.PVM,tra_yane4,
SATranslation/system/SS_TRAIN.PVM,tra_yane5,
SATranslation/system/SS_TRAIN.PVM,tra_yane6,
SATranslation/system/SS_TRAIN.PVM,tra_yane7,
SATranslation/system/SS_TRAIN.PVM,tra_yane8,
SATranslation/system/SS_TWINS.PVM,park4,
SATranslation/system/SS_TWINS.PVM,circuit02,
SATranslation/system/SS_TWINS.PVM,m64_tp118,
SATranslation/system/SS_TWINS.PVM,tw_w01,TW
SATranslation/system/SS_TWINS.PVM,kartkanpika1,
SATranslation/system/SS_TWINS.PVM,kartkanpika2,
SATranslation/system/SS_TWINS.PVM,kartkanpika3,
SATranslation/system/SS_TWINS.PVM,twkanpika1,
SATranslation/system/SS_TWINS.PVM,twkanpika2,
SATranslation/system/SS_TWINS.PVM,twkanpika3,
SATranslation/system/SS_TWINS.PVM,twstuuroa,
SATranslation/system/SS_TWINS.PVM,twstuuroa2,
SATranslation/system/SS_TWINS.PVM,twstuurob,
SATranslation/system/SS_TWINS.PVM,twstuurob2,
SATranslation/system/SS_TWINS.PVM,twstuuroc,
SATranslation/system/SSCAR.PVM,tirepattern_ss,
SATranslation/system/SSCAR.PVM,front_g,DE
SATranslation/system/SSCAR.PVM,front_gl,
SATranslation/system/SSCAR.PVM,hhaikikan5,
SATranslation/system/SSCAR.PVM,light1,
SATranslation/system/SSCAR.PVM,light2,
SATranslation/system/SSCAR.PVM,ref_black,
SATranslation/system/SSCAR.PVM,ref_crome,
SATranslation/system/SSCAR.PVM,ref_lblue,
SATranslation/system/SSCAR.PVM,ref_red,
SATranslation/system/SSCAR.PVM,canopy_rep3,
SATranslation/system/SSCAR.PVM,ref_white,
SATranslation/system/SSCAR.PVM,ref_yellow,
SATranslation/system/SSCAR.PVM,spotlight0,
SATranslation/system/SSCAR.PVM,sscar_dnob,
SATranslation/system/SSCAR.PVM,ssheadlight0,
SATranslation/system/SSCAR.PVM,sspd,
SATranslation/system/SSCAR.PVM,sstaxi0,
SATranslation/system/SSCAR.PVM,streetsky,
SATranslation/system/SSCAR.PVM,check,
SATranslation/system/SSCAR.PVM,tyre,
SATranslation/system/SSCAR.PVM,tyre_all,
SATranslation/system/SSCAR.PVM,ref_car,
SATranslation/system/SSCAR.PVM,sh_tomy01,
SATranslation/system/SSCAR.PVM,tirepattern,
SATranslation/system/SSCAR.PVM,sh_pori,
SATranslation/system/SSPATCAR_BODY.PVM,tirepattern_ss,
SATranslation/system/SSPATCAR_BODY.PVM,light1,
SATranslation/system/SSPATCAR_BODY.PVM,light2,
SATranslation/system/SSPATCAR_BODY.PVM,ref_black,
SATranslation/system/SSPATCAR_BODY.PVM,ref_crome,
SATranslation/system/SSPATCAR_BODY.PVM,ref_lblue,
SATranslation/system/SSPATCAR_BODY.PVM,ref_red,
SATranslation/system/SSPATCAR_BODY.PVM,ref_sscar,
SATranslation/system/SSPATCAR_BODY.PVM,ref_white,
SATranslation/system/SSPATCAR_BODY.PVM,spotlight0,
SATranslation/system/SSPATCAR_BODY.PVM,ssheadlight0,
SATranslation/system/SSPATCAR_BODY.PVM,sspd,
SATranslation/system/SSPATCAR_BODY.PVM,tyre,
SATranslation/system/SSPATCAR_BODY.PVM,tyre_all,
SATranslation/system/SUKA.PVM,suka_kao,
SATranslation/system/SUKA.PVM,suka_karada,
SATranslation/system/SUKA.PVM,suka_mimi,
SATranslation/system/SUKA.PVM,suka_te,
SATranslation/system/SUPERSONIC.PVM,s_anakage1,
SATranslation/system/SUPERSONIC.PVM,s_hando2,
SATranslation/system/SUPERSONIC.PVM,s_hando3,
SATranslation/system/SUPERSONIC.PVM,s_testhand,
SATranslation/system/SUPERSONIC.PVM,sstx_body,
SATranslation/system/SUPERSONIC.PVM,sstx_body2,
SATranslation/system/SUPERSONIC.PVM,sstx_redeye,
SATranslation/system/SUPERSONIC.PVM,stx_itemshoos0,
SATranslation/system/SUPERSONIC.PVM,stx_itemshoos1,
SATranslation/system/SUPERSONIC.PVM,stx_shoose16,
SATranslation/system/SUPERSONIC.PVM,stx_shoose17,
SATranslation/system/SUPERSONIC.PVM,stx_shoose18,
SATranslation/system/SUPERSONIC.PVM,stx_shoose19,
SATranslation/system/SUPERSONIC.PVM,sstx_body,
SATranslation/system/SUPERSONIC.PVM,sstx_redeye,
SATranslation/system/SUPERSONIC.PVM,sstx_spin,
SATranslation/system/SUPERSONIC.PVM,s1sonic01,
SATranslation/system/SUPERSONIC.PVM,s1sonic02,
SATranslation/system/SUPERSONIC.PVM,s1sonic03,
SATranslation/system/SUPERSONIC.PVM,s1sonic04,
SATranslation/system/SUPERSONIC.PVM,s1sonic05,
SATranslation/system/SUPERSONIC.PVM,s1sonic06,
SATranslation/system/SUPERSONIC.PVM,s1sonic07,
SATranslation/system/SUPERSONIC.PVM,s1sonic08,
SATranslation/system/SUPERSONIC.PVM,s2sonic01,
SATranslation/system/SUPERSONIC.PVM,s2sonic02,
SATranslation/system/SUPERSONIC.PVM,s2sonic03,
SATranslation/system/SUPERSONIC.PVM,s2sonic04,
SATranslation/system/SUPERSONIC.PVM,s2sonic05,
SATranslation/system/SUPERSONIC.PVM,s2sonic06,
SATranslation/system/SUPERSONIC.PVM,s2sonic07,
SATranslation/system/SUPERSONIC.PVM,s2sonic08,
SATranslation/system/SUPERSONIC.PVM,ss_waterl01,
SATranslation/system/SUPERSONIC.PVM,ss_waterl02,
SATranslation/system/SUPERSONIC.PVM,ss_waterl03,
SATranslation/system/SUPERSONIC.PVM,ss_waterl04,
SATranslation/system/SUPERSONIC.PVM,ss_waterl05,
SATranslation/system/SUPERSONIC.PVM,ss_waterl06,
SATranslation/system/SUPERSONIC.PVM,ss_waterl07,
SATranslation/system/SUPERSONIC.PVM,ss_waterl08,
SATranslation/system/SUPERSONIC.PVM,ss_waterl09,
SATranslation/system/SUPERSONIC.PVM,ss_waterl10,
SATranslation/system/SUPERSONIC.PVM,ss_waterl11,
SATranslation/system/SUPERSONIC.PVM,ss_waterl12,
SATranslation/system/SUPERSONIC.PVM,ss_waterl13,
SATranslation/system/SUPERSONIC.PVM,ss_waterl14,
SATranslation/system/SUPERSONIC.PVM,ss_waterl15,
SATranslation/system/SUPERSONIC.PVM,ss_waterl16,
SATranslation/system/SUPERSONIC.PVM,ss_ball_a,
SATranslation/system/SUPERSONIC.PVM,ss_ball_b,
SATranslation/system/SUPERSONIC.PVM,ss_dash01,
SATranslation/system/SUPERSONIC.PVM,ss_dash02,
SATranslation/system/SUPERSONIC.PVM,ss_dash03,
SATranslation/system/SUPERSONIC.PVM,ss_dash04,
SATranslation/system/SUPERSONIC.PVM,ss_dash05,
SATranslation/system/SUPERSONIC.PVM,ss_dash06,
SATranslation/system/SUPERSONIC.PVM,ss_dash07,
SATranslation/system/SUPERSONIC.PVM,ss_dash08,
SATranslation/system/SUPERSONIC.PVM,ss_dash09,
SATranslation/system/SUPERSONIC.PVM,ss_dash10,
SATranslation/system/SUPERSONIC.PVM,ss_dash11,
SATranslation/system/SUPERSONIC.PVM,ss_dash12,
SATranslation/system/SUPERSONIC.PVM,ss_dash13,
SATranslation/system/SUPERSONIC.PVM,ss_dash14,
SATranslation/system/SUPERSONIC.PVM,ss_dash15,
SATranslation/system/SUPERSONIC.PVM,ss_dash16,
SATranslation/system/SUPERSONIC.PVM,ss_dash17,
SATranslation/system/SUPERSONIC.PVM,ss_dash18,
SATranslation/system/SUPERSONIC.PVM,ss_dash19,
SATranslation/system/SUPERSONIC.PVM,ss_dash20,
SATranslation/system/SUPERSONIC.PVM,ss_dash21,
SATranslation/system/SUPERSONIC.PVM,ss_dash22,
SATranslation/system/SUPERSONIC.PVM,ss_dash23,
SATranslation/system/SUPI_SUPI.PVM,reon_col00,
SATranslation/system/SUPI_SUPI.PVM,reon_g01,
SATranslation/system/SUPI_SUPI.PVM,bombbody,
SATranslation/system/SUPI_SUPI.PVM,supi_hane,
SATranslation/system/SUPI_SUPI.PVM,supi_tt01,
SATranslation/system/SUPI_SUPI.PVM,reon_naka,
SATranslation/system/SUPI_SUPI.PVM,supi_karada01,
SATranslation/system/SUPI_SUPI.PVM,supi_mimi,
SATranslation/system/SUPI_SUPI.PVM,supi_ana,
SATranslation/system/SUPI_SUPI.PVM,supi_h03,
SATranslation/system/SUPI_SUPI.PVM,supi_col01,
SATranslation/system/SUPI_SUPI.PVM,supi_h01,
SATranslation/system/SUPI_SUPI.PVM,supi_h02,
SATranslation/system/SUPI_SUPI.PVM,supi_me,
SATranslation/system/TAI.PVM,f_tai01,
SATranslation/system/TAI.PVM,f_tai04,
SATranslation/system/TAI.PVM,f_tai02,
SATranslation/system/TAI.PVM,f_taime,
SATranslation/system/TAI.PVM,f_tai05,
SATranslation/system/TAI.PVM,f_tai03,
SATranslation/system/TANKEN.PVM,tanken01,
SATranslation/system/TANKEN.PVM,tanken02,
SATranslation/system/TANKEN.PVM,tanken03,
SATranslation/system/TANKEN.PVM,tanken04,
SATranslation/system/TANKEN.PVM,tanken06,
SATranslation/system/TANKEN.PVM,tanken09,
SATranslation/system/TANKEN.PVM,tanken10,
SATranslation/system/TANKEN.PVM,tanken12,
SATranslation/system/TANKEN.PVM,tanken12,
SATranslation/system/TGS_SOUSA_A.PVM,tgs_sousa_a0,
SATranslation/system/TGS_SOUSA_A.PVM,tgs_sousa_a1,
SATranslation/system/TGS_SOUSA_A.PVM,tgs_sousa_a2,
SATranslation/system/TGS_SOUSA_A.PVM,tgs_sousa_a3,
SATranslation/system/TGS_SOUSA_A.PVM,tgs_sousa_a4,
SATranslation/system/TGS_SOUSA_A.PVM,tgs_sousa_a5,
SATranslation/system/TGS_SOUSA_A.PVM,tgs_rule_a0,
SATranslation/system/TGS_SOUSA_A.PVM,tgs_rule_a1,
SATranslation/system/TGS_SOUSA_A.PVM,tgs_rule_a2,
SATranslation/system/TGS_SOUSA_A.PVM,tgs_rule_a3,
SATranslation/system/TGS_SOUSA_A.PVM,tgs_rule_a4,
SATranslation/system/TGS_SOUSA_A.PVM,tgs_rule_a5,
SATranslation/system/TGS_SOUSA_B.PVM,tgs_sousa_b0,
SATranslation/system/TGS_SOUSA_B.PVM,tgs_sousa_b1,
SATranslation/system/TGS_SOUSA_B.PVM,tgs_sousa_b2,
SATranslation/system/TGS_SOUSA_B.PVM,tgs_sousa_b3,
SATranslation/system/TGS_SOUSA_B.PVM,tgs_sousa_b4,
SATranslation/system/TGS_SOUSA_B.PVM,tgs_sousa_b5,
SATranslation/system/TGS_SOUSA_B.PVM,tgs_rule_b0,
SATranslation/system/TGS_SOUSA_B.PVM,tgs_rule_b1,
SATranslation/system/TGS_SOUSA_B.PVM,tgs_rule_b2,
SATranslation/system/TGS_SOUSA_B.PVM,tgs_rule_b3,
SATranslation/system/TGS_SOUSA_B.PVM,tgs_rule_b4,
SATranslation/system/TGS_SOUSA_B.PVM,tgs_rule_b5,
SATranslation/system/TGS_SOUSA_E.PVM,tgs_sousa_e0,
SATranslation/system/TGS_SOUSA_E.PVM,tgs_sousa_e1,
SATranslation/system/TGS_SOUSA_E.PVM,tgs_sousa_e2,
SATranslation/system/TGS_SOUSA_E.PVM,tgs_sousa_e3,
SATranslation/system/TGS_SOUSA_E.PVM,tgs_sousa_e4,
SATranslation/system/TGS_SOUSA_E.PVM,tgs_sousa_e5,
SATranslation/system/TGS_SOUSA_E.PVM,tgs_rule_e0,
SATranslation/system/TGS_SOUSA_E.PVM,tgs_rule_e1,
SATranslation/system/TGS_SOUSA_E.PVM,tgs_rule_e2,
SATranslation/system/TGS_SOUSA_E.PVM,tgs_rule_e3,
SATranslation/system/TGS_SOUSA_E.PVM,tgs_rule_e4,
SATranslation/system/TGS_SOUSA_E.PVM,tgs_rule_e5,
SATranslation/system/TGS_SOUSA_K.PVM,tgs_sousa_k0,
SATranslation/system/TGS_SOUSA_K.PVM,tgs_sousa_k1,
SATranslation/system/TGS_SOUSA_K.PVM,tgs_sousa_k2,
SATranslation/system/TGS_SOUSA_K.PVM,tgs_sousa_k3,
SATranslation/system/TGS_SOUSA_K.PVM,tgs_sousa_k4,
SATranslation/system/TGS_SOUSA_K.PVM,tgs_sousa_k5,
SATranslation/system/TGS_SOUSA_K.PVM,tgs_rule_k0,
SATranslation/system/TGS_SOUSA_K.PVM,tgs_rule_k1,
SATranslation/system/TGS_SOUSA_K.PVM,tgs_rule_k2,
SATranslation/system/TGS_SOUSA_K.PVM,tgs_rule_k3,
SATranslation/system/TGS_SOUSA_K.PVM,tgs_rule_k4,
SATranslation/system/TGS_SOUSA_K.PVM,tgs_rule_k5,
SATranslation/system/TGS_SOUSA_S.PVM,tgs_sousa_s0,
SATranslation/system/TGS_SOUSA_S.PVM,tgs_sousa_s1,
SATranslation/system/TGS_SOUSA_S.PVM,tgs_sousa_s2,
SATranslation/system/TGS_SOUSA_S.PVM,tgs_sousa_s3,
SATranslation/system/TGS_SOUSA_S.PVM,tgs_sousa_s4,
SATranslation/system/TGS_SOUSA_S.PVM,tgs_sousa_s5,
SATranslation/system/TGS_SOUSA_S.PVM,tgs_rule_s0,
SATranslation/system/TGS_SOUSA_S.PVM,tgs_rule_s1,
SATranslation/system/TGS_SOUSA_S.PVM,tgs_rule_s2,
SATranslation/system/TGS_SOUSA_S.PVM,tgs_rule_s3,
SATranslation/system/TGS_SOUSA_S.PVM,tgs_rule_s4,
SATranslation/system/TGS_SOUSA_S.PVM,tgs_rule_s5,
SATranslation/system/TGS_SOUSA_T.PVM,tgs_sousa_t0,
SATranslation/system/TGS_SOUSA_T.PVM,tgs_sousa_t1,
SATranslation/system/TGS_SOUSA_T.PVM,tgs_sousa_t2,
SATranslation/system/TGS_SOUSA_T.PVM,tgs_sousa_t3,
SATranslation/system/TGS_SOUSA_T.PVM,tgs_sousa_t4,
SATranslation/system/TGS_SOUSA_T.PVM,tgs_sousa_t5,
SATranslation/system/TGS_SOUSA_T.PVM,tgs_rule_t0,
SATranslation/system/TGS_SOUSA_T.PVM,tgs_rule_t1,
SATranslation/system/TGS_SOUSA_T.PVM,tgs_rule_t2,
SATranslation/system/TGS_SOUSA_T.PVM,tgs_rule_t3,
SATranslation/system/TGS_SOUSA_T.PVM,tgs_rule_t4,
SATranslation/system/TGS_SOUSA_T.PVM,tgs_rule_t5,
SATranslation/system/TIKAL.PVM,610039,
SATranslation/system/TIKAL.PVM,610035,
SATranslation/system/TIKAL.PVM,610036,
SATranslation/system/TIKAL.PVM,610037,
SATranslation/system/TIKAL.PVM,610038,
SATranslation/system/TIKAL.PVM,610011,
SATranslation/system/TIKAL.PVM,610040,
SATranslation/system/TIKAL.PVM,610041,
SATranslation/system/TIKAL.PVM,610042,
SATranslation/system/TIKAL.PVM,610043,
SATranslation/system/TIKAL.PVM,610044,
SATranslation/system/TIKAL.PVM,610045,
SATranslation/system/TIKAL.PVM,610046,
SATranslation/system/TIKAL.PVM,610047,
SATranslation/system/TIKAL.PVM,610048,
SATranslation/system/TIKAL.PVM,610049,
SATranslation/system/TIKAL.PVM,610998,
SATranslation/system/TIKAL.PVM,610999,
SATranslation/system/TIMEOVER.PVM,timeover,
SATranslation/system/TITLE.PVM,beta_title0,
SATranslation/system/TITLE.PVM,beta_title1,
SATranslation/system/TITLE.PVM,beta_title2,
SATranslation/system/TITLE.PVM,beta_title3,
SATranslation/system/TITLE.PVM,beta_title4,
SATranslation/system/TITLE.PVM,beta_title5,
SATranslation/system/TITLE_END_SHOW.PVM,end_left,
SATranslation/system/TITLE_END_SHOW.PVM,end_right,
SATranslation/system/TITLE_END_SHOW_E.PVM,end_left_e,EN
SATranslation/system/TITLE_END_SHOW_E.PVM,end_right_e,EN
SATranslation/system/TOGEBALL_TOGEBALL.PVM,fine_sky_ref,
SATranslation/system/TOGEBALL_TOGEBALL.PVM,black,
SATranslation/system/TR2CRASH.PVM,s_t2_bodyd_tit,
SATranslation/system/TR2CRASH.PVM,s_t2_bodye_tit,
SATranslation/system/TR2CRASH.PVM,s_t2_bodyf_tit,
SATranslation/system/TR2CRASH.PVM,s_t2_bodyg_tit,
SATranslation/system/TR2CRASH.PVM,s_t2_cano_tit,
SATranslation/system/TR2CRASH.PVM,s_t2_canob_tit,
SATranslation/system/TR2CRASH.PVM,s_t2_eme2_tit,
SATranslation/system/TR2CRASH.PVM,s_t2_eme_tit,
SATranslation/system/TR2CRASH.PVM,s_t2_heade_tit,
SATranslation/system/TR2CRASH.PVM,s_t2_headf_tit,
SATranslation/system/TR2CRASH.PVM,s_t2_jetc_tit,
SATranslation/system/TR2CRASH.PVM,s_t2_bodyb_tit,
SATranslation/system/TR2CRASH.PVM,s_t2_bodya_tit,
SATranslation/system/TR2CRASH.PVM,s_t2_bodyc_tit,
SATranslation/system/TR2CRASH.PVM,s_t2_heada_tit,
SATranslation/system/TR2CRASH.PVM,s_t2_headb_tit,
SATranslation/system/TR2CRASH.PVM,s_t2_headc_tit,
SATranslation/system/TR2CRASH.PVM,s_t2_headd_tit,
SATranslation/system/TR2CRASH.PVM,s_t2_jeta_tit,
SATranslation/system/TR2CRASH.PVM,s_t2_jetb_tit,
SATranslation/system/TR2CRASH.PVM,s_t2_jetd_tit,
SATranslation/system/TR2CRASH.PVM,s_t2_mks_tit,
SATranslation/system/TR2CRASH.PVM,s_t2_mkt_tit,
SATranslation/system/TR2CRASH.PVM,s_t2_winga_tita1,
SATranslation/system/TR2CRASH.PVM,s_t2_winga_tita2,
SATranslation/system/TR2CRASH.PVM,s_t2_wingb_tit,
SATranslation/system/TR2CRASH.PVM,s_t2_wingc_tita,
SATranslation/system/TR2CRASH.PVM,s_t2_wingc_titb,
SATranslation/system/TUBA.PVM,tuba_asi,
SATranslation/system/TUBA.PVM,tuba_hane,
SATranslation/system/TUBA.PVM,tuba_kao,
SATranslation/system/TUBA.PVM,tuba_karada,
SATranslation/system/TUBA.PVM,tuba_sippo,
SATranslation/system/TUTO_CMN.PVM,bar_ab,
SATranslation/system/TUTO_CMN.PVM,title_game_setu,
SATranslation/system/TUTO_CMN.PVM,title_sousa_setu,
SATranslation/system/TUTO_CMN_E.PVM,bar_ab,
SATranslation/system/TUTO_CMN_E.PVM,title_game_setu_e,EN
SATranslation/system/TUTO_CMN_E.PVM,title_sousa_setu_e,EN
SATranslation/system/TUTO_CMN_SHOW.PVM,bar_ab,
SATranslation/system/TUTO_CMN_SHOW.PVM,title_game_setu,
SATranslation/system/TUTO_CMN_SHOW.PVM,title_sousa_setu,
SATranslation/system/TUTO_CMN_SHOW_E.PVM,bar_ab,
SATranslation/system/TUTO_CMN_SHOW_E.PVM,title_game_setu_e,EN
SATranslation/system/TUTO_CMN_SHOW_E.PVM,title_sousa_setu_e,EN
SATranslation/system/TUTOBG_AMY.PVM,a_adv0_0,
SATranslation/system/TUTOBG_AMY.PVM,a_adv0_1,
SATranslation/system/TUTOBG_AMY.PVM,a_adv1_0,
SATranslation/system/TUTOBG_AMY.PVM,a_adv1_1,
SATranslation/system/TUTOBG_AMY.PVM,a_adv1_2,
SATranslation/system/TUTOBG_AMY.PVM,a_adv1_3,
SATranslation/system/TUTOBG_BIG.PVM,b_adv0_0,
SATranslation/system/TUTOBG_BIG.PVM,b_adv0_1,
SATranslation/system/TUTOBG_BIG.PVM,b_adv1_0,
SATranslation/system/TUTOBG_BIG.PVM,b_adv1_1,
SATranslation/system/TUTOBG_E102.PVM,e_adv0_0,
SATranslation/system/TUTOBG_E102.PVM,e_adv0_1,
SATranslation/system/TUTOBG_E102.PVM,e_adv1_0,
SATranslation/system/TUTOBG_E102.PVM,e_adv1_1,
SATranslation/system/TUTOBG_KNUCKLES.PVM,k_adv0_0,
SATranslation/system/TUTOBG_KNUCKLES.PVM,k_adv0_1,
SATranslation/system/TUTOBG_KNUCKLES.PVM,k_adv1_0,
SATranslation/system/TUTOBG_KNUCKLES.PVM,k_adv1_1,
SATranslation/system/TUTOBG_SONIC.PVM,s_adv0_0,
SATranslation/system/TUTOBG_SONIC.PVM,s_adv0_1,
SATranslation/system/TUTOBG_SONIC.PVM,s_adv1_0,
SATranslation/system/TUTOBG_SONIC.PVM,s_adv1_1,
SATranslation/system/TUTOBG_TAILS.PVM,m_adv0_0,
SATranslation/system/TUTOBG_TAILS.PVM,m_adv0_1,
SATranslation/system/TUTOBG_TAILS.PVM,m_adv1_0,
SATranslation/system/TUTOBG_TAILS.PVM,m_adv1_1,
SATranslation/system/TUTOMSG_AMY.PVM,aprf_03,
SATranslation/system/TUTOMSG_AMY.PVM,aprf_04,
SATranslation/system/TUTOMSG_AMY.PVM,aprf_05,
SATranslation/system/TUTOMSG_AMY.PVM,aprf_06,
SATranslation/system/TUTOMSG_AMY.PVM,aprf_07,
SATranslation/system/TUTOMSG_AMY.PVM,aprf_08,
SATranslation/system/TUTOMSG_AMY.PVM,aprf_09,
SATranslation/system/TUTOMSG_AMY.PVM,aprf_10,
SATranslation/system/TUTOMSG_AMY.PVM,aprf_11,
SATranslation/system/TUTOMSG_AMY.PVM,aprf_12,
SATranslation/system/TUTOMSG_AMY.PVM,aprf_13,
SATranslation/system/TUTOMSG_AMY.PVM,aprf_14,
SATranslation/system/TUTOMSG_AMY.PVM,aprf_15,
SATranslation/system/TUTOMSG_AMY.PVM,aprf_16,
SATranslation/system/TUTOMSG_AMY.PVM,aprf_17,
SATranslation/system/TUTOMSG_AMY.PVM,aprf_25,
SATranslation/system/TUTOMSG_AMY.PVM,aprf_26,
SATranslation/system/TUTOMSG_AMY.PVM,aprf_27,
SATranslation/system/TUTOMSG_AMY.PVM,aprf_28,
SATranslation/system/TUTOMSG_AMY.PVM,aprf_29,
SATranslation/system/TUTOMSG_AMY_E.PVM,aprf_03_e,EN
SATranslation/system/TUTOMSG_AMY_E.PVM,aprf_04_e,EN
SATranslation/system/TUTOMSG_AMY_E.PVM,aprf_05_e,EN
SATranslation/system/TUTOMSG_AMY_E.PVM,aprf_06_e,EN
SATranslation/system/TUTOMSG_AMY_E.PVM,aprf_07_e,EN
SATranslation/system/TUTOMSG_AMY_E.PVM,aprf_08_e,EN
SATranslation/system/TUTOMSG_AMY_E.PVM,aprf_09_e,EN
SATranslation/system/TUTOMSG_AMY_E.PVM,aprf_10_e,EN
SATranslation/system/TUTOMSG_AMY_E.PVM,aprf_11_e,EN
SATranslation/system/TUTOMSG_AMY_E.PVM,aprf_12_e,EN
SATranslation/system/TUTOMSG_AMY_E.PVM,aprf_13_e,EN
SATranslation/system/TUTOMSG_AMY_E.PVM,aprf_14_e,EN
SATranslation/system/TUTOMSG_AMY_E.PVM,aprf_15_e,EN
SATranslation/system/TUTOMSG_AMY_E.PVM,aprf_16_e,EN
SATranslation/system/TUTOMSG_AMY_E.PVM,aprf_17_e,EN
SATranslation/system/TUTOMSG_AMY_E.PVM,aprf_25_e,EN
SATranslation/system/TUTOMSG_AMY_E.PVM,aprf_26_e,EN
SATranslation/system/TUTOMSG_AMY_E.PVM,aprf_27_e,EN
SATranslation/system/TUTOMSG_AMY_E.PVM,aprf_28_e,EN
SATranslation/system/TUTOMSG_AMY_E.PVM,aprf_29_e,EN
SATranslation/system/TUTOMSG_AMY_F.PVM,aprf_03_f,FR
SATranslation/system/TUTOMSG_AMY_F.PVM,aprf_04_f,FR
SATranslation/system/TUTOMSG_AMY_F.PVM,aprf_05_f,FR
SATranslation/system/TUTOMSG_AMY_F.PVM,aprf_06_f,FR
SATranslation/system/TUTOMSG_AMY_F.PVM,aprf_07_f,FR
SATranslation/system/TUTOMSG_AMY_F.PVM,aprf_08_f,FR
SATranslation/system/TUTOMSG_AMY_F.PVM,aprf_09_f,FR
SATranslation/system/TUTOMSG_AMY_F.PVM,aprf_10_f,FR
SATranslation/system/TUTOMSG_AMY_F.PVM,aprf_11_f,FR
SATranslation/system/TUTOMSG_AMY_F.PVM,aprf_12_f,FR
SATranslation/system/TUTOMSG_AMY_F.PVM,aprf_13_f,FR
SATranslation/system/TUTOMSG_AMY_F.PVM,aprf_14_f,FR
SATranslation/system/TUTOMSG_AMY_F.PVM,aprf_15_f,FR
SATranslation/system/TUTOMSG_AMY_F.PVM,aprf_16_f,FR
SATranslation/system/TUTOMSG_AMY_F.PVM,aprf_17_f,FR
SATranslation/system/TUTOMSG_AMY_F.PVM,aprf_25_f,FR
SATranslation/system/TUTOMSG_AMY_F.PVM,prf_null0,
SATranslation/system/TUTOMSG_AMY_F.PVM,aprf_27_f,FR
SATranslation/system/TUTOMSG_AMY_F.PVM,aprf_28_f,FR
SATranslation/system/TUTOMSG_AMY_F.PVM,aprf_29_f,FR
SATranslation/system/TUTOMSG_AMY_G.PVM,aprf_03_g,DE
SATranslation/system/TUTOMSG_AMY_G.PVM,aprf_04_g,DE
SATranslation/system/TUTOMSG_AMY_G.PVM,aprf_05_g,DE
SATranslation/system/TUTOMSG_AMY_G.PVM,aprf_06_g,DE
SATranslation/system/TUTOMSG_AMY_G.PVM,aprf_07_g,DE
SATranslation/system/TUTOMSG_AMY_G.PVM,aprf_08_g,DE
SATranslation/system/TUTOMSG_AMY_G.PVM,aprf_09_g,DE
SATranslation/system/TUTOMSG_AMY_G.PVM,aprf_10_g,DE
SATranslation/system/TUTOMSG_AMY_G.PVM,aprf_11_g,DE
SATranslation/system/TUTOMSG_AMY_G.PVM,aprf_12_g,DE
SATranslation/system/TUTOMSG_AMY_G.PVM,aprf_13_g,DE
SATranslation/system/TUTOMSG_AMY_G.PVM,aprf_14_g,DE
SATranslation/system/TUTOMSG_AMY_G.PVM,aprf_15_g,DE
SATranslation/system/TUTOMSG_AMY_G.PVM,aprf_16_g,DE
SATranslation/system/TUTOMSG_AMY_G.PVM,prf_null0,
SATranslation/system/TUTOMSG_AMY_G.PVM,aprf_25_g,DE
SATranslation/system/TUTOMSG_AMY_G.PVM,aprf_26_g,DE
SATranslation/system/TUTOMSG_AMY_G.PVM,aprf_27_g,DE
SATranslation/system/TUTOMSG_AMY_G.PVM,aprf_28_g,DE
SATranslation/system/TUTOMSG_AMY_G.PVM,aprf_29_g,DE
SATranslation/system/TUTOMSG_AMY_S.PVM,aprf_03_s,ES
SATranslation/system/TUTOMSG_AMY_S.PVM,aprf_04_s,ES
SATranslation/system/TUTOMSG_AMY_S.PVM,aprf_05_s,ES
SATranslation/system/TUTOMSG_AMY_S.PVM,aprf_06_s,ES
SATranslation/system/TUTOMSG_AMY_S.PVM,aprf_07_s,ES
SATranslation/system/TUTOMSG_AMY_S.PVM,aprf_08_s,ES
SATranslation/system/TUTOMSG_AMY_S.PVM,aprf_09_s,ES
SATranslation/system/TUTOMSG_AMY_S.PVM,aprf_10_s,ES
SATranslation/system/TUTOMSG_AMY_S.PVM,aprf_11_s,ES
SATranslation/system/TUTOMSG_AMY_S.PVM,aprf_12_s,ES
SATranslation/system/TUTOMSG_AMY_S.PVM,aprf_13_s,ES
SATranslation/system/TUTOMSG_AMY_S.PVM,aprf_14_s,ES
SATranslation/system/TUTOMSG_AMY_S.PVM,aprf_15_s,ES
SATranslation/system/TUTOMSG_AMY_S.PVM,aprf_16_s,ES
SATranslation/system/TUTOMSG_AMY_S.PVM,aprf_17_s,ES
SATranslation/system/TUTOMSG_AMY_S.PVM,aprf_25_s,ES
SATranslation/system/TUTOMSG_AMY_S.PVM,aprf_26_s,ES
SATranslation/system/TUTOMSG_AMY_S.PVM,aprf_27_s,ES
SATranslation/system/TUTOMSG_AMY_S.PVM,aprf_28_s,ES
SATranslation/system/TUTOMSG_AMY_S.PVM,aprf_29_s,ES
SATranslation/system/TUTOMSG_BIG.PVM,b_castgauge0,
SATranslation/system/TUTOMSG_BIG.PVM,b_castgauge1,
SATranslation/system/TUTOMSG_BIG.PVM,bprf_03,
SATranslation/system/TUTOMSG_BIG.PVM,bprf_04,
SATranslation/system/TUTOMSG_BIG.PVM,bprf_05,
SATranslation/system/TUTOMSG_BIG.PVM,bprf_07,
SATranslation/system/TUTOMSG_BIG.PVM,bprf_08,
SATranslation/system/TUTOMSG_BIG.PVM,bprf_09,
SATranslation/system/TUTOMSG_BIG.PVM,bprf_10,
SATranslation/system/TUTOMSG_BIG.PVM,bprf_11,
SATranslation/system/TUTOMSG_BIG.PVM,bprf_13,
SATranslation/system/TUTOMSG_BIG.PVM,bprf_14,
SATranslation/system/TUTOMSG_BIG.PVM,bprf_15,
SATranslation/system/TUTOMSG_BIG.PVM,bprf_16,
SATranslation/system/TUTOMSG_BIG.PVM,bprf_17,
SATranslation/system/TUTOMSG_BIG.PVM,bprf_19,
SATranslation/system/TUTOMSG_BIG.PVM,bprf_20,
SATranslation/system/TUTOMSG_BIG.PVM,bprf_21,
SATranslation/system/TUTOMSG_BIG.PVM,bprf_22,
SATranslation/system/TUTOMSG_BIG.PVM,bprf_28,
SATranslation/system/TUTOMSG_BIG.PVM,bprf_30,
SATranslation/system/TUTOMSG_BIG.PVM,bprf_31,
SATranslation/system/TUTOMSG_BIG.PVM,bprf_32,
SATranslation/system/TUTOMSG_BIG.PVM,bprf_33,
SATranslation/system/TUTOMSG_BIG.PVM,bprf_34,
SATranslation/system/TUTOMSG_BIG.PVM,bprf_35,
SATranslation/system/TUTOMSG_BIG.PVM,bprf_36,
SATranslation/system/TUTOMSG_BIG.PVM,bprf_37,
SATranslation/system/TUTOMSG_BIG.PVM,bprf_38,
SATranslation/system/TUTOMSG_BIG.PVM,bprf_39,
SATranslation/system/TUTOMSG_BIG.PVM,bprf_40,
SATranslation/system/TUTOMSG_BIG.PVM,bprf_41,
SATranslation/system/TUTOMSG_BIG.PVM,bprf_42,
SATranslation/system/TUTOMSG_BIG.PVM,prf_null0,
SATranslation/system/TUTOMSG_BIG.PVM,prf_null1,
SATranslation/system/TUTOMSG_BIG_E.PVM,b_castgauge0,
SATranslation/system/TUTOMSG_BIG_E.PVM,b_castgauge1,
SATranslation/system/TUTOMSG_BIG_E.PVM,bprf_03_e,EN
SATranslation/system/TUTOMSG_BIG_E.PVM,aprf_04_e,EN
SATranslation/system/TUTOMSG_BIG_E.PVM,bprf_05_e,EN
SATranslation/system/TUTOMSG_BIG_E.PVM,bprf_07_e,EN
SATranslation/system/TUTOMSG_BIG_E.PVM,bprf_08_e,EN
SATranslation/system/TUTOMSG_BIG_E.PVM,bprf_09_e,EN
SATranslation/system/TUTOMSG_BIG_E.PVM,bprf_10_e,EN
SATranslation/system/TUTOMSG_BIG_E.PVM,bprf_11_e,EN
SATranslation/system/TUTOMSG_BIG_E.PVM,bprf_13_e,EN
SATranslation/system/TUTOMSG_BIG_E.PVM,bprf_14_e,EN
SATranslation/system/TUTOMSG_BIG_E.PVM,bprf_15_e,EN
SATranslation/system/TUTOMSG_BIG_E.PVM,bprf_16_e,EN
SATranslation/system/TUTOMSG_BIG_E.PVM,bprf_17_e,EN
SATranslation/system/TUTOMSG_BIG_E.PVM,bprf_19_e,EN
SATranslation/system/TUTOMSG_BIG_E.PVM,bprf_20_e,EN
SATranslation/system/TUTOMSG_BIG_E.PVM,bprf_21_e,EN
SATranslation/system/TUTOMSG_BIG_E.PVM,bprf_22_e,EN
SATranslation/system/TUTOMSG_BIG_E.PVM,bprf_28_e,EN
SATranslation/system/TUTOMSG_BIG_E.PVM,bprf_30_e,EN
SATranslation/system/TUTOMSG_BIG_E.PVM,bprf_31_e,EN
SATranslation/system/TUTOMSG_BIG_E.PVM,bprf_32_e,EN
SATranslation/system/TUTOMSG_BIG_E.PVM,bprf_33_e,EN
SATranslation/system/TUTOMSG_BIG_E.PVM,bprf_34_e,EN
SATranslation/system/TUTOMSG_BIG_E.PVM,bprf_35_e,EN
SATranslation/system/TUTOMSG_BIG_E.PVM,bprf_36_e,EN
SATranslation/system/TUTOMSG_BIG_E.PVM,bprf_37_e,EN
SATranslation/system/TUTOMSG_BIG_E.PVM,bprf_38_e,EN
SATranslation/system/TUTOMSG_BIG_E.PVM,bprf_39_e,EN
SATranslation/system/TUTOMSG_BIG_E.PVM,bprf_40_e,EN
SATranslation/system/TUTOMSG_BIG_E.PVM,bprf_41_e,EN
SATranslation/system/TUTOMSG_BIG_E.PVM,bprf_42_e,EN
SATranslation/system/TUTOMSG_BIG_E.PVM,prf_null0,
SATranslation/system/TUTOMSG_BIG_E.PVM,bprf_20b_e,EN
SATranslation/system/TUTOMSG_BIG_F.PVM,b_castgauge0,
SATranslation/system/TUTOMSG_BIG_F.PVM,b_castgauge1,
SATranslation/system/TUTOMSG_BIG_F.PVM,bprf_03_f,FR
SATranslation/system/TUTOMSG_BIG_F.PVM,aprf_04_f,FR
SATranslation/system/TUTOMSG_BIG_F.PVM,bprf_05_f,FR
SATranslation/system/TUTOMSG_BIG_F.PVM,bprf_07_f,FR
SATranslation/system/TUTOMSG_BIG_F.PVM,bprf_08_f,FR
SATranslation/system/TUTOMSG_BIG_F.PVM,bprf_09_f,FR
SATranslation/system/TUTOMSG_BIG_F.PVM,bprf_10_f,FR
SATranslation/system/TUTOMSG_BIG_F.PVM,bprf_11_f,FR
SATranslation/system/TUTOMSG_BIG_F.PVM,bprf_13_f,FR
SATranslation/system/TUTOMSG_BIG_F.PVM,bprf_14_f,FR
SATranslation/system/TUTOMSG_BIG_F.PVM,bprf_15_f,FR
SATranslation/system/TUTOMSG_BIG_F.PVM,bprf_16_f,FR
SATranslation/system/TUTOMSG_BIG_F.PVM,bprf_17_f,FR
SATranslation/system/TUTOMSG_BIG_F.PVM,bprf_19_f,FR
SATranslation/system/TUTOMSG_BIG_F.PVM,bprf_20_f,FR
SATranslation/system/TUTOMSG_BIG_F.PVM,bprf_21_f,FR
SATranslation/system/TUTOMSG_BIG_F.PVM,bprf_22_f,FR
SATranslation/system/TUTOMSG_BIG_F.PVM,prf_null0,
SATranslation/system/TUTOMSG_BIG_F.PVM,bprf_30_f,FR
SATranslation/system/TUTOMSG_BIG_F.PVM,bprf_31_f,FR
SATranslation/system/TUTOMSG_BIG_F.PVM,bprf_32_f,FR
SATranslation/system/TUTOMSG_BIG_F.PVM,bprf_33_f,FR
SATranslation/system/TUTOMSG_BIG_F.PVM,bprf_34_f,FR
SATranslation/system/TUTOMSG_BIG_F.PVM,bprf_35_f,FR
SATranslation/system/TUTOMSG_BIG_F.PVM,bprf_36_f,FR
SATranslation/system/TUTOMSG_BIG_F.PVM,bprf_37_f,FR
SATranslation/system/TUTOMSG_BIG_F.PVM,bprf_38_f,FR
SATranslation/system/TUTOMSG_BIG_F.PVM,bprf_39_f,FR
SATranslation/system/TUTOMSG_BIG_F.PVM,bprf_40_f,FR
SATranslation/system/TUTOMSG_BIG_F.PVM,bprf_41_f,FR
SATranslation/system/TUTOMSG_BIG_F.PVM,bprf_42_f,FR
SATranslation/system/TUTOMSG_BIG_F.PVM,bprf_17a_f,FR
SATranslation/system/TUTOMSG_BIG_F.PVM,prf_null1,
SATranslation/system/TUTOMSG_BIG_G.PVM,b_castgauge0,
SATranslation/system/TUTOMSG_BIG_G.PVM,b_castgauge1,
SATranslation/system/TUTOMSG_BIG_G.PVM,bprf_03_g,DE
SATranslation/system/TUTOMSG_BIG_G.PVM,aprf_04_g,DE
SATranslation/system/TUTOMSG_BIG_G.PVM,bprf_05_g,DE
SATranslation/system/TUTOMSG_BIG_G.PVM,bprf_07_g,DE
SATranslation/system/TUTOMSG_BIG_G.PVM,bprf_08_g,DE
SATranslation/system/TUTOMSG_BIG_G.PVM,bprf_09_g,DE
SATranslation/system/TUTOMSG_BIG_G.PVM,bprf_10_g,DE
SATranslation/system/TUTOMSG_BIG_G.PVM,bprf_11_g,DE
SATranslation/system/TUTOMSG_BIG_G.PVM,bprf_13_g,DE
SATranslation/system/TUTOMSG_BIG_G.PVM,bprf_14_g,DE
SATranslation/system/TUTOMSG_BIG_G.PVM,bprf_15_g,DE
SATranslation/system/TUTOMSG_BIG_G.PVM,bprf_16_g,DE
SATranslation/system/TUTOMSG_BIG_G.PVM,bprf_17_g,DE
SATranslation/system/TUTOMSG_BIG_G.PVM,bprf_19_g,DE
SATranslation/system/TUTOMSG_BIG_G.PVM,bprf_20_g,DE
SATranslation/system/TUTOMSG_BIG_G.PVM,bprf_21_g,DE
SATranslation/system/TUTOMSG_BIG_G.PVM,bprf_22_g,DE
SATranslation/system/TUTOMSG_BIG_G.PVM,bprf_28_g,DE
SATranslation/system/TUTOMSG_BIG_G.PVM,bprf_30_g,DE
SATranslation/system/TUTOMSG_BIG_G.PVM,bprf_31_g,DE
SATranslation/system/TUTOMSG_BIG_G.PVM,bprf_32_g,DE
SATranslation/system/TUTOMSG_BIG_G.PVM,bprf_33_g,DE
SATranslation/system/TUTOMSG_BIG_G.PVM,bprf_34_g,DE
SATranslation/system/TUTOMSG_BIG_G.PVM,bprf_35_g,DE
SATranslation/system/TUTOMSG_BIG_G.PVM,bprf_36_g,DE
SATranslation/system/TUTOMSG_BIG_G.PVM,bprf_37_g,DE
SATranslation/system/TUTOMSG_BIG_G.PVM,bprf_38_g,DE
SATranslation/system/TUTOMSG_BIG_G.PVM,bprf_39_g,DE
SATranslation/system/TUTOMSG_BIG_G.PVM,bprf_40_g,DE
SATranslation/system/TUTOMSG_BIG_G.PVM,bprf_41_g,DE
SATranslation/system/TUTOMSG_BIG_G.PVM,bprf_42_g,DE
SATranslation/system/TUTOMSG_BIG_G.PVM,prf_null0,
SATranslation/system/TUTOMSG_BIG_G.PVM,bprf_20b_g,DE
SATranslation/system/TUTOMSG_BIG_S.PVM,b_castgauge0,
SATranslation/system/TUTOMSG_BIG_S.PVM,b_castgauge1,
SATranslation/system/TUTOMSG_BIG_S.PVM,bprf_03_s,ES
SATranslation/system/TUTOMSG_BIG_S.PVM,aprf_04_s,ES
SATranslation/system/TUTOMSG_BIG_S.PVM,bprf_05_s,ES
SATranslation/system/TUTOMSG_BIG_S.PVM,bprf_07_s,ES
SATranslation/system/TUTOMSG_BIG_S.PVM,bprf_08_s,ES
SATranslation/system/TUTOMSG_BIG_S.PVM,bprf_09_s,ES
SATranslation/system/TUTOMSG_BIG_S.PVM,bprf_10_s,ES
SATranslation/system/TUTOMSG_BIG_S.PVM,bprf_11_s,ES
SATranslation/system/TUTOMSG_BIG_S.PVM,bprf_13_s,ES
SATranslation/system/TUTOMSG_BIG_S.PVM,bprf_14_s,ES
SATranslation/system/TUTOMSG_BIG_S.PVM,bprf_15_s,ES
SATranslation/system/TUTOMSG_BIG_S.PVM,bprf_16_s,ES
SATranslation/system/TUTOMSG_BIG_S.PVM,bprf_17_s,ES
SATranslation/system/TUTOMSG_BIG_S.PVM,bprf_19_s,ES
SATranslation/system/TUTOMSG_BIG_S.PVM,bprf_20_s,ES
SATranslation/system/TUTOMSG_BIG_S.PVM,bprf_21_s,ES
SATranslation/system/TUTOMSG_BIG_S.PVM,bprf_22_s,ES
SATranslation/system/TUTOMSG_BIG_S.PVM,bprf_28_s,ES
SATranslation/system/TUTOMSG_BIG_S.PVM,bprf_30_s,ES
SATranslation/system/TUTOMSG_BIG_S.PVM,bprf_31_s,ES
SATranslation/system/TUTOMSG_BIG_S.PVM,bprf_32_s,ES
SATranslation/system/TUTOMSG_BIG_S.PVM,bprf_33_s,ES
SATranslation/system/TUTOMSG_BIG_S.PVM,bprf_34_s,ES
SATranslation/system/TUTOMSG_BIG_S.PVM,bprf_35_s,ES
SATranslation/system/TUTOMSG_BIG_S.PVM,bprf_36_s,ES
SATranslation/system/TUTOMSG_BIG_S.PVM,bprf_37_s,ES
SATranslation/system/TUTOMSG_BIG_S.PVM,bprf_38_s,ES
SATranslation/system/TUTOMSG_BIG_S.PVM,bprf_39_s,ES
SATranslation/system/TUTOMSG_BIG_S.PVM,prf_null0,
SATranslation/system/TUTOMSG_BIG_S.PVM,bprf_41_s,ES
SATranslation/system/TUTOMSG_BIG_S.PVM,bprf_42_s,ES
SATranslation/system/TUTOMSG_BIG_S.PVM,bprf_17a_s,ES
SATranslation/system/TUTOMSG_BIG_S.PVM,prf_null1,
SATranslation/system/TUTOMSG_E102.PVM,e_sec1,
SATranslation/system/TUTOMSG_E102.PVM,e_sec136,
SATranslation/system/TUTOMSG_E102.PVM,eprf_03,
SATranslation/system/TUTOMSG_E102.PVM,eprf_04,
SATranslation/system/TUTOMSG_E102.PVM,eprf_05,
SATranslation/system/TUTOMSG_E102.PVM,eprf_07,
SATranslation/system/TUTOMSG_E102.PVM,eprf_08,
SATranslation/system/TUTOMSG_E102.PVM,eprf_09,
SATranslation/system/TUTOMSG_E102.PVM,eprf_10,
SATranslation/system/TUTOMSG_E102.PVM,eprf_11,
SATranslation/system/TUTOMSG_E102.PVM,eprf_12,
SATranslation/system/TUTOMSG_E102.PVM,eprf_13,
SATranslation/system/TUTOMSG_E102.PVM,eprf_14,
SATranslation/system/TUTOMSG_E102.PVM,eprf_15,
SATranslation/system/TUTOMSG_E102.PVM,eprf_16,
SATranslation/system/TUTOMSG_E102.PVM,eprf_17,
SATranslation/system/TUTOMSG_E102.PVM,eprf_18,
SATranslation/system/TUTOMSG_E102.PVM,eprf_19,
SATranslation/system/TUTOMSG_E102.PVM,eprf_20,
SATranslation/system/TUTOMSG_E102.PVM,eprf_27,
SATranslation/system/TUTOMSG_E102.PVM,eprf_28,
SATranslation/system/TUTOMSG_E102.PVM,eprf_29,
SATranslation/system/TUTOMSG_E102.PVM,eprf_30,
SATranslation/system/TUTOMSG_E102.PVM,eprf_31,
SATranslation/system/TUTOMSG_E102.PVM,eprf_32,
SATranslation/system/TUTOMSG_E102_E.PVM,e_sec1,
SATranslation/system/TUTOMSG_E102_E.PVM,e_sec136,
SATranslation/system/TUTOMSG_E102_E.PVM,eprf_03_e,EN
SATranslation/system/TUTOMSG_E102_E.PVM,aprf_04_e,EN
SATranslation/system/TUTOMSG_E102_E.PVM,eprf_05_e,EN
SATranslation/system/TUTOMSG_E102_E.PVM,eprf_07_e,EN
SATranslation/system/TUTOMSG_E102_E.PVM,eprf_08_e,EN
SATranslation/system/TUTOMSG_E102_E.PVM,eprf_09_e,EN
SATranslation/system/TUTOMSG_E102_E.PVM,eprf_10_e,EN
SATranslation/system/TUTOMSG_E102_E.PVM,eprf_11_e,EN
SATranslation/system/TUTOMSG_E102_E.PVM,eprf_12_e,EN
SATranslation/system/TUTOMSG_E102_E.PVM,eprf_13_e,EN
SATranslation/system/TUTOMSG_E102_E.PVM,eprf_14_e,EN
SATranslation/system/TUTOMSG_E102_E.PVM,eprf_15_e,EN
SATranslation/system/TUTOMSG_E102_E.PVM,eprf_16_e,EN
SATranslation/system/TUTOMSG_E102_E.PVM,eprf_17_e,EN
SATranslation/system/TUTOMSG_E102_E.PVM,eprf_18_e,EN
SATranslation/system/TUTOMSG_E102_E.PVM,eprf_19_e,EN
SATranslation/system/TUTOMSG_E102_E.PVM,eprf_20_e,EN
SATranslation/system/TUTOMSG_E102_E.PVM,eprf_27_e,EN
SATranslation/system/TUTOMSG_E102_E.PVM,eprf_28_e,EN
SATranslation/system/TUTOMSG_E102_E.PVM,eprf_29_e,EN
SATranslation/system/TUTOMSG_E102_E.PVM,eprf_30_e,EN
SATranslation/system/TUTOMSG_E102_E.PVM,eprf_31_e,EN
SATranslation/system/TUTOMSG_E102_E.PVM,eprf_32_e,EN
SATranslation/system/TUTOMSG_E102_E.PVM,prf_null5,
SATranslation/system/TUTOMSG_E102_F.PVM,e_sec1,
SATranslation/system/TUTOMSG_E102_F.PVM,e_sec136,
SATranslation/system/TUTOMSG_E102_F.PVM,eprf_03_f,FR
SATranslation/system/TUTOMSG_E102_F.PVM,aprf_04_f,FR
SATranslation/system/TUTOMSG_E102_F.PVM,eprf_05_f,FR
SATranslation/system/TUTOMSG_E102_F.PVM,eprf_07_f,FR
SATranslation/system/TUTOMSG_E102_F.PVM,eprf_08_f,FR
SATranslation/system/TUTOMSG_E102_F.PVM,eprf_09_f,FR
SATranslation/system/TUTOMSG_E102_F.PVM,eprf_10_f,FR
SATranslation/system/TUTOMSG_E102_F.PVM,eprf_11_f,FR
SATranslation/system/TUTOMSG_E102_F.PVM,eprf_12_f,FR
SATranslation/system/TUTOMSG_E102_F.PVM,eprf_13_f,FR
SATranslation/system/TUTOMSG_E102_F.PVM,eprf_14_f,FR
SATranslation/system/TUTOMSG_E102_F.PVM,eprf_15_f,FR
SATranslation/system/TUTOMSG_E102_F.PVM,eprf_16_f,FR
SATranslation/system/TUTOMSG_E102_F.PVM,eprf_17_f,FR
SATranslation/system/TUTOMSG_E102_F.PVM,eprf_18_f,FR
SATranslation/system/TUTOMSG_E102_F.PVM,eprf_19_f,FR
SATranslation/system/TUTOMSG_E102_F.PVM,eprf_20_f,FR
SATranslation/system/TUTOMSG_E102_F.PVM,eprf_27_f,FR
SATranslation/system/TUTOMSG_E102_F.PVM,eprf_28_f,FR
SATranslation/system/TUTOMSG_E102_F.PVM,eprf_29_f,FR
SATranslation/system/TUTOMSG_E102_F.PVM,eprf_30_f,FR
SATranslation/system/TUTOMSG_E102_F.PVM,eprf_31_f,FR
SATranslation/system/TUTOMSG_E102_F.PVM,eprf_32_f,FR
SATranslation/system/TUTOMSG_E102_F.PVM,eprf_10b_f,FR
SATranslation/system/TUTOMSG_E102_G.PVM,e_sec1,
SATranslation/system/TUTOMSG_E102_G.PVM,e_sec136,
SATranslation/system/TUTOMSG_E102_G.PVM,eprf_03_g,DE
SATranslation/system/TUTOMSG_E102_G.PVM,aprf_04_g,DE
SATranslation/system/TUTOMSG_E102_G.PVM,eprf_05_g,DE
SATranslation/system/TUTOMSG_E102_G.PVM,eprf_07_g,DE
SATranslation/system/TUTOMSG_E102_G.PVM,eprf_08_g,DE
SATranslation/system/TUTOMSG_E102_G.PVM,eprf_09_g,DE
SATranslation/system/TUTOMSG_E102_G.PVM,prf_null1,
SATranslation/system/TUTOMSG_E102_G.PVM,eprf_11_g,DE
SATranslation/system/TUTOMSG_E102_G.PVM,eprf_12_g,DE
SATranslation/system/TUTOMSG_E102_G.PVM,eprf_13_g,DE
SATranslation/system/TUTOMSG_E102_G.PVM,eprf_14_g,DE
SATranslation/system/TUTOMSG_E102_G.PVM,eprf_15_g,DE
SATranslation/system/TUTOMSG_E102_G.PVM,eprf_16_g,DE
SATranslation/system/TUTOMSG_E102_G.PVM,eprf_17_g,DE
SATranslation/system/TUTOMSG_E102_G.PVM,eprf_18_g,DE
SATranslation/system/TUTOMSG_E102_G.PVM,eprf_19_g,DE
SATranslation/system/TUTOMSG_E102_G.PVM,eprf_20_g,DE
SATranslation/system/TUTOMSG_E102_G.PVM,eprf_27_g,DE
SATranslation/system/TUTOMSG_E102_G.PVM,eprf_28_g,DE
SATranslation/system/TUTOMSG_E102_G.PVM,eprf_29_g,DE
SATranslation/system/TUTOMSG_E102_G.PVM,eprf_30_g,DE
SATranslation/system/TUTOMSG_E102_G.PVM,eprf_31_g,DE
SATranslation/system/TUTOMSG_E102_G.PVM,eprf_32_g,DE
SATranslation/system/TUTOMSG_E102_G.PVM,prf_null5,
SATranslation/system/TUTOMSG_E102_S.PVM,e_sec1,
SATranslation/system/TUTOMSG_E102_S.PVM,e_sec136,
SATranslation/system/TUTOMSG_E102_S.PVM,eprf_03_s,ES
SATranslation/system/TUTOMSG_E102_S.PVM,aprf_04_s,ES
SATranslation/system/TUTOMSG_E102_S.PVM,eprf_05_s,ES
SATranslation/system/TUTOMSG_E102_S.PVM,eprf_07_s,ES
SATranslation/system/TUTOMSG_E102_S.PVM,eprf_08_s,ES
SATranslation/system/TUTOMSG_E102_S.PVM,eprf_09_s,ES
SATranslation/system/TUTOMSG_E102_S.PVM,prf_null0,
SATranslation/system/TUTOMSG_E102_S.PVM,eprf_11_s,ES
SATranslation/system/TUTOMSG_E102_S.PVM,eprf_12_s,ES
SATranslation/system/TUTOMSG_E102_S.PVM,eprf_13_s,ES
SATranslation/system/TUTOMSG_E102_S.PVM,eprf_14_s,ES
SATranslation/system/TUTOMSG_E102_S.PVM,eprf_15_s,ES
SATranslation/system/TUTOMSG_E102_S.PVM,eprf_16_s,ES
SATranslation/system/TUTOMSG_E102_S.PVM,eprf_17_s,ES
SATranslation/system/TUTOMSG_E102_S.PVM,eprf_18_s,ES
SATranslation/system/TUTOMSG_E102_S.PVM,eprf_19_s,ES
SATranslation/system/TUTOMSG_E102_S.PVM,eprf_20_s,ES
SATranslation/system/TUTOMSG_E102_S.PVM,eprf_27_s,ES
SATranslation/system/TUTOMSG_E102_S.PVM,eprf_28_s,ES
SATranslation/system/TUTOMSG_E102_S.PVM,eprf_29_s,ES
SATranslation/system/TUTOMSG_E102_S.PVM,eprf_30_s,ES
SATranslation/system/TUTOMSG_E102_S.PVM,eprf_31_s,ES
SATranslation/system/TUTOMSG_E102_S.PVM,eprf_32_s,ES
SATranslation/system/TUTOMSG_E102_S.PVM,prf_null5,
SATranslation/system/TUTOMSG_KNUCKLES.PVM,n_emerald,
SATranslation/system/TUTOMSG_KNUCKLES.PVM,nprf_03,
SATranslation/system/TUTOMSG_KNUCKLES.PVM,nprf_05,
SATranslation/system/TUTOMSG_KNUCKLES.PVM,nprf_07,
SATranslation/system/TUTOMSG_KNUCKLES.PVM,nprf_08,
SATranslation/system/TUTOMSG_KNUCKLES.PVM,nprf_09,
SATranslation/system/TUTOMSG_KNUCKLES.PVM,nprf_10,
SATranslation/system/TUTOMSG_KNUCKLES.PVM,nprf_11,
SATranslation/system/TUTOMSG_KNUCKLES.PVM,nprf_12,
SATranslation/system/TUTOMSG_KNUCKLES.PVM,nprf_13,
SATranslation/system/TUTOMSG_KNUCKLES.PVM,nprf_14,
SATranslation/system/TUTOMSG_KNUCKLES.PVM,nprf_15,
SATranslation/system/TUTOMSG_KNUCKLES.PVM,nprf_16,
SATranslation/system/TUTOMSG_KNUCKLES.PVM,nprf_17,
SATranslation/system/TUTOMSG_KNUCKLES.PVM,nprf_18,
SATranslation/system/TUTOMSG_KNUCKLES.PVM,nprf_21,
SATranslation/system/TUTOMSG_KNUCKLES.PVM,nprf_22,
SATranslation/system/TUTOMSG_KNUCKLES.PVM,nprf_29,
SATranslation/system/TUTOMSG_KNUCKLES.PVM,nprf_30,
SATranslation/system/TUTOMSG_KNUCKLES.PVM,nprf_31,
SATranslation/system/TUTOMSG_KNUCKLES.PVM,nprf_32,
SATranslation/system/TUTOMSG_KNUCKLES.PVM,nprf_33,
SATranslation/system/TUTOMSG_KNUCKLES.PVM,nprf_34,
SATranslation/system/TUTOMSG_KNUCKLES.PVM,nprf_35,
SATranslation/system/TUTOMSG_KNUCKLES.PVM,nprf_36,
SATranslation/system/TUTOMSG_KNUCKLES.PVM,nprf_37,
SATranslation/system/TUTOMSG_KNUCKLES.PVM,nprf_38,
SATranslation/system/TUTOMSG_KNUCKLES.PVM,nprf_39,
SATranslation/system/TUTOMSG_KNUCKLES.PVM,prf_null0,
SATranslation/system/TUTOMSG_KNUCKLES_E.PVM,tprf_06_e,EN
SATranslation/system/TUTOMSG_KNUCKLES_E.PVM,nprf_03_e,EN
SATranslation/system/TUTOMSG_KNUCKLES_E.PVM,nprf_05_e,EN
SATranslation/system/TUTOMSG_KNUCKLES_E.PVM,nprf_07_e,EN
SATranslation/system/TUTOMSG_KNUCKLES_E.PVM,nprf_08_e,EN
SATranslation/system/TUTOMSG_KNUCKLES_E.PVM,nprf_09_e,EN
SATranslation/system/TUTOMSG_KNUCKLES_E.PVM,nprf_10_e,EN
SATranslation/system/TUTOMSG_KNUCKLES_E.PVM,nprf_11_e,EN
SATranslation/system/TUTOMSG_KNUCKLES_E.PVM,nprf_12_e,EN
SATranslation/system/TUTOMSG_KNUCKLES_E.PVM,nprf_13_e,EN
SATranslation/system/TUTOMSG_KNUCKLES_E.PVM,nprf_14_e,EN
SATranslation/system/TUTOMSG_KNUCKLES_E.PVM,nprf_15_e,EN
SATranslation/system/TUTOMSG_KNUCKLES_E.PVM,nprf_16_e,EN
SATranslation/system/TUTOMSG_KNUCKLES_E.PVM,nprf_17_e,EN
SATranslation/system/TUTOMSG_KNUCKLES_E.PVM,nprf_18_e,EN
SATranslation/system/TUTOMSG_KNUCKLES_E.PVM,nprf_21_e,EN
SATranslation/system/TUTOMSG_KNUCKLES_E.PVM,nprf_22_e,EN
SATranslation/system/TUTOMSG_KNUCKLES_E.PVM,nprf_29_e,EN
SATranslation/system/TUTOMSG_KNUCKLES_E.PVM,nprf_30_e,EN
SATranslation/system/TUTOMSG_KNUCKLES_E.PVM,prf_null0,
SATranslation/system/TUTOMSG_KNUCKLES_E.PVM,prf_null1,
SATranslation/system/TUTOMSG_KNUCKLES_E.PVM,prf_null2,
SATranslation/system/TUTOMSG_KNUCKLES_E.PVM,prf_null3,
SATranslation/system/TUTOMSG_KNUCKLES_E.PVM,prf_null4,
SATranslation/system/TUTOMSG_KNUCKLES_E.PVM,nprf_36_e,EN
SATranslation/system/TUTOMSG_KNUCKLES_E.PVM,nprf_37_e,EN
SATranslation/system/TUTOMSG_KNUCKLES_E.PVM,prf_null7,
SATranslation/system/TUTOMSG_KNUCKLES_E.PVM,nprf_39_e,EN
SATranslation/system/TUTOMSG_KNUCKLES_E.PVM,prf_null5,
SATranslation/system/TUTOMSG_KNUCKLES_F.PVM,tprf_06_f,FR
SATranslation/system/TUTOMSG_KNUCKLES_F.PVM,nprf_03_f,FR
SATranslation/system/TUTOMSG_KNUCKLES_F.PVM,nprf_05_f,FR
SATranslation/system/TUTOMSG_KNUCKLES_F.PVM,nprf_07_f,FR
SATranslation/system/TUTOMSG_KNUCKLES_F.PVM,nprf_08_f,FR
SATranslation/system/TUTOMSG_KNUCKLES_F.PVM,nprf_09_f,FR
SATranslation/system/TUTOMSG_KNUCKLES_F.PVM,nprf_10_f,FR
SATranslation/system/TUTOMSG_KNUCKLES_F.PVM,nprf_11_f,FR
SATranslation/system/TUTOMSG_KNUCKLES_F.PVM,nprf_12_f,FR
SATranslation/system/TUTOMSG_KNUCKLES_F.PVM,nprf_13_f,FR
SATranslation/system/TUTOMSG_KNUCKLES_F.PVM,nprf_14_f,FR
SATranslation/system/TUTOMSG_KNUCKLES_F.PVM,nprf_15_f,FR
SATranslation/system/TUTOMSG_KNUCKLES_F.PVM,nprf_16_f,FR
SATranslation/system/TUTOMSG_KNUCKLES_F.PVM,nprf_17_f,FR
SATranslation/system/TUTOMSG_KNUCKLES_F.PVM,nprf_18_f,FR
SATranslation/system/TUTOMSG_KNUCKLES_F.PVM,nprf_21_f,FR
SATranslation/system/TUTOMSG_KNUCKLES_F.PVM,nprf_22_f,FR
SATranslation/system/TUTOMSG_KNUCKLES_F.PVM,nprf_29_f,FR
SATranslation/system/TUTOMSG_KNUCKLES_F.PVM,nprf_30_f,FR
SATranslation/system/TUTOMSG_KNUCKLES_F.PVM,prf_null0,
SATranslation/system/TUTOMSG_KNUCKLES_F.PVM,prf_null1,
SATranslation/system/TUTOMSG_KNUCKLES_F.PVM,prf_null2,
SATranslation/system/TUTOMSG_KNUCKLES_F.PVM,prf_null3,
SATranslation/system/TUTOMSG_KNUCKLES_F.PVM,prf_null4,
SATranslation/system/TUTOMSG_KNUCKLES_F.PVM,nprf_36_f,FR
SATranslation/system/TUTOMSG_KNUCKLES_F.PVM,nprf_37_f,FR
SATranslation/system/TUTOMSG_KNUCKLES_F.PVM,prf_null7,
SATranslation/system/TUTOMSG_KNUCKLES_F.PVM,nprf_39_f,FR
SATranslation/system/TUTOMSG_KNUCKLES_F.PVM,nprf_40_f,FR
SATranslation/system/TUTOMSG_KNUCKLES_G.PVM,tprf_06_g,DE
SATranslation/system/TUTOMSG_KNUCKLES_G.PVM,nprf_03_g,DE
SATranslation/system/TUTOMSG_KNUCKLES_G.PVM,nprf_05_g,DE
SATranslation/system/TUTOMSG_KNUCKLES_G.PVM,nprf_07_g,DE
SATranslation/system/TUTOMSG_KNUCKLES_G.PVM,nprf_08_g,DE
SATranslation/system/TUTOMSG_KNUCKLES_G.PVM,nprf_09_g,DE
SATranslation/system/TUTOMSG_KNUCKLES_G.PVM,nprf_10_g,DE
SATranslation/system/TUTOMSG_KNUCKLES_G.PVM,nprf_11_g,DE
SATranslation/system/TUTOMSG_KNUCKLES_G.PVM,nprf_12_g,DE
SATranslation/system/TUTOMSG_KNUCKLES_G.PVM,nprf_13_g,DE
SATranslation/system/TUTOMSG_KNUCKLES_G.PVM,nprf_14_g,DE
SATranslation/system/TUTOMSG_KNUCKLES_G.PVM,nprf_15_g,DE
SATranslation/system/TUTOMSG_KNUCKLES_G.PVM,nprf_16_g,DE
SATranslation/system/TUTOMSG_KNUCKLES_G.PVM,nprf_17_g,DE
SATranslation/system/TUTOMSG_KNUCKLES_G.PVM,nprf_18_g,DE
SATranslation/system/TUTOMSG_KNUCKLES_G.PVM,nprf_21_g,DE
SATranslation/system/TUTOMSG_KNUCKLES_G.PVM,nprf_22_g,DE
SATranslation/system/TUTOMSG_KNUCKLES_G.PVM,nprf_29_g,DE
SATranslation/system/TUTOMSG_KNUCKLES_G.PVM,nprf_30_g,DE
SATranslation/system/TUTOMSG_KNUCKLES_G.PVM,prf_null0,
SATranslation/system/TUTOMSG_KNUCKLES_G.PVM,prf_null1,
SATranslation/system/TUTOMSG_KNUCKLES_G.PVM,prf_null2,
SATranslation/system/TUTOMSG_KNUCKLES_G.PVM,prf_null3,
SATranslation/system/TUTOMSG_KNUCKLES_G.PVM,prf_null4,
SATranslation/system/TUTOMSG_KNUCKLES_G.PVM,nprf_36_g,DE
SATranslation/system/TUTOMSG_KNUCKLES_G.PVM,nprf_37_g,DE
SATranslation/system/TUTOMSG_KNUCKLES_G.PVM,prf_null7,
SATranslation/system/TUTOMSG_KNUCKLES_G.PVM,nprf_39_g,DE
SATranslation/system/TUTOMSG_KNUCKLES_G.PVM,nprf_13b_g,DE
SATranslation/system/TUTOMSG_KNUCKLES_S.PVM,tprf_06_s,ES
SATranslation/system/TUTOMSG_KNUCKLES_S.PVM,nprf_03_s,ES
SATranslation/system/TUTOMSG_KNUCKLES_S.PVM,nprf_05_s,ES
SATranslation/system/TUTOMSG_KNUCKLES_S.PVM,nprf_07_s,ES
SATranslation/system/TUTOMSG_KNUCKLES_S.PVM,nprf_08_s,ES
SATranslation/system/TUTOMSG_KNUCKLES_S.PVM,nprf_09_s,ES
SATranslation/system/TUTOMSG_KNUCKLES_S.PVM,nprf_10_s,ES
SATranslation/system/TUTOMSG_KNUCKLES_S.PVM,nprf_11_s,ES
SATranslation/system/TUTOMSG_KNUCKLES_S.PVM,nprf_12_s,ES
SATranslation/system/TUTOMSG_KNUCKLES_S.PVM,nprf_13_s,ES
SATranslation/system/TUTOMSG_KNUCKLES_S.PVM,nprf_14_s,ES
SATranslation/system/TUTOMSG_KNUCKLES_S.PVM,nprf_15_s,ES
SATranslation/system/TUTOMSG_KNUCKLES_S.PVM,nprf_16_s,ES
SATranslation/system/TUTOMSG_KNUCKLES_S.PVM,nprf_17_s,ES
SATranslation/system/TUTOMSG_KNUCKLES_S.PVM,nprf_18_s,ES
SATranslation/system/TUTOMSG_KNUCKLES_S.PVM,nprf_21_s,ES
SATranslation/system/TUTOMSG_KNUCKLES_S.PVM,nprf_22_s,ES
SATranslation/system/TUTOMSG_KNUCKLES_S.PVM,nprf_29_s,ES
SATranslation/system/TUTOMSG_KNUCKLES_S.PVM,nprf_30_s,ES
SATranslation/system/TUTOMSG_KNUCKLES_S.PVM,prf_null0,
SATranslation/system/TUTOMSG_KNUCKLES_S.PVM,prf_null1,
SATranslation/system/TUTOMSG_KNUCKLES_S.PVM,prf_null2,
SATranslation/system/TUTOMSG_KNUCKLES_S.PVM,prf_null3,
SATranslation/system/TUTOMSG_KNUCKLES_S.PVM,prf_null4,
SATranslation/system/TUTOMSG_KNUCKLES_S.PVM,nprf_36_s,ES
SATranslation/system/TUTOMSG_KNUCKLES_S.PVM,nprf_37_s,ES
SATranslation/system/TUTOMSG_KNUCKLES_S.PVM,prf_null7,
SATranslation/system/TUTOMSG_KNUCKLES_S.PVM,nprf_39_s,ES
SATranslation/system/TUTOMSG_KNUCKLES_S.PVM,prf_null5,
SATranslation/system/TUTOMSG_SONIC.PVM,padmanu,
SATranslation/system/TUTOMSG_SONIC.PVM,sprf_01,
SATranslation/system/TUTOMSG_SONIC.PVM,sprf_02,
SATranslation/system/TUTOMSG_SONIC.PVM,sprf_03,
SATranslation/system/TUTOMSG_SONIC.PVM,sprf_04,
SATranslation/system/TUTOMSG_SONIC.PVM,sprf_05,
SATranslation/system/TUTOMSG_SONIC.PVM,sprf_06,
SATranslation/system/TUTOMSG_SONIC.PVM,sprf_07,
SATranslation/system/TUTOMSG_SONIC.PVM,sprf_08,
SATranslation/system/TUTOMSG_SONIC.PVM,sprf_09,
SATranslation/system/TUTOMSG_SONIC.PVM,sprf_10,
SATranslation/system/TUTOMSG_SONIC.PVM,sprf_11,
SATranslation/system/TUTOMSG_SONIC.PVM,sprf_12,
SATranslation/system/TUTOMSG_SONIC.PVM,sprf_13,
SATranslation/system/TUTOMSG_SONIC.PVM,sprf_14,
SATranslation/system/TUTOMSG_SONIC.PVM,sprf_15,
SATranslation/system/TUTOMSG_SONIC.PVM,sprf_16,
SATranslation/system/TUTOMSG_SONIC.PVM,sprf_17,
SATranslation/system/TUTOMSG_SONIC.PVM,sprf_18,
SATranslation/system/TUTOMSG_SONIC.PVM,sprf_19,
SATranslation/system/TUTOMSG_SONIC.PVM,sprf_20,
SATranslation/system/TUTOMSG_SONIC.PVM,sprf_21,
SATranslation/system/TUTOMSG_SONIC.PVM,sprf_22,
SATranslation/system/TUTOMSG_SONIC.PVM,sprf_23,
SATranslation/system/TUTOMSG_SONIC.PVM,sprf_24,
SATranslation/system/TUTOMSG_SONIC.PVM,sprf_25,
SATranslation/system/TUTOMSG_SONIC.PVM,sprf_26,
SATranslation/system/TUTOMSG_SONIC.PVM,sprf_27,
SATranslation/system/TUTOMSG_SONIC.PVM,sprf_28,
SATranslation/system/TUTOMSG_SONIC.PVM,sprf_29,
SATranslation/system/TUTOMSG_SONIC.PVM,sprf_30,
SATranslation/system/TUTOMSG_SONIC.PVM,prf_null0,
SATranslation/system/TUTOMSG_SONIC.PVM,prf_null1,
SATranslation/system/TUTOMSG_SONIC_E.PVM,padmanu,
SATranslation/system/TUTOMSG_SONIC_E.PVM,sprf_01_e,EN
SATranslation/system/TUTOMSG_SONIC_E.PVM,sprf_02_e,EN
SATranslation/system/TUTOMSG_SONIC_E.PVM,sprf_03_e,EN
SATranslation/system/TUTOMSG_SONIC_E.PVM,sprf_04_e,EN
SATranslation/system/TUTOMSG_SONIC_E.PVM,sprf_05_e,EN
SATranslation/system/TUTOMSG_SONIC_E.PVM,sprf_06_e,EN
SATranslation/system/TUTOMSG_SONIC_E.PVM,sprf_07_e,EN
SATranslation/system/TUTOMSG_SONIC_E.PVM,sprf_08_e,EN
SATranslation/system/TUTOMSG_SONIC_E.PVM,sprf_09_e,EN
SATranslation/system/TUTOMSG_SONIC_E.PVM,sprf_10_e,EN
SATranslation/system/TUTOMSG_SONIC_E.PVM,sprf_11_e,EN
SATranslation/system/TUTOMSG_SONIC_E.PVM,sprf_12_e,EN
SATranslation/system/TUTOMSG_SONIC_E.PVM,sprf_13_e,EN
SATranslation/system/TUTOMSG_SONIC_E.PVM,sprf_14_e,EN
SATranslation/system/TUTOMSG_SONIC_E.PVM,sprf_15_e,EN
SATranslation/system/TUTOMSG_SONIC_E.PVM,sprf_16_e,EN
SATranslation/system/TUTOMSG_SONIC_E.PVM,sprf_17_e,EN
SATranslation/system/TUTOMSG_SONIC_E.PVM,sprf_18_e,EN
SATranslation/system/TUTOMSG_SONIC_E.PVM,sprf_19_e,EN
SATranslation/system/TUTOMSG_SONIC_E.PVM,sprf_20_e,EN
SATranslation/system/TUTOMSG_SONIC_E.PVM,sprf_21_e,EN
SATranslation/system/TUTOMSG_SONIC_E.PVM,sprf_22_e,EN
SATranslation/system/TUTOMSG_SONIC_E.PVM,sprf_23_e,EN
SATranslation/system/TUTOMSG_SONIC_E.PVM,sprf_24_e,EN
SATranslation/system/TUTOMSG_SONIC_E.PVM,sprf_25_e,EN
SATranslation/system/TUTOMSG_SONIC_E.PVM,sprf_26_e,EN
SATranslation/system/TUTOMSG_SONIC_E.PVM,sprf_27_e,EN
SATranslation/system/TUTOMSG_SONIC_E.PVM,sprf_28_e,EN
SATranslation/system/TUTOMSG_SONIC_E.PVM,sprf_29_e,EN
SATranslation/system/TUTOMSG_SONIC_E.PVM,sprf_30_e,EN
SATranslation/system/TUTOMSG_SONIC_E.PVM,sprf_23b_e,EN
SATranslation/system/TUTOMSG_SONIC_E.PVM,sprf_02b_e,EN
SATranslation/system/TUTOMSG_SONIC_F.PVM,padmanu,
SATranslation/system/TUTOMSG_SONIC_F.PVM,sprf_01_f,FR
SATranslation/system/TUTOMSG_SONIC_F.PVM,sprf_02_f,FR
SATranslation/system/TUTOMSG_SONIC_F.PVM,sprf_03_f,FR
SATranslation/system/TUTOMSG_SONIC_F.PVM,sprf_04_f,FR
SATranslation/system/TUTOMSG_SONIC_F.PVM,sprf_05_f,FR
SATranslation/system/TUTOMSG_SONIC_F.PVM,sprf_06_f,FR
SATranslation/system/TUTOMSG_SONIC_F.PVM,sprf_07_f,FR
SATranslation/system/TUTOMSG_SONIC_F.PVM,sprf_08_f,FR
SATranslation/system/TUTOMSG_SONIC_F.PVM,sprf_09_f,FR
SATranslation/system/TUTOMSG_SONIC_F.PVM,sprf_10_f,FR
SATranslation/system/TUTOMSG_SONIC_F.PVM,sprf_11_f,FR
SATranslation/system/TUTOMSG_SONIC_F.PVM,sprf_12_f,FR
SATranslation/system/TUTOMSG_SONIC_F.PVM,sprf_13_f,FR
SATranslation/system/TUTOMSG_SONIC_F.PVM,sprf_14_f,FR
SATranslation/system/TUTOMSG_SONIC_F.PVM,sprf_15_f,FR
SATranslation/system/TUTOMSG_SONIC_F.PVM,sprf_16_f,FR
SATranslation/system/TUTOMSG_SONIC_F.PVM,sprf_17_f,FR
SATranslation/system/TUTOMSG_SONIC_F.PVM,sprf_18_f,FR
SATranslation/system/TUTOMSG_SONIC_F.PVM,sprf_19_f,FR
SATranslation/system/TUTOMSG_SONIC_F.PVM,sprf_20_f,FR
SATranslation/system/TUTOMSG_SONIC_F.PVM,sprf_21_f,FR
SATranslation/system/TUTOMSG_SONIC_F.PVM,sprf_22_f,FR
SATranslation/system/TUTOMSG_SONIC_F.PVM,sprf_23_f,FR
SATranslation/system/TUTOMSG_SONIC_F.PVM,sprf_24_f,FR
SATranslation/system/TUTOMSG_SONIC_F.PVM,sprf_25_f,FR
SATranslation/system/TUTOMSG_SONIC_F.PVM,sprf_26_f,FR
SATranslation/system/TUTOMSG_SONIC_F.PVM,sprf_27_f,FR
SATranslation/system/TUTOMSG_SONIC_F.PVM,sprf_28_f,FR
SATranslation/system/TUTOMSG_SONIC_F.PVM,sprf_29_f,FR
SATranslation/system/TUTOMSG_SONIC_F.PVM,sprf_30_f,FR
SATranslation/system/TUTOMSG_SONIC_F.PVM,sprf_23a_f,FR
SATranslation/system/TUTOMSG_SONIC_F.PVM,sprf_02b_f,FR
SATranslation/system/TUTOMSG_SONIC_G.PVM,padmanu,
SATranslation/system/TUTOMSG_SONIC_G.PVM,sprf_01_g,DE
SATranslation/system/TUTOMSG_SONIC_G.PVM,sprf_02_g,DE
SATranslation/system/TUTOMSG_SONIC_G.PVM,sprf_03_g,DE
SATranslation/system/TUTOMSG_SONIC_G.PVM,sprf_04_g,DE
SATranslation/system/TUTOMSG_SONIC_G.PVM,sprf_05_g,DE
SATranslation/system/TUTOMSG_SONIC_G.PVM,sprf_06_g,DE
SATranslation/system/TUTOMSG_SONIC_G.PVM,sprf_07_g,DE
SATranslation/system/TUTOMSG_SONIC_G.PVM,sprf_08_g,DE
SATranslation/system/TUTOMSG_SONIC_G.PVM,sprf_09_g,DE
SATranslation/system/TUTOMSG_SONIC_G.PVM,sprf_10_g,DE
SATranslation/system/TUTOMSG_SONIC_G.PVM,sprf_11_g,DE
SATranslation/system/TUTOMSG_SONIC_G.PVM,sprf_12_g,DE
SATranslation/system/TUTOMSG_SONIC_G.PVM,sprf_13_g,DE
SATranslation/system/TUTOMSG_SONIC_G.PVM,sprf_14_g,DE
SATranslation/system/TUTOMSG_SONIC_G.PVM,sprf_15_g,DE
SATranslation/system/TUTOMSG_SONIC_G.PVM,sprf_16_g,DE
SATranslation/system/TUTOMSG_SONIC_G.PVM,sprf_17_g,DE
SATranslation/system/TUTOMSG_SONIC_G.PVM,prf_null1,
SATranslation/system/TUTOMSG_SONIC_G.PVM,sprf_19_g,DE
SATranslation/system/TUTOMSG_SONIC_G.PVM,sprf_20_g,DE
SATranslation/system/TUTOMSG_SONIC_G.PVM,sprf_21_g,DE
SATranslation/system/TUTOMSG_SONIC_G.PVM,sprf_22_g,DE
SATranslation/system/TUTOMSG_SONIC_G.PVM,sprf_23_g,DE
SATranslation/system/TUTOMSG_SONIC_G.PVM,sprf_24_g,DE
SATranslation/system/TUTOMSG_SONIC_G.PVM,sprf_25_g,DE
SATranslation/system/TUTOMSG_SONIC_G.PVM,sprf_26_g,DE
SATranslation/system/TUTOMSG_SONIC_G.PVM,sprf_27_g,DE
SATranslation/system/TUTOMSG_SONIC_G.PVM,sprf_28_g,DE
SATranslation/system/TUTOMSG_SONIC_G.PVM,sprf_29_g,DE
SATranslation/system/TUTOMSG_SONIC_G.PVM,sprf_30_g,DE
SATranslation/system/TUTOMSG_SONIC_G.PVM,prf_null0,
SATranslation/system/TUTOMSG_SONIC_G.PVM,sprf_02b_g,DE
SATranslation/system/TUTOMSG_SONIC_S.PVM,padmanu,
SATranslation/system/TUTOMSG_SONIC_S.PVM,sprf_01_s,ES
SATranslation/system/TUTOMSG_SONIC_S.PVM,sprf_02_s,ES
SATranslation/system/TUTOMSG_SONIC_S.PVM,sprf_03_s,ES
SATranslation/system/TUTOMSG_SONIC_S.PVM,sprf_04_s,ES
SATranslation/system/TUTOMSG_SONIC_S.PVM,sprf_05_s,ES
SATranslation/system/TUTOMSG_SONIC_S.PVM,sprf_06_s,ES
SATranslation/system/TUTOMSG_SONIC_S.PVM,sprf_07_s,ES
SATranslation/system/TUTOMSG_SONIC_S.PVM,sprf_08_s,ES
SATranslation/system/TUTOMSG_SONIC_S.PVM,sprf_09_s,ES
SATranslation/system/TUTOMSG_SONIC_S.PVM,sprf_10_s,ES
SATranslation/system/TUTOMSG_SONIC_S.PVM,sprf_11_s,ES
SATranslation/system/TUTOMSG_SONIC_S.PVM,sprf_12_s,ES
SATranslation/system/TUTOMSG_SONIC_S.PVM,sprf_13_s,ES
SATranslation/system/TUTOMSG_SONIC_S.PVM,sprf_14_s,ES
SATranslation/system/TUTOMSG_SONIC_S.PVM,sprf_15_s,ES
SATranslation/system/TUTOMSG_SONIC_S.PVM,sprf_16_s,ES
SATranslation/system/TUTOMSG_SONIC_S.PVM,sprf_17_s,ES
SATranslation/system/TUTOMSG_SONIC_S.PVM,sprf_18_s,ES
SATranslation/system/TUTOMSG_SONIC_S.PVM,sprf_19_s,ES
SATranslation/system/TUTOMSG_SONIC_S.PVM,sprf_20_s,ES
SATranslation/system/TUTOMSG_SONIC_S.PVM,sprf_21_s,ES
SATranslation/system/TUTOMSG_SONIC_S.PVM,sprf_22_s,ES
SATranslation/system/TUTOMSG_SONIC_S.PVM,sprf_23_s,ES
SATranslation/system/TUTOMSG_SONIC_S.PVM,sprf_24_s,ES
SATranslation/system/TUTOMSG_SONIC_S.PVM,sprf_25_s,ES
SATranslation/system/TUTOMSG_SONIC_S.PVM,sprf_26_s,ES
SATranslation/system/TUTOMSG_SONIC_S.PVM,sprf_27_s,ES
SATranslation/system/TUTOMSG_SONIC_S.PVM,prf_null0,
SATranslation/system/TUTOMSG_SONIC_S.PVM,sprf_29_s,ES
SATranslation/system/TUTOMSG_SONIC_S.PVM,sprf_30_s,ES
SATranslation/system/TUTOMSG_SONIC_S.PVM,sprf_23a_s,ES
SATranslation/system/TUTOMSG_SONIC_S.PVM,sprf_02b_s,ES
SATranslation/system/TUTOMSG_TAILS.PVM,tprf_01,
SATranslation/system/TUTOMSG_TAILS.PVM,tprf_02,
SATranslation/system/TUTOMSG_TAILS.PVM,tprf_03,
SATranslation/system/TUTOMSG_TAILS.PVM,tprf_04,
SATranslation/system/TUTOMSG_TAILS.PVM,tprf_05,
SATranslation/system/TUTOMSG_TAILS.PVM,tprf_08,
SATranslation/system/TUTOMSG_TAILS.PVM,tprf_09,
SATranslation/system/TUTOMSG_TAILS.PVM,tprf_10,
SATranslation/system/TUTOMSG_TAILS.PVM,tprf_11,
SATranslation/system/TUTOMSG_TAILS.PVM,tprf_12,
SATranslation/system/TUTOMSG_TAILS.PVM,tprf_13,
SATranslation/system/TUTOMSG_TAILS.PVM,tprf_15,
SATranslation/system/TUTOMSG_TAILS.PVM,tprf_16,
SATranslation/system/TUTOMSG_TAILS.PVM,tprf_23,
SATranslation/system/TUTOMSG_TAILS.PVM,tprf_24,
SATranslation/system/TUTOMSG_TAILS.PVM,tprf_25,
SATranslation/system/TUTOMSG_TAILS.PVM,tprf_26,
SATranslation/system/TUTOMSG_TAILS.PVM,prf_null0,
SATranslation/system/TUTOMSG_TAILS.PVM,prf_null1,
SATranslation/system/TUTOMSG_TAILS.PVM,prf_null2,
SATranslation/system/TUTOMSG_TAILS_E.PVM,sprf_01_e,EN
SATranslation/system/TUTOMSG_TAILS_E.PVM,sprf_02_e,EN
SATranslation/system/TUTOMSG_TAILS_E.PVM,tprf_03_e,EN
SATranslation/system/TUTOMSG_TAILS_E.PVM,sprf_04_e,EN
SATranslation/system/TUTOMSG_TAILS_E.PVM,tprf_05_e,EN
SATranslation/system/TUTOMSG_TAILS_E.PVM,tprf_08_e,EN
SATranslation/system/TUTOMSG_TAILS_E.PVM,tprf_09_e,EN
SATranslation/system/TUTOMSG_TAILS_E.PVM,tprf_10_e,EN
SATranslation/system/TUTOMSG_TAILS_E.PVM,tprf_11_e,EN
SATranslation/system/TUTOMSG_TAILS_E.PVM,tprf_12_e,EN
SATranslation/system/TUTOMSG_TAILS_E.PVM,tprf_13_e,EN
SATranslation/system/TUTOMSG_TAILS_E.PVM,tprf_15_e,EN
SATranslation/system/TUTOMSG_TAILS_E.PVM,tprf_16_e,EN
SATranslation/system/TUTOMSG_TAILS_E.PVM,tprf_23_e,EN
SATranslation/system/TUTOMSG_TAILS_E.PVM,tprf_24_e,EN
SATranslation/system/TUTOMSG_TAILS_E.PVM,sprf_25_e,EN
SATranslation/system/TUTOMSG_TAILS_E.PVM,sprf_26_e,EN
SATranslation/system/TUTOMSG_TAILS_E.PVM,tprf_06_e,EN
SATranslation/system/TUTOMSG_TAILS_E.PVM,tprf_07_e,EN
SATranslation/system/TUTOMSG_TAILS_E.PVM,sprf_02b_e,EN
SATranslation/system/TUTOMSG_TAILS_F.PVM,sprf_01_f,FR
SATranslation/system/TUTOMSG_TAILS_F.PVM,sprf_02_f,FR
SATranslation/system/TUTOMSG_TAILS_F.PVM,tprf_03_f,FR
SATranslation/system/TUTOMSG_TAILS_F.PVM,sprf_04_f,FR
SATranslation/system/TUTOMSG_TAILS_F.PVM,tprf_05_f,FR
SATranslation/system/TUTOMSG_TAILS_F.PVM,tprf_08_f,FR
SATranslation/system/TUTOMSG_TAILS_F.PVM,tprf_09_f,FR
SATranslation/system/TUTOMSG_TAILS_F.PVM,tprf_10_f,FR
SATranslation/system/TUTOMSG_TAILS_F.PVM,tprf_11_f,FR
SATranslation/system/TUTOMSG_TAILS_F.PVM,tprf_12_f,FR
SATranslation/system/TUTOMSG_TAILS_F.PVM,tprf_13_f,FR
SATranslation/system/TUTOMSG_TAILS_F.PVM,tprf_15_f,FR
SATranslation/system/TUTOMSG_TAILS_F.PVM,tprf_16_f,FR
SATranslation/system/TUTOMSG_TAILS_F.PVM,tprf_23_f,FR
SATranslation/system/TUTOMSG_TAILS_F.PVM,tprf_24_f,FR
SATranslation/system/TUTOMSG_TAILS_F.PVM,sprf_25_f,FR
SATranslation/system/TUTOMSG_TAILS_F.PVM,sprf_26_f,FR
SATranslation/system/TUTOMSG_TAILS_F.PVM,tprf_06_f,FR
SATranslation/system/TUTOMSG_TAILS_F.PVM,tprf_07_f,FR
SATranslation/system/TUTOMSG_TAILS_F.PVM,sprf_02b_f,FR
SATranslation/system/TUTOMSG_TAILS_G.PVM,sprf_01_g,DE
SATranslation/system/TUTOMSG_TAILS_G.PVM,sprf_02_g,DE
SATranslation/system/TUTOMSG_TAILS_G.PVM,tprf_03_g,DE
SATranslation/system/TUTOMSG_TAILS_G.PVM,sprf_04_g,DE
SATranslation/system/TUTOMSG_TAILS_G.PVM,tprf_05_g,DE
SATranslation/system/TUTOMSG_TAILS_G.PVM,tprf_08_g,DE
SATranslation/system/TUTOMSG_TAILS_G.PVM,tprf_09_g,DE
SATranslation/system/TUTOMSG_TAILS_G.PVM,tprf_10_g,DE
SATranslation/system/TUTOMSG_TAILS_G.PVM,tprf_11_g,DE
SATranslation/system/TUTOMSG_TAILS_G.PVM,tprf_12_g,DE
SATranslation/system/TUTOMSG_TAILS_G.PVM,tprf_13_g,DE
SATranslation/system/TUTOMSG_TAILS_G.PVM,tprf_15_g,DE
SATranslation/system/TUTOMSG_TAILS_G.PVM,tprf_16_g,DE
SATranslation/system/TUTOMSG_TAILS_G.PVM,tprf_23_g,DE
SATranslation/system/TUTOMSG_TAILS_G.PVM,tprf_24_g,DE
SATranslation/system/TUTOMSG_TAILS_G.PVM,sprf_25_g,DE
SATranslation/system/TUTOMSG_TAILS_G.PVM,sprf_26_g,DE
SATranslation/system/TUTOMSG_TAILS_G.PVM,tprf_06_g,DE
SATranslation/system/TUTOMSG_TAILS_G.PVM,tprf_07_g,DE
SATranslation/system/TUTOMSG_TAILS_G.PVM,sprf_02b_g,DE
SATranslation/system/TUTOMSG_TAILS_S.PVM,sprf_01_s,ES
SATranslation/system/TUTOMSG_TAILS_S.PVM,sprf_02_s,ES
SATranslation/system/TUTOMSG_TAILS_S.PVM,tprf_03_s,ES
SATranslation/system/TUTOMSG_TAILS_S.PVM,sprf_04_s,ES
SATranslation/system/TUTOMSG_TAILS_S.PVM,tprf_05_s,ES
SATranslation/system/TUTOMSG_TAILS_S.PVM,tprf_08_s,ES
SATranslation/system/TUTOMSG_TAILS_S.PVM,tprf_09_s,ES
SATranslation/system/TUTOMSG_TAILS_S.PVM,tprf_10_s,ES
SATranslation/system/TUTOMSG_TAILS_S.PVM,tprf_11_s,ES
SATranslation/system/TUTOMSG_TAILS_S.PVM,prf_null0,
SATranslation/system/TUTOMSG_TAILS_S.PVM,tprf_13_s,ES
SATranslation/system/TUTOMSG_TAILS_S.PVM,tprf_15_s,ES
SATranslation/system/TUTOMSG_TAILS_S.PVM,prf_null1,
SATranslation/system/TUTOMSG_TAILS_S.PVM,tprf_23_s,ES
SATranslation/system/TUTOMSG_TAILS_S.PVM,tprf_24_s,ES
SATranslation/system/TUTOMSG_TAILS_S.PVM,sprf_25_s,ES
SATranslation/system/TUTOMSG_TAILS_S.PVM,sprf_26_s,ES
SATranslation/system/TUTOMSG_TAILS_S.PVM,tprf_06_s,ES
SATranslation/system/TUTOMSG_TAILS_S.PVM,tprf_07_s,ES
SATranslation/system/TUTOMSG_TAILS_S.PVM,sprf_02b_s,ES
SATranslation/system/TVSETTING.PVM,count1,
SATranslation/system/TVSETTING.PVM,count2,
SATranslation/system/TVSETTING.PVM,count3,
SATranslation/system/TVSETTING.PVM,op_50_tx,
SATranslation/system/TVSETTING.PVM,op_60_tx,
SATranslation/system/TVSETTING.PVM,op_paltest1,
SATranslation/system/TVSETTING.PVM,op_paltest2,
SATranslation/system/TVSETTING.PVM,op_paltest3,
SATranslation/system/TVSETTING.PVM,op_paltest4,
SATranslation/system/TVSETTING.PVM,op_paltest5,
SATranslation/system/TVSETTING.PVM,op_paltest6,
SATranslation/system/TVSETTING.PVM,op_paltest7,
SATranslation/system/TVSETTING.PVM,op_paltest8,
SATranslation/system/TVSETTING.PVM,op_tvtest_tx,
SATranslation/system/TVSETTING.PVM,op_text_50hza,
SATranslation/system/TVSETTING.PVM,op_text_50hzb,
SATranslation/system/TVSETTING.PVM,op_text_60hza,
SATranslation/system/TVSETTING.PVM,op_text_60hzb,
SATranslation/system/TVSETTING.PVM,op_text_tes1,
SATranslation/system/TVSETTING.PVM,op_text_tes2,
SATranslation/system/TVSETTING.PVM,op_text_tes3,
SATranslation/system/TVSETTING.PVM,op_text_tes4,
SATranslation/system/TVSETTING.PVM,op_tvset_ttl,
SATranslation/system/TWINKLE01.PVM,m128_tp2_009,
SATranslation/system/TWINKLE01.PVM,m32_tp2_002,
SATranslation/system/TWINKLE01.PVM,m64_tp1_100,
SATranslation/system/TWINKLE01.PVM,tp1_1,
SATranslation/system/TWINKLE01.PVM,tp1_11,
SATranslation/system/TWINKLE01.PVM,tp1_14,
SATranslation/system/TWINKLE01.PVM,tp1_15,
SATranslation/system/TWINKLE01.PVM,tp1_16,
SATranslation/system/TWINKLE01.PVM,tp1_17,
SATranslation/system/TWINKLE01.PVM,tp1_2,
SATranslation/system/TWINKLE01.PVM,tp1_21,
SATranslation/system/TWINKLE01.PVM,tp1_22,
SATranslation/system/TWINKLE01.PVM,tp1_23,
SATranslation/system/TWINKLE01.PVM,tp1_24,
SATranslation/system/TWINKLE01.PVM,tp1_3,
SATranslation/system/TWINKLE01.PVM,tp1_4,
SATranslation/system/TWINKLE01.PVM,tp1_5,
SATranslation/system/TWINKLE01.PVM,tp1_5_2,
SATranslation/system/TWINKLE01.PVM,tp1_7,
SATranslation/system/TWINKLE01.PVM,tp1_999,
SATranslation/system/TWINKLE01.PVM,tp1_b_st,
SATranslation/system/TWINKLE01.PVM,tp1_denkou00,
SATranslation/system/TWINKLE01.PVM,tp1_denkou01,
SATranslation/system/TWINKLE01.PVM,tp1_flashpanel,
SATranslation/system/TWINKLE01.PVM,tp1_flashpanel_b,
SATranslation/system/TWINKLE01.PVM,tp1_minilight,
SATranslation/system/TWINKLE01.PVM,tp1_minilight2,
SATranslation/system/TWINKLE01.PVM,tp1_panel,
SATranslation/system/TWINKLE01.PVM,tp1_spacewindow,
SATranslation/system/TWINKLE01.PVM,tp1_wall,
SATranslation/system/TWINKLE01.PVM,tp1_wall2,
SATranslation/system/TWINKLE01.PVM,tp2_10,
SATranslation/system/TWINKLE01.PVM,tp2_28,
SATranslation/system/TWINKLE01.PVM,tp2_29,
SATranslation/system/TWINKLE01.PVM,tp2_30,
SATranslation/system/TWINKLE01.PVM,grass,
SATranslation/system/TWINKLE02.PVM,b_window,
SATranslation/system/TWINKLE02.PVM,castle_light,
SATranslation/system/TWINKLE02.PVM,crystal,
SATranslation/system/TWINKLE02.PVM,curser01,
SATranslation/system/TWINKLE02.PVM,m128_tp2_005,
SATranslation/system/TWINKLE02.PVM,m128_tp2_008,
SATranslation/system/TWINKLE02.PVM,m128_tp2_009,
SATranslation/system/TWINKLE02.PVM,m128_tp2_010,
SATranslation/system/TWINKLE02.PVM,m128_tp2_013,
SATranslation/system/TWINKLE02.PVM,m128_tp2_014,
SATranslation/system/TWINKLE02.PVM,m128_tp2_015,
SATranslation/system/TWINKLE02.PVM,m128_tp2_017,
SATranslation/system/TWINKLE02.PVM,m128_tp2_017_light,
SATranslation/system/TWINKLE02.PVM,m128_tp2_021,
SATranslation/system/TWINKLE02.PVM,m128_tp2_022,
SATranslation/system/TWINKLE02.PVM,m128_tp2_025,
SATranslation/system/TWINKLE02.PVM,m128_tp2_028,
SATranslation/system/TWINKLE02.PVM,m128_tp2_tile,
SATranslation/system/TWINKLE02.PVM,m128_tp2_tile2,
SATranslation/system/TWINKLE02.PVM,m128_tp2_tile_y,
SATranslation/system/TWINKLE02.PVM,m256_tp3_001,
SATranslation/system/TWINKLE02.PVM,m32_tp2_004,
SATranslation/system/TWINKLE02.PVM,m32_tp2_005,
SATranslation/system/TWINKLE02.PVM,m32_tp2_006,
SATranslation/system/TWINKLE02.PVM,m32_tp2_circle,
SATranslation/system/TWINKLE02.PVM,m32_tp_co1,
SATranslation/system/TWINKLE02.PVM,m32_tp_co2,
SATranslation/system/TWINKLE02.PVM,m64_tp004,
SATranslation/system/TWINKLE02.PVM,m64_tp2_003,
SATranslation/system/TWINKLE02.PVM,m64_tp2_004,
SATranslation/system/TWINKLE02.PVM,m64_tp2_007,
SATranslation/system/TWINKLE02.PVM,m64_tp2_008,
SATranslation/system/TWINKLE02.PVM,m64_tp2_015,
SATranslation/system/TWINKLE02.PVM,m64_tp2_017,
SATranslation/system/TWINKLE02.PVM,m64_tp2_022,
SATranslation/system/TWINKLE02.PVM,m64_tp2_023,
SATranslation/system/TWINKLE02.PVM,m64_tp2_025,
SATranslation/system/TWINKLE02.PVM,m64_tp2_026,
SATranslation/system/TWINKLE02.PVM,m64_tp2_027,
SATranslation/system/TWINKLE02.PVM,m64_tp2_028,
SATranslation/system/TWINKLE02.PVM,m64_tp2_029,
SATranslation/system/TWINKLE02.PVM,m64_tp2_030,
SATranslation/system/TWINKLE02.PVM,m64_tp2_blue,
SATranslation/system/TWINKLE02.PVM,m64_tp2_tower,
SATranslation/system/TWINKLE02.PVM,m64_tp3_004,
SATranslation/system/TWINKLE02.PVM,mini_star,
SATranslation/system/TWINKLE02.PVM,pool_green,
SATranslation/system/TWINKLE02.PVM,pool_tile,
SATranslation/system/TWINKLE02.PVM,renga_aka2,
SATranslation/system/TWINKLE02.PVM,starwall,
SATranslation/system/TWINKLE02.PVM,stone_tile01,
SATranslation/system/TWINKLE02.PVM,stone_tile02,
SATranslation/system/TWINKLE02.PVM,tp2_10,
SATranslation/system/TWINKLE02.PVM,tp2_11,
SATranslation/system/TWINKLE02.PVM,tp2_16,
SATranslation/system/TWINKLE02.PVM,tp2_20,
SATranslation/system/TWINKLE02.PVM,tp2_20_2,
SATranslation/system/TWINKLE02.PVM,tp2_24,
SATranslation/system/TWINKLE02.PVM,tp2_3,
SATranslation/system/TWINKLE02.PVM,tp2_31,
SATranslation/system/TWINKLE02.PVM,tp2_9,
SATranslation/system/TWINKLE02.PVM,tp2_bigwindow,
SATranslation/system/TWINKLE02.PVM,tp_wall02,
SATranslation/system/TWINKLE02.PVM,los_wt00,
SATranslation/system/TWINKLE02.PVM,los_wt01,
SATranslation/system/TWINKLE02.PVM,los_wt02,
SATranslation/system/TWINKLE02.PVM,los_wt03,
SATranslation/system/TWINKLE02.PVM,los_wt04,
SATranslation/system/TWINKLE02.PVM,los_wt05,
SATranslation/system/TWINKLE02.PVM,los_wt06,
SATranslation/system/TWINKLE02.PVM,los_wt07,
SATranslation/system/TWINKLE02.PVM,los_wt08,
SATranslation/system/TWINKLE02.PVM,los_wt09,
SATranslation/system/TWINKLE02.PVM,los_wt10,
SATranslation/system/TWINKLE02.PVM,los_wt11,
SATranslation/system/TWINKLE02.PVM,los_wt12,
SATranslation/system/TWINKLE02.PVM,los_wt13,
SATranslation/system/TWINKLE03.PVM,castle_light,
SATranslation/system/TWINKLE03.PVM,m128_tp2_008,
SATranslation/system/TWINKLE03.PVM,m128_tp2_017,
SATranslation/system/TWINKLE03.PVM,m128_tp2_side,
SATranslation/system/TWINKLE03.PVM,m128_tp2_tile,
SATranslation/system/TWINKLE03.PVM,m128_tp2_tile2,
SATranslation/system/TWINKLE03.PVM,m128_tp3_003,
SATranslation/system/TWINKLE03.PVM,m128_tp3_004,
SATranslation/system/TWINKLE03.PVM,m128_tp3_005,
SATranslation/system/TWINKLE03.PVM,m128_tp3_006,
SATranslation/system/TWINKLE03.PVM,m128_tp3_007,
SATranslation/system/TWINKLE03.PVM,m128_tp3_009,
SATranslation/system/TWINKLE03.PVM,m128_tp3_009b,
SATranslation/system/TWINKLE03.PVM,m128_tp3_010,
SATranslation/system/TWINKLE03.PVM,m128_tp3_011,
SATranslation/system/TWINKLE03.PVM,m128_tp3_016,
SATranslation/system/TWINKLE03.PVM,m256_tp3_001,
SATranslation/system/TWINKLE03.PVM,m32_tp2_005,
SATranslation/system/TWINKLE03.PVM,m32_tp2_006,
SATranslation/system/TWINKLE03.PVM,m32_tp3_003,
SATranslation/system/TWINKLE03.PVM,m32_tp3_004,
SATranslation/system/TWINKLE03.PVM,m64_tp2_004,
SATranslation/system/TWINKLE03.PVM,m64_tp2_025,
SATranslation/system/TWINKLE03.PVM,m64_tp2_tower,
SATranslation/system/TWINKLE03.PVM,m64_tp3_001,
SATranslation/system/TWINKLE03.PVM,m64_tp3_002,
SATranslation/system/TWINKLE03.PVM,m64_tp3_003,
SATranslation/system/TWINKLE03.PVM,m64_tp3_004,
SATranslation/system/TWINKLE03.PVM,m64_tp3_005,
SATranslation/system/TWINKLE03.PVM,m64_tp3_006,
SATranslation/system/TWINKLE03.PVM,m64_tp3_011,
SATranslation/system/TWINKLE03.PVM,m64_tp3_012,
SATranslation/system/TWINKLE03.PVM,m64_tp3_013,
SATranslation/system/TWINKLE03.PVM,m8_tp3_001,
SATranslation/system/TWINKLE03.PVM,pool_green,
SATranslation/system/TWINKLE03.PVM,renga_aka2,
SATranslation/system/TWINKLE03.PVM,starwall,
SATranslation/system/TWINKLE03.PVM,stone_tile01,
SATranslation/system/TWINKLE03.PVM,stone_tile02,
SATranslation/system/TWINKLE03.PVM,tp_wall02,
SATranslation/system/TWINKLE03.PVM,m128_tp3_021,
SATranslation/system/TX_CHNAM.PVM,tx_sonic,
SATranslation/system/TX_CHNAM.PVM,tx_tails,
SATranslation/system/TX_CHNAM.PVM,tx_knuckles,
SATranslation/system/TX_CHNAM.PVM,tx_amy,
SATranslation/system/TX_CHNAM.PVM,tx_big,
SATranslation/system/TX_CHNAM.PVM,tx_e102,
SATranslation/system/TX_CHNAM.PVM,tx_supersonic,
SATranslation/system/TX_CHNAM_E.PVM,TX_SONIC,
SATranslation/system/TX_CHNAM_E.PVM,TX_TAILS,
SATranslation/system/TX_CHNAM_E.PVM,tx_knuckles,
SATranslation/system/TX_CHNAM_E.PVM,TX_AMY,
SATranslation/system/TX_CHNAM_E.PVM,TX_BIG,
SATranslation/system/TX_CHNAM_E.PVM,TX_E102,
SATranslation/system/TX_CHNAM_E.PVM,tx_supersonic,
SATranslation/system/UNAGI.PVM,f_una01,
SATranslation/system/UNAGI.PVM,f_una05,
SATranslation/system/UNAGI.PVM,f_una04,
SATranslation/system/UNAGI.PVM,f_una02,
SATranslation/system/UNAGI.PVM,bb_kuchi,
SATranslation/system/UNAGI.PVM,f_una03,
SATranslation/system/UNI_A_UNIBODY.PVM,uniboard,
SATranslation/system/UNI_A_UNIBODY.PVM,ene_eye,
SATranslation/system/UNI_A_UNIBODY.PVM,unihead,
SATranslation/system/UNI_C_UNIBODY.PVM,uniboard_c,
SATranslation/system/UNI_C_UNIBODY.PVM,ene_eye,
SATranslation/system/UNI_C_UNIBODY.PVM,unihead,
SATranslation/system/USA.PVM,usa_kao,
SATranslation/system/USA.PVM,usa_karada,
SATranslation/system/USA.PVM,usa_mimi,
SATranslation/system/USA.PVM,usa_parts,
SATranslation/system/UTSUBO.PVM,f_utu04,
SATranslation/system/UTSUBO.PVM,f_utu03,
SATranslation/system/UTSUBO.PVM,f_utu02,
SATranslation/system/UTSUBO.PVM,bb_kuchi,
SATranslation/system/UTSUBO.PVM,sakana_meta,
SATranslation/system/UTSUBO.PVM,f_utu01,
SATranslation/system/VER1_WING.PVM,ld_kounai,
SATranslation/system/VER1_WING.PVM,ld_br_eye,
SATranslation/system/VER1_WING.PVM,ld_houseki,
SATranslation/system/VER1_WING.PVM,ld_kiiro,
SATranslation/system/VER1_WING.PVM,ld_knots,
SATranslation/system/VER1_WING.PVM,ld_blue_a,
SATranslation/system/VER1_WING.PVM,ld_marble,
SATranslation/system/VER1_WING.PVM,ld_mizukaki,
SATranslation/system/VER1_WING.PVM,ld_nawa,
SATranslation/system/VER1_WING.PVM,ld_beye,
SATranslation/system/VER1_WING.PVM,ld_baid,
SATranslation/system/VER1_WING.PVM,ld_munage,
SATranslation/system/VER2_WING.PVM,ld_kounai,
SATranslation/system/VER2_WING.PVM,ld_br_eye,
SATranslation/system/VER2_WING.PVM,ld_houseki,
SATranslation/system/VER2_WING.PVM,ld_kiiro,
SATranslation/system/VER2_WING.PVM,ld_knots,
SATranslation/system/VER2_WING.PVM,ld_blue_a,
SATranslation/system/VER2_WING.PVM,ld_marble,
SATranslation/system/VER2_WING.PVM,ld_mizukaki,
SATranslation/system/VER2_WING.PVM,ld_nawa,
SATranslation/system/VER2_WING.PVM,ld_beye,
SATranslation/system/VER2_WING.PVM,ld_baid,
SATranslation/system/VER2_WING.PVM,ld_munage,
SATranslation/system/VER3_WING.PVM,ld_kounai,
SATranslation/system/VER3_WING.PVM,ld_br_eye,
SATranslation/system/VER3_WING.PVM,ld_houseki,
SATranslation/system/VER3_WING.PVM,ld_kiiro,
SATranslation/system/VER3_WING.PVM,ld_knots,
SATranslation/system/VER3_WING.PVM,ld_blue_a,
SATranslation/system/VER3_WING.PVM,ld_marble,
SATranslation/system/VER3_WING.PVM,ld_mizukaki,
SATranslation/system/VER3_WING.PVM,ld_nawa,
SATranslation/system/VER3_WING.PVM,ld_beye,
SATranslation/system/VER3_WING.PVM,ld_baid,
SATranslation/system/VER3_WING.PVM,ld_munage,
SATranslation/system/VER4_WING.PVM,ld_kounai,
SATranslation/system/VER4_WING.PVM,ld_br_eye,
SATranslation/system/VER4_WING.PVM,ld_houseki,
SATranslation/system/VER4_WING.PVM,ld_kiiro,
SATranslation/system/VER4_WING.PVM,ld_knots,
SATranslation/system/VER4_WING.PVM,ld_blue_a,
SATranslation/system/VER4_WING.PVM,ld_marble,
SATranslation/system/VER4_WING.PVM,ld_mizukaki,
SATranslation/system/VER4_WING.PVM,ld_nawa,
SATranslation/system/VER4_WING.PVM,ld_beye,
SATranslation/system/VER4_WING.PVM,ld_baid,
SATranslation/system/VER4_WING.PVM,ld_munage,
SATranslation/system/WARA.PVM,wara_asi,
SATranslation/system/WARA.PVM,wara_kao,
SATranslation/system/WARA.PVM,wara_karada,
SATranslation/system/WARA.PVM,wara_mimi,
SATranslation/system/WAVE7_WA.PVM,w_wave,
SATranslation/system/WINDY01.PVM,windy1_1,
SATranslation/system/WINDY01.PVM,windy1_10,
SATranslation/system/WINDY01.PVM,windy1_11,
SATranslation/system/WINDY01.PVM,windy1_12,
SATranslation/system/WINDY01.PVM,windy1_13,
SATranslation/system/WINDY01.PVM,windy1_14,
SATranslation/system/WINDY01.PVM,windy1_15,
SATranslation/system/WINDY01.PVM,windy1_16,
SATranslation/system/WINDY01.PVM,windy1_18,
SATranslation/system/WINDY01.PVM,windy1_19,
SATranslation/system/WINDY01.PVM,windy1_20,
SATranslation/system/WINDY01.PVM,windy1_21,
SATranslation/system/WINDY01.PVM,windy1_3,
SATranslation/system/WINDY01.PVM,windy1_4,
SATranslation/system/WINDY01.PVM,windy1_6,
SATranslation/system/WINDY01.PVM,windy1_8,
SATranslation/system/WINDY01.PVM,windy1_9,
SATranslation/system/WINDY01.PVM,windy2_3,
SATranslation/system/WINDY01.PVM,windy2_4,
SATranslation/system/WINDY01.PVM,windy2_5,
SATranslation/system/WINDY01.PVM,windy3_6,
SATranslation/system/WINDY01.PVM,windy1_17,
SATranslation/system/WINDY02.PVM,windy1_1,
SATranslation/system/WINDY02.PVM,windy1_10,
SATranslation/system/WINDY02.PVM,windy1_11,
SATranslation/system/WINDY02.PVM,windy1_12,
SATranslation/system/WINDY02.PVM,windy1_13,
SATranslation/system/WINDY02.PVM,windy1_14,
SATranslation/system/WINDY02.PVM,windy1_16,
SATranslation/system/WINDY02.PVM,windy1_17,
SATranslation/system/WINDY02.PVM,windy1_18,
SATranslation/system/WINDY02.PVM,windy1_19,
SATranslation/system/WINDY02.PVM,windy1_20,
SATranslation/system/WINDY02.PVM,windy1_3,
SATranslation/system/WINDY02.PVM,windy1_4,
SATranslation/system/WINDY02.PVM,windy1_6,
SATranslation/system/WINDY02.PVM,windy1_8,
SATranslation/system/WINDY02.PVM,windy1_9,
SATranslation/system/WINDY02.PVM,windy2_3,
SATranslation/system/WINDY02.PVM,windy2_4,
SATranslation/system/WINDY02.PVM,windy2_5,
SATranslation/system/WINDY02.PVM,windy3_6,
SATranslation/system/WINDY02.PVM,windy2_2,
SATranslation/system/WINDY03.PVM,windy1_1,
SATranslation/system/WINDY03.PVM,windy1_10,
SATranslation/system/WINDY03.PVM,windy1_11,
SATranslation/system/WINDY03.PVM,windy1_12,
SATranslation/system/WINDY03.PVM,windy1_13,
SATranslation/system/WINDY03.PVM,windy1_14,
SATranslation/system/WINDY03.PVM,windy1_15,
SATranslation/system/WINDY03.PVM,windy1_16,
SATranslation/system/WINDY03.PVM,windy1_17,
SATranslation/system/WINDY03.PVM,windy1_18,
SATranslation/system/WINDY03.PVM,windy1_19,
SATranslation/system/WINDY03.PVM,windy1_20,
SATranslation/system/WINDY03.PVM,windy1_21,
SATranslation/system/WINDY03.PVM,windy1_3,
SATranslation/system/WINDY03.PVM,windy1_6,
SATranslation/system/WINDY03.PVM,windy1_8,
SATranslation/system/WINDY03.PVM,windy1_9,
SATranslation/system/WINDY03.PVM,windy2_2,
SATranslation/system/WINDY03.PVM,windy2_3,
SATranslation/system/WINDY03.PVM,windy2_4,
SATranslation/system/WINDY03.PVM,windy2_5,
SATranslation/system/WINDY03.PVM,windy3_1,
SATranslation/system/WINDY03.PVM,windy3_2,
SATranslation/system/WINDY03.PVM,windy3_4,
SATranslation/system/WINDY03.PVM,windy3_5,
SATranslation/system/WINDY03.PVM,windy3_6,
SATranslation/system/WINDY03.PVM,windy3_7,
SATranslation/system/WINDY03.PVM,windy1_4,
SATranslation/system/WINDY_BACK.PVM,s_wt28,
SATranslation/system/WINDY_BACK.PVM,s_wt32,
SATranslation/system/WINDY_BACK.PVM,wv_nbg,
SATranslation/system/WINDY_BACK.PVM,sea,
SATranslation/system/WINDY_BACK.PVM,sw_nbg2,
SATranslation/system/WINDY_BACK.PVM,windsea001,
SATranslation/system/WINDY_BACK2.PVM,windy2_nbg1,
SATranslation/system/WINDY_BACK2.PVM,windy2_nbg5,
SATranslation/system/WINDY_BACK2.PVM,windy2_nbg2,
SATranslation/system/WINDY_BACK3.PVM,sora60,
SATranslation/system/WINDY_BACK3.PVM,sw_nbg2,
SATranslation/system/WINDY_BACK3.PVM,windy3_nbg2,
SATranslation/system/WINDY_E103.PVM,etx_bluck1,
SATranslation/system/WINDY_E103.PVM,etx_yline,
SATranslation/system/WINDY_E103.PVM,etx_red7,
SATranslation/system/WINDY_E103.PVM,etx_right,
SATranslation/system/WINDY_E103.PVM,etx_right1,
SATranslation/system/WINDY_E103.PVM,etx_right3,
SATranslation/system/WINDY_E103.PVM,etx_se,
SATranslation/system/WINDY_E103.PVM,etx_te1,
SATranslation/system/WINDY_E103.PVM,etx_metal2,
SATranslation/system/WINDY_E103.PVM,etx_tiya,
SATranslation/system/WINDY_E103.PVM,etx_yellow0,
SATranslation/system/WINDY_E103.PVM,etx_yellow1,
SATranslation/system/WINDY_E103.PVM,etx_yellow2,
SATranslation/system/WINDY_E103.PVM,etx_asi2,
SATranslation/system/WINDY_E103.PVM,etx_bline,
SATranslation/system/WINDY_E103.PVM,etx_pype1,
SATranslation/system/WINDY_E103.PVM,etx_enn1,
SATranslation/system/WINDY_E103.PVM,etx_enn2,
SATranslation/system/WINDY_E103.PVM,etx_eyes,
SATranslation/system/WINDY_E103.PVM,etx_green,
SATranslation/system/WINDY_E103.PVM,etx_guno,
SATranslation/system/WINDY_E103.PVM,etx_kosi0,
SATranslation/system/WINDY_E103.PVM,etx_line1,
SATranslation/system/WINDY_E103.PVM,03tx_m_yoko,
SATranslation/system/WINDY_E103.PVM,e103tx_103,
SATranslation/system/WINDY_E103.PVM,e103tx_asi1,
SATranslation/system/WINDY_E103.PVM,e103tx_b4,
SATranslation/system/WINDY_E103.PVM,03tx_gun_mae,
SATranslation/system/WINDY_E103.PVM,e103tx_b6,
SATranslation/system/WINDY_E103.PVM,e103tx_b7,
SATranslation/system/WINDY_E103.PVM,e103tx_fun2,
SATranslation/system/WINDY_E103.PVM,03tx_m_mae,
SATranslation/system/WINDY_E103.PVM,03tx_m_usi,
SATranslation/system/WINDY_E103.PVM,03tx_m_usi2,
SATranslation/system/WINDY_E103.PVM,e103_gard2,
SATranslation/system/WINDY_E103.PVM,03tx_gun_ue,
SATranslation/system/WINDY_E103.PVM,03tx_gun_usi,
SATranslation/system/WINDY_E103.PVM,03tx_gun_yoko,
SATranslation/system/WINDY_E103.PVM,03tx_gun_yoko2,
SATranslation/system/WINDY_E103.PVM,03tx_m_yoko2,
SATranslation/system/WINDY_E103.PVM,e103tx_b2,
SATranslation/system/WING_P.PVM,ld_kounai,
SATranslation/system/WING_P.PVM,ld_br_eye,
SATranslation/system/WING_P.PVM,ld_kiiro,
SATranslation/system/WING_P.PVM,ld_mizukaki,
SATranslation/system/WING_P.PVM,ld_beye,
SATranslation/system/WING_P.PVM,ld_munage,
SATranslation/system/WING_P.PVM,ld_pink_a,
SATranslation/system/WING_T.PVM,ld_kounai,
SATranslation/system/WING_T.PVM,ld_br_eye,
SATranslation/system/WING_T.PVM,ld_kiiro,
SATranslation/system/WING_T.PVM,ld_mizukaki,
SATranslation/system/WING_T.PVM,ld_beye,
SATranslation/system/WING_T.PVM,ld_munage,
SATranslation/system/WING_T.PVM,ld_gray_a,
SATranslation/system/YOUGAN_ANIM.PVM,tm128youg01,
SATranslation/system/YOUGAN_ANIM.PVM,tm128youg02,
SATranslation/system/YOUGAN_ANIM.PVM,tm128youg03,
SATranslation/system/YOUGAN_ANIM.PVM,tm128youg04,
SATranslation/system/YOUGAN_ANIM.PVM,tm128youg05,
SATranslation/system/YOUGAN_ANIM.PVM,tm128youg06,
SATranslation/system/YOUGAN_ANIM.PVM,tm128youg07,
SATranslation/system/YOUGAN_ANIM.PVM,tm128youg08,
SATranslation/system/YOUGAN_ANIM.PVM,tm128youg09,
SATranslation/system/YOUGAN_ANIM.PVM,tm128youg10,
SATranslation/system/YOUGAN_ANIM.PVM,tm128youg11,
SATranslation/system/YOUGAN_ANIM.PVM,tm128youg12,
SATranslation/system/ZOU.PVM,zou_hana,
SATranslation/system/ZOU.PVM,zou_kao,
SATranslation/system/ZOU.PVM,zou_mimi,
